date,instrument_type,value_rub_mm,value_usd_mm,num_trades,year,month,quarter
2022-01-03,futures,403719.915071,5434.18745704,1125430.0,2022,1,1
2022-01-03,options,16426.308277,221.10288611500002,19780.0,2022,1,1
2022-01-03,totals,420146.223348,5655.29034316,1145210.0,2022,1,1
2022-01-04,futures,462455.626075,6224.78720727,1309843.0,2022,1,1
2022-01-04,options,16102.220033,216.74056410699998,21444.0,2022,1,1
2022-01-04,totals,478557.846108,6441.527771380001,1331287.0,2022,1,1
2022-01-05,futures,438730.837224,5905.44465026,1211885.0,2022,1,1
2022-01-05,options,18222.895526,245.28547292699997,23142.0,2022,1,1
2022-01-05,totals,456953.73275,6150.730123189999,1235027.0,2022,1,1
2022-01-06,futures,857234.655921,11538.6277492,2438705.0,2022,1,1
2022-01-06,options,38967.73428,524.517035075,50985.0,2022,1,1
2022-01-06,totals,896202.390201,12063.144784299999,2489690.0,2022,1,1
2022-01-07,futures,365993.585149,4926.38008562,990950.0,2022,1,1
2022-01-07,options,14603.317171,196.56489571,20048.0,2022,1,1
2022-01-07,totals,380596.90232,5122.94498133,1010998.0,2022,1,1
2022-01-10,futures,514678.171952,6927.71786089,1375552.0,2022,1,1
2022-01-10,options,18691.06125,251.587119713,24693.0,2022,1,1
2022-01-10,totals,533369.233202,7179.304980600001,1400245.0,2022,1,1
2022-01-11,futures,549991.959813,7320.39104521,1516684.0,2022,1,1
2022-01-11,options,22429.587044,298.537724443,25289.0,2022,1,1
2022-01-11,totals,572421.546857,7618.92876965,1541973.0,2022,1,1
2022-01-12,futures,585049.656758,7817.80915151,1594720.0,2022,1,1
2022-01-12,options,22998.736639,307.32388557599995,29303.0,2022,1,1
2022-01-12,totals,608048.393397,8125.1330370900005,1624023.0,2022,1,1
2022-01-13,futures,855831.994502,11483.408108700001,2376746.0,2022,1,1
2022-01-13,options,47836.057366,641.8560798999999,53765.0,2022,1,1
2022-01-13,totals,903668.051868,12125.2641886,2430511.0,2022,1,1
2022-01-14,futures,1111358.13178,14903.8352842,3357392.0,2022,1,1
2022-01-14,options,53656.949799,719.564934825,63059.0,2022,1,1
2022-01-14,totals,1165015.08158,15623.4002191,3420451.0,2022,1,1
2022-01-17,futures,805496.907772,10631.2647198,2422524.0,2022,1,1
2022-01-17,options,30497.375625,402.516347859,42686.0,2022,1,1
2022-01-17,totals,835994.283397,11033.781067700002,2465210.0,2022,1,1
2022-01-18,futures,904019.788879,11888.677451399999,2919267.0,2022,1,1
2022-01-18,options,38585.297475,507.43154264,45895.0,2022,1,1
2022-01-18,totals,942605.086354,12396.108994100001,2965162.0,2022,1,1
2022-01-19,futures,954513.837702,12504.3242156,3295064.0,2022,1,1
2022-01-19,options,40113.637642,525.496761525,56705.0,2022,1,1
2022-01-19,totals,994627.475344,13029.8209771,3351769.0,2022,1,1
2022-01-20,futures,741761.898256,9649.60053514,2574445.0,2022,1,1
2022-01-20,options,33619.302553,437.354413416,45447.0,2022,1,1
2022-01-20,totals,775381.200809,10086.9549486,2619892.0,2022,1,1
2022-01-21,futures,811696.033133,10618.6229492,2785771.0,2022,1,1
2022-01-21,options,27202.980517,355.869908701,39916.0,2022,1,1
2022-01-21,totals,838899.01365,10974.492857899999,2825687.0,2022,1,1
2022-01-24,futures,1165013.16549,15191.1410634,3989636.0,2022,1,1
2022-01-24,options,38656.41577,504.05873715499996,62317.0,2022,1,1
2022-01-24,totals,1203669.58126,15695.1998005,4051953.0,2022,1,1
2022-01-25,futures,898910.804092,11619.1038067,3107769.0,2022,1,1
2022-01-25,options,22601.752779,292.144794073,35314.0,2022,1,1
2022-01-25,totals,921512.556871,11911.2486007,3143083.0,2022,1,1
2022-01-26,futures,831898.978967,10578.2770442,2566052.0,2022,1,1
2022-01-26,options,20472.177596,260.320509803,33919.0,2022,1,1
2022-01-26,totals,852371.156563,10838.597554,2599971.0,2022,1,1
2022-01-27,futures,1371779.23831,17376.677788200002,4205047.0,2022,1,1
2022-01-27,options,45484.71355,576.166477502,68775.0,2022,1,1
2022-01-27,totals,1417263.95186,17952.8442657,4273822.0,2022,1,1
2022-01-28,futures,842257.081025,10668.63948,2791747.0,2022,1,1
2022-01-28,options,20986.366708,265.828552168,34809.0,2022,1,1
2022-01-28,totals,863243.447733,10934.4680321,2826556.0,2022,1,1
2022-01-31,futures,561938.196851,7221.24096733,1920730.0,2022,1,1
2022-01-31,options,14620.050505,187.876368332,26356.0,2022,1,1
2022-01-31,totals,576558.247356,7409.11733566,1947086.0,2022,1,1
2022-02-01,futures,603273.284892,7787.1657087799995,1807105.0,2022,2,1
2022-02-01,options,20052.60466,258.842815173,30809.0,2022,2,1
2022-02-01,totals,623325.889552,8046.0085239499995,1837914.0,2022,2,1
2022-02-02,futures,664003.462126,8608.86477834,1947707.0,2022,2,1
2022-02-02,options,19253.908242,249.62865702399998,31652.0,2022,2,1
2022-02-02,totals,683257.370368,8858.49343536,1979359.0,2022,2,1
2022-02-03,futures,663852.578786,8679.52470077,1872280.0,2022,2,1
2022-02-03,options,21165.751435,276.73111208899996,33009.0,2022,2,1
2022-02-03,totals,685018.330221,8956.255812860001,1905289.0,2022,2,1
2022-02-04,futures,684653.743059,8932.196344940001,1890649.0,2022,2,1
2022-02-04,options,21903.929333,285.76517621,34981.0,2022,2,1
2022-02-04,totals,706557.672392,9217.96152115,1925630.0,2022,2,1
2022-02-07,futures,519721.021046,6833.85760124,1468633.0,2022,2,1
2022-02-07,options,14213.120715,186.88957941299998,23847.0,2022,2,1
2022-02-07,totals,533934.141761,7020.74718065,1492480.0,2022,2,1
2022-02-08,futures,528036.121192,6977.166158720001,1533097.0,2022,2,1
2022-02-08,options,19749.785734,260.96233029300004,29887.0,2022,2,1
2022-02-08,totals,547785.906926,7238.12848902,1562984.0,2022,2,1
2022-02-09,futures,494391.20797,6565.2541022899995,1465614.0,2022,2,1
2022-02-09,options,22072.938316,293.11696181599996,33428.0,2022,2,1
2022-02-09,totals,516464.146286,6858.37106411,1499042.0,2022,2,1
2022-02-10,futures,655473.594258,8762.840240610001,1770100.0,2022,2,1
2022-02-10,options,28172.133248,376.625244788,37302.0,2022,2,1
2022-02-10,totals,683645.727506,9139.4654854,1807402.0,2022,2,1
2022-02-11,futures,821368.636906,10992.017794899999,2293481.0,2022,2,1
2022-02-11,options,29793.400973,398.712075127,43270.0,2022,2,1
2022-02-11,totals,851162.037879,11390.72987,2336751.0,2022,2,1
2022-02-14,futures,1348283.23224,17980.298269400002,3800303.0,2022,2,1
2022-02-14,options,31941.823655,425.96652013,56639.0,2022,2,1
2022-02-14,totals,1380225.0559,18406.264789599998,3856942.0,2022,2,1
2022-02-15,futures,1105570.40663,14437.5198382,2988843.0,2022,2,1
2022-02-15,options,27894.302118,364.268560179,44630.0,2022,2,1
2022-02-15,totals,1133464.70875,14801.7883983,3033473.0,2022,2,1
2022-02-16,futures,704487.202654,9249.36589363,2181519.0,2022,2,1
2022-02-16,options,21255.274183,279.065123323,35877.0,2022,2,1
2022-02-16,totals,725742.476837,9528.43101695,2217396.0,2022,2,1
2022-02-17,futures,1074715.98957,14326.8530792,3119607.0,2022,2,1
2022-02-17,options,41487.336817,553.060515516,57726.0,2022,2,1
2022-02-17,totals,1116203.32638,14879.913594700001,3177333.0,2022,2,1
2022-02-18,futures,830080.319809,10957.765463299998,2713507.0,2022,2,1
2022-02-18,options,25154.669384,332.063007444,39599.0,2022,2,1
2022-02-18,totals,855234.989193,11289.8284707,2753106.0,2022,2,1
2022-02-21,futures,1503139.47739,19840.3086168,5357097.0,2022,2,1
2022-02-21,options,42062.986689,555.1997334939999,69115.0,2022,2,1
2022-02-21,totals,1545202.46408,20395.5083503,5426212.0,2022,2,1
2022-02-22,futures,1465827.9831,19094.4816608,5720189.0,2022,2,1
2022-02-22,options,33559.011295,437.153563115,53979.0,2022,2,1
2022-02-22,totals,1499386.9944,19531.6352239,5774168.0,2022,2,1
2022-02-23,futures,781997.246955,9723.987582040001,2586247.0,2022,2,1
2022-02-23,options,18377.000136,228.514514358,31794.0,2022,2,1
2022-02-23,totals,800374.247091,9952.5020964,2618041.0,2022,2,1
2022-02-24,futures,726370.429422,9032.278646969999,2418923.0,2022,2,1
2022-02-24,options,24856.86143,309.090361654,32409.0,2022,2,1
2022-02-24,totals,751227.290852,9341.36900862,2451332.0,2022,2,1
2022-02-25,futures,471870.362302,5428.23968929,1980682.0,2022,2,1
2022-02-25,options,14423.069371,165.918192486,18416.0,2022,2,1
2022-02-25,totals,486293.431673,5594.15788177,1999098.0,2022,2,1
2022-02-28,futures,70977.485063,849.536317983,273458.0,2022,2,1
2022-02-28,options,2392.166794,28.6320735142,4182.0,2022,2,1
2022-02-28,totals,73369.651857,878.168391497,277640.0,2022,2,1
2022-03-01,futures,,,,2022,3,1
2022-03-01,options,,,,2022,3,1
2022-03-01,totals,,,,2022,3,1
2022-03-02,futures,39737.700216,433.128748443,25776.0,2022,3,1
2022-03-02,options,7112.011449,77.5187441918,3120.0,2022,3,1
2022-03-02,totals,46849.711665,510.647492635,28896.0,2022,3,1
2022-03-03,futures,10454.144872,101.25207263600001,7522.0,2022,3,1
2022-03-03,options,3273.159579,31.7017025783,1321.0,2022,3,1
2022-03-03,totals,13727.304451,132.953775215,8843.0,2022,3,1
2022-03-04,futures,18779.799549,168.04227363299998,34152.0,2022,3,1
2022-03-04,options,707.99601,6.33517194541,934.0,2022,3,1
2022-03-04,totals,19487.795559,174.37744557800002,35086.0,2022,3,1
2022-03-05,futures,,,,2022,3,1
2022-03-05,options,,,,2022,3,1
2022-03-05,totals,,,,2022,3,1
2022-03-09,futures,104015.612347,983.019120131,232780.0,2022,3,1
2022-03-09,options,2344.949258,22.1613842801,3177.0,2022,3,1
2022-03-09,totals,106360.561605,1005.1805044099999,235957.0,2022,3,1
2022-03-10,futures,81705.406567,703.843026402,254183.0,2022,3,1
2022-03-10,options,2772.322107,23.8818906109,3464.0,2022,3,1
2022-03-10,totals,84477.728674,727.724917013,257647.0,2022,3,1
2022-03-11,futures,91317.2459,758.5843477029999,311637.0,2022,3,1
2022-03-11,options,1984.895698,16.4887890944,3902.0,2022,3,1
2022-03-11,totals,93302.141598,775.073136798,315539.0,2022,3,1
2022-03-14,futures,119894.886076,1026.92197267,379791.0,2022,3,1
2022-03-14,options,2498.812675,21.4027947773,5309.0,2022,3,1
2022-03-14,totals,122393.698751,1048.32476744,385100.0,2022,3,1
2022-03-15,futures,120260.883208,1043.96480797,400376.0,2022,3,1
2022-03-15,options,1201.567413,10.4306076931,3480.0,2022,3,1
2022-03-15,totals,121462.450621,1054.39541566,403856.0,2022,3,1
2022-03-16,futures,127893.751861,1147.21127803,435446.0,2022,3,1
2022-03-16,options,2708.044794,24.2912533559,4678.0,2022,3,1
2022-03-16,totals,130601.796655,1171.50253139,440124.0,2022,3,1
2022-03-17,futures,117552.946616,1087.9283847000002,367255.0,2022,3,1
2022-03-17,options,2492.106896,23.0639376375,3195.0,2022,3,1
2022-03-17,totals,120045.053512,1110.99232233,370450.0,2022,3,1
2022-03-18,futures,93772.017708,894.760915982,368424.0,2022,3,1
2022-03-18,options,1385.931334,13.2243842055,2048.0,2022,3,1
2022-03-18,totals,95157.949042,907.985300187,370472.0,2022,3,1
2022-03-21,futures,93077.320614,895.384047064,368781.0,2022,3,1
2022-03-21,options,888.535079,8.547518662389999,2390.0,2022,3,1
2022-03-21,totals,93965.855693,903.9315657259999,371171.0,2022,3,1
2022-03-22,futures,91407.829099,873.1961217649999,368656.0,2022,3,1
2022-03-22,options,1189.908159,11.366894936000001,2226.0,2022,3,1
2022-03-22,totals,92597.737258,884.5630167009999,370882.0,2022,3,1
2022-03-23,futures,151779.289067,1458.37714731,546914.0,2022,3,1
2022-03-23,options,2890.962661,27.7779261219,4721.0,2022,3,1
2022-03-23,totals,154670.251728,1486.1550734300001,551635.0,2022,3,1
2022-03-24,futures,111102.408382,1076.9723713800001,533012.0,2022,3,1
2022-03-24,options,5400.246962,52.3473510738,6385.0,2022,3,1
2022-03-24,totals,116502.655344,1129.31972246,539397.0,2022,3,1
2022-03-25,futures,156583.035085,1630.29549533,665817.0,2022,3,1
2022-03-25,options,4045.321053,42.118666854800004,6111.0,2022,3,1
2022-03-25,totals,160628.356138,1672.4141621800002,671928.0,2022,3,1
2022-03-28,futures,149123.625512,1558.86284297,661965.0,2022,3,1
2022-03-28,options,8220.399363,85.93189092200001,5891.0,2022,3,1
2022-03-28,totals,157344.024875,1644.7947339,667856.0,2022,3,1
2022-03-29,futures,225270.551794,2403.84742477,1091560.0,2022,3,1
2022-03-29,options,6211.181154,66.2791106202,12579.0,2022,3,1
2022-03-29,totals,231481.732948,2470.12653539,1104139.0,2022,3,1
2022-03-30,futures,162714.250348,1885.79208904,823119.0,2022,3,1
2022-03-30,options,3250.064343,37.666925999300005,5735.0,2022,3,1
2022-03-30,totals,165964.314691,1923.45901504,828854.0,2022,3,1
2022-03-31,futures,134115.653931,1594.99904182,856210.0,2022,3,1
2022-03-31,options,3003.736179,35.7225736664,6380.0,2022,3,1
2022-03-31,totals,137119.39011,1630.72161548,862590.0,2022,3,1
2022-04-01,futures,117368.957652,1407.1379905699998,787210.0,2022,4,2
2022-04-01,options,2297.569828,27.5455951526,5414.0,2022,4,2
2022-04-01,totals,119666.52748,1434.68358572,792624.0,2022,4,2
2022-04-04,futures,132038.295777,1582.6521605599999,854748.0,2022,4,2
2022-04-04,options,2596.631354,31.1240326028,5388.0,2022,4,2
2022-04-04,totals,134634.927131,1613.77619316,860136.0,2022,4,2
2022-04-05,futures,146968.099344,1758.13462511,1074473.0,2022,4,2
2022-04-05,options,3217.801314,38.4935773962,6485.0,2022,4,2
2022-04-05,totals,150185.900658,1796.62820251,1080958.0,2022,4,2
2022-04-06,futures,180035.316674,2159.9399735300003,1190617.0,2022,4,2
2022-04-06,options,4571.62633,54.8472301804,9146.0,2022,4,2
2022-04-06,totals,184606.943004,2214.78720371,1199763.0,2022,4,2
2022-04-07,futures,232663.449928,2816.87837852,1339357.0,2022,4,2
2022-04-07,options,5930.713277,71.8037061875,14135.0,2022,4,2
2022-04-07,totals,238594.163205,2888.6820847100003,1353492.0,2022,4,2
2022-04-08,futures,284055.600512,3725.08973889,1653320.0,2022,4,2
2022-04-08,options,4815.445809,63.1494951655,13298.0,2022,4,2
2022-04-08,totals,288871.046321,3788.23923405,1666618.0,2022,4,2
2022-04-11,futures,223318.576979,2983.5441366,1398915.0,2022,4,2
2022-04-11,options,3357.768847,44.8599113027,9600.0,2022,4,2
2022-04-11,totals,226676.345826,3028.4040479,1408515.0,2022,4,2
2022-04-12,futures,164102.267471,2073.05579451,1100106.0,2022,4,2
2022-04-12,options,3320.931735,41.9523561893,8145.0,2022,4,2
2022-04-12,totals,167423.199206,2115.0081507,1108251.0,2022,4,2
2022-04-13,futures,129028.429145,1620.40238844,843614.0,2022,4,2
2022-04-13,options,2763.033002,34.6995255653,6218.0,2022,4,2
2022-04-13,totals,131791.462147,1655.101914,849832.0,2022,4,2
2022-04-14,futures,212101.145474,2656.34125064,1178464.0,2022,4,2
2022-04-14,options,5085.271259,63.6876136892,13190.0,2022,4,2
2022-04-14,totals,217186.416733,2720.02886433,1191654.0,2022,4,2
2022-04-15,futures,159733.225661,1965.0283640999999,976969.0,2022,4,2
2022-04-15,options,3322.614779,40.8746036192,8376.0,2022,4,2
2022-04-15,totals,163055.84044,2005.90296772,985345.0,2022,4,2
2022-04-18,futures,195620.11009,2443.9163868,1163194.0,2022,4,2
2022-04-18,options,2834.72182,35.4146774824,7153.0,2022,4,2
2022-04-18,totals,198454.83191,2479.33106428,1170347.0,2022,4,2
2022-04-19,futures,186021.286981,2341.27749876,1219436.0,2022,4,2
2022-04-19,options,3971.161289,49.981325905,9601.0,2022,4,2
2022-04-19,totals,189992.44827,2391.25882466,1229037.0,2022,4,2
2022-04-20,futures,219681.364314,2779.7668987800002,1361191.0,2022,4,2
2022-04-20,options,4411.569942,55.8223777185,12775.0,2022,4,2
2022-04-20,totals,224092.934256,2835.5892765,1373966.0,2022,4,2
2022-04-21,futures,244730.602731,3174.9837214,1364148.0,2022,4,2
2022-04-21,options,6717.131578,87.1439173388,18771.0,2022,4,2
2022-04-21,totals,251447.734309,3262.12763874,1382919.0,2022,4,2
2022-04-22,futures,229757.899072,3063.47950069,1333978.0,2022,4,2
2022-04-22,options,4022.198612,53.630029893700005,12647.0,2022,4,2
2022-04-22,totals,233780.097684,3117.10953058,1346625.0,2022,4,2
2022-04-25,futures,201551.433337,2742.00984065,1165085.0,2022,4,2
2022-04-25,options,3393.470889,46.166531378799995,9262.0,2022,4,2
2022-04-25,totals,204944.904226,2788.17637203,1174347.0,2022,4,2
2022-04-26,futures,205767.962756,2804.86474107,1270189.0,2022,4,2
2022-04-26,options,4031.011865,54.9475384775,10216.0,2022,4,2
2022-04-26,totals,209798.974621,2859.8122795500003,1280405.0,2022,4,2
2022-04-27,futures,168993.873187,2324.2529207199996,1179692.0,2022,4,2
2022-04-27,options,,,,2022,4,2
2022-04-27,totals,168993.873187,2324.2529207199996,1179692.0,2022,4,2
2022-04-28,futures,190608.05179,2615.49763421,1345820.0,2022,4,2
2022-04-28,options,5859.94879,80.4094163543,15493.0,2022,4,2
2022-04-28,totals,196468.00058,2695.90705057,1361313.0,2022,4,2
2022-04-29,futures,233747.689227,3233.23492989,1436278.0,2022,4,2
2022-04-29,options,4331.568626,59.9149408883,12101.0,2022,4,2
2022-04-29,totals,238079.257853,3293.14987078,1448379.0,2022,4,2
2022-05-04,futures,225818.865675,3179.48608246,1437794.0,2022,5,2
2022-05-04,options,4378.507043,61.6485348271,14633.0,2022,5,2
2022-05-04,totals,230197.372718,3241.13461729,1452427.0,2022,5,2
2022-05-05,futures,181068.456412,2608.4541951700003,1129127.0,2022,5,2
2022-05-05,options,5956.358552,85.806709577,14663.0,2022,5,2
2022-05-05,totals,187024.814964,2694.26090475,1143790.0,2022,5,2
2022-05-06,futures,238135.914456,3595.16642244,1387885.0,2022,5,2
2022-05-06,options,4146.107834,62.5942865554,11276.0,2022,5,2
2022-05-06,totals,242282.02229,3657.76070899,1399161.0,2022,5,2
2022-05-11,futures,263942.987623,3916.9804779899996,1475366.0,2022,5,2
2022-05-11,options,4623.16176,68.60888604620001,11936.0,2022,5,2
2022-05-11,totals,268566.149383,3985.58936404,1487302.0,2022,5,2
2022-05-12,futures,270107.250961,3923.7589642,1525104.0,2022,5,2
2022-05-12,options,8810.779621,127.991290114,19008.0,2022,5,2
2022-05-12,totals,278918.030582,4051.7502543200003,1544112.0,2022,5,2
2022-05-13,futures,299398.600263,4550.711645,1743936.0,2022,5,2
2022-05-13,options,5495.121454,83.52314663269999,14595.0,2022,5,2
2022-05-13,totals,304893.721717,4634.2347916300005,1758531.0,2022,5,2
2022-05-16,futures,256753.583768,4025.6191020700003,1426024.0,2022,5,2
2022-05-16,options,4406.801085,69.0938851425,12358.0,2022,5,2
2022-05-16,totals,261160.384853,4094.71298721,1438382.0,2022,5,2
2022-05-17,futures,223295.943939,3519.54769821,1341501.0,2022,5,2
2022-05-17,options,4263.564391,67.2014814681,10955.0,2022,5,2
2022-05-17,totals,227559.50833,3586.74917968,1352456.0,2022,5,2
2022-05-18,futures,202576.547027,3188.03305846,1292856.0,2022,5,2
2022-05-18,options,3344.440091,52.6328725048,11695.0,2022,5,2
2022-05-18,totals,205920.987118,3240.66593096,1304551.0,2022,5,2
2022-05-19,futures,236558.512839,3721.56246256,1424714.0,2022,5,2
2022-05-19,options,7770.385918,122.244497587,18023.0,2022,5,2
2022-05-19,totals,244328.898757,3843.80696015,1442737.0,2022,5,2
2022-05-20,futures,415726.45536,6661.9519761,2198621.0,2022,5,2
2022-05-20,options,8324.032277,133.391326344,23136.0,2022,5,2
2022-05-20,totals,424050.487637,6795.34330245,2221757.0,2022,5,2
2022-05-23,futures,281465.498064,4779.82104575,1686805.0,2022,5,2
2022-05-23,options,4611.988833,78.3203676413,12964.0,2022,5,2
2022-05-23,totals,286077.486897,4858.141413390001,1699769.0,2022,5,2
2022-05-24,futures,258153.477726,4434.96380654,1695254.0,2022,5,2
2022-05-24,options,4405.855486,75.6906697109,13492.0,2022,5,2
2022-05-24,totals,262559.333212,4510.654476260001,1708746.0,2022,5,2
2022-05-25,futures,345160.338125,6058.739632520001,2081429.0,2022,5,2
2022-05-25,options,6582.200222,115.54003444,19168.0,2022,5,2
2022-05-25,totals,351742.538347,6174.27966696,2100597.0,2022,5,2
2022-05-26,futures,472607.142344,8394.50266688,2697468.0,2022,5,2
2022-05-26,options,12857.810583,228.381917154,35807.0,2022,5,2
2022-05-26,totals,485464.952927,8622.88458403,2733275.0,2022,5,2
2022-05-27,futures,502522.559154,8098.73664017,2448381.0,2022,5,2
2022-05-27,options,7804.122539,125.772529013,21144.0,2022,5,2
2022-05-27,totals,510326.681693,8224.50916918,2469525.0,2022,5,2
2022-05-30,futures,426476.245422,6422.55451828,2420666.0,2022,5,2
2022-05-30,options,7767.480517,116.975019419,19608.0,2022,5,2
2022-05-30,totals,434243.725939,6539.5295377,2440274.0,2022,5,2
2022-05-31,futures,343308.039368,5440.913496859999,2056409.0,2022,5,2
2022-05-31,options,4233.152525,67.0890689013,12671.0,2022,5,2
2022-05-31,totals,347541.191893,5508.00256576,2069080.0,2022,5,2
2022-06-01,futures,210167.567845,3411.42904196,1331016.0,2022,6,2
2022-06-01,options,4310.809719,69.9728393897,10728.0,2022,6,2
2022-06-01,totals,214478.377564,3481.4018813499997,1341744.0,2022,6,2
2022-06-02,futures,221372.039844,3601.10877152,1296838.0,2022,6,2
2022-06-02,options,7786.011702,126.656803881,14865.0,2022,6,2
2022-06-02,totals,229158.051546,3727.7655754,1311703.0,2022,6,2
2022-06-03,futures,293966.089101,4774.11431752,1744022.0,2022,6,2
2022-06-03,options,5407.533318,87.8202731303,14233.0,2022,6,2
2022-06-03,totals,299373.622419,4861.934590649999,1758255.0,2022,6,2
2022-06-06,futures,232776.994206,3756.53374204,1436081.0,2022,6,2
2022-06-06,options,2779.517414,44.8555966104,9101.0,2022,6,2
2022-06-06,totals,235556.51162,3801.38933865,1445182.0,2022,6,2
2022-06-07,futures,204226.800196,3341.98666974,1223327.0,2022,6,2
2022-06-07,options,2941.896657,48.1414750758,9543.0,2022,6,2
2022-06-07,totals,207168.696853,3390.12814482,1232870.0,2022,6,2
2022-06-08,futures,288704.725526,4736.24183682,1661894.0,2022,6,2
2022-06-08,options,5549.85367,91.0461340464,17272.0,2022,6,2
2022-06-08,totals,294254.579196,4827.287970859999,1679166.0,2022,6,2
2022-06-09,futures,342013.853254,5678.633152810001,1974463.0,2022,6,2
2022-06-09,options,9290.290263,154.251501174,26486.0,2022,6,2
2022-06-09,totals,351304.143517,5832.88465398,2000949.0,2022,6,2
2022-06-10,futures,370029.293257,6337.25743939,2222248.0,2022,6,2
2022-06-10,options,8141.66799,139.43719316,22398.0,2022,6,2
2022-06-10,totals,378170.961247,6476.69463255,2244646.0,2022,6,2
2022-06-14,futures,322343.843397,5579.00660108,1755660.0,2022,6,2
2022-06-14,options,6345.359855,109.823113555,16299.0,2022,6,2
2022-06-14,totals,328689.203252,5688.82971463,1771959.0,2022,6,2
2022-06-15,futures,213056.40292,3731.76914206,1173131.0,2022,6,2
2022-06-15,options,5886.364503,103.102057062,11482.0,2022,6,2
2022-06-15,totals,218942.767423,3834.87119912,1184613.0,2022,6,2
2022-06-16,futures,243650.44726,4300.03754271,1356567.0,2022,6,2
2022-06-16,options,8073.149883,142.478078638,16251.0,2022,6,2
2022-06-16,totals,251723.597143,4442.51562135,1372818.0,2022,6,2
2022-06-17,futures,182733.949614,3213.2379379,1072201.0,2022,6,2
2022-06-17,options,3125.888182,54.9663733381,9545.0,2022,6,2
2022-06-17,totals,185859.837796,3268.20431123,1081746.0,2022,6,2
2022-06-20,futures,179482.027943,3164.9040989699997,1070285.0,2022,6,2
2022-06-20,options,4124.816518,72.7351303912,10775.0,2022,6,2
2022-06-20,totals,183606.844461,3237.63922936,1081060.0,2022,6,2
2022-06-21,futures,197323.260762,3512.79644315,1065792.0,2022,6,2
2022-06-21,options,4327.113832,77.0323276609,11617.0,2022,6,2
2022-06-21,totals,201650.374594,3589.82877081,1077409.0,2022,6,2
2022-06-22,futures,189014.898894,3454.9709986999997,1060009.0,2022,6,2
2022-06-22,options,5177.160428,94.6324297133,14067.0,2022,6,2
2022-06-22,totals,194192.059322,3549.6034284099997,1074076.0,2022,6,2
2022-06-23,futures,202687.284722,3804.27646122,1160323.0,2022,6,2
2022-06-23,options,5967.013333,111.99601592,15744.0,2022,6,2
2022-06-23,totals,208654.298055,3916.27247714,1176067.0,2022,6,2
2022-06-24,futures,150584.646024,2822.16744364,914310.0,2022,6,2
2022-06-24,options,3407.230421,63.856276326999996,9830.0,2022,6,2
2022-06-24,totals,153991.876445,2886.02371996,924140.0,2022,6,2
2022-06-27,futures,184077.080704,3452.08821463,1044720.0,2022,6,2
2022-06-27,options,4101.549945,76.9183875184,12430.0,2022,6,2
2022-06-27,totals,188178.630649,3529.00660215,1057150.0,2022,6,2
2022-06-28,futures,192637.445909,3609.8696672300002,1012344.0,2022,6,2
2022-06-28,options,6164.915203,115.525516274,15651.0,2022,6,2
2022-06-28,totals,198802.361112,3725.3951835,1027995.0,2022,6,2
2022-06-29,futures,405799.241303,7660.94029445,2037102.0,2022,6,2
2022-06-29,options,8249.427471,155.738022367,23401.0,2022,6,2
2022-06-29,totals,414048.668774,7816.67831682,2060503.0,2022,6,2
2022-06-30,futures,332933.662996,6507.94915743,2025634.0,2022,6,2
2022-06-30,options,9842.228811,192.388850444,25085.0,2022,6,2
2022-06-30,totals,342775.891807,6700.33800788,2050719.0,2022,6,2
2022-07-01,futures,403580.143769,7685.440244840001,2130262.0,2022,7,3
2022-07-01,options,7780.461604,148.16455580899998,20882.0,2022,7,3
2022-07-01,totals,411360.605373,7833.60480065,2151144.0,2022,7,3
2022-07-04,futures,257766.366404,4794.083544810001,1543155.0,2022,7,3
2022-07-04,options,4599.224368,85.5389559512,10750.0,2022,7,3
2022-07-04,totals,262365.590772,4879.622500760001,1553905.0,2022,7,3
2022-07-05,futures,440201.099306,7991.19009447,2254208.0,2022,7,3
2022-07-05,options,10427.405703,189.293896122,25078.0,2022,7,3
2022-07-05,totals,450628.505009,8180.48399059,2279286.0,2022,7,3
2022-07-06,futures,416889.292917,7124.87554505,2047436.0,2022,7,3
2022-07-06,options,8334.572374,142.442590623,18327.0,2022,7,3
2022-07-06,totals,425223.865291,7267.3181356800005,2065763.0,2022,7,3
2022-07-07,futures,281335.289324,4471.95703969,1550449.0,2022,7,3
2022-07-07,options,6663.564142,105.92049310899999,16314.0,2022,7,3
2022-07-07,totals,287998.853466,4577.8775328,1566763.0,2022,7,3
2022-07-08,futures,237879.394925,3767.33010981,1303890.0,2022,7,3
2022-07-08,options,3700.653954,58.6077876619,10053.0,2022,7,3
2022-07-08,totals,241580.048879,3825.93789748,1313943.0,2022,7,3
2022-07-11,futures,307893.451496,5025.486261569999,1676842.0,2022,7,3
2022-07-11,options,5352.444892,87.3634633665,13977.0,2022,7,3
2022-07-11,totals,313245.896388,5112.84972494,1690819.0,2022,7,3
2022-07-12,futures,314907.223664,5136.77174863,1920320.0,2022,7,3
2022-07-12,options,5881.03637,95.9315608153,15873.0,2022,7,3
2022-07-12,totals,320788.260034,5232.70330945,1936193.0,2022,7,3
2022-07-13,futures,293220.385496,4982.15732627,1772816.0,2022,7,3
2022-07-13,options,5129.921408,87.16336513510001,16073.0,2022,7,3
2022-07-13,totals,298350.306904,5069.320691399999,1788889.0,2022,7,3
2022-07-14,futures,247402.103329,4226.769254,1454872.0,2022,7,3
2022-07-14,options,7626.660405,130.298543451,19751.0,2022,7,3
2022-07-14,totals,255028.763734,4357.0677974499995,1474623.0,2022,7,3
2022-07-15,futures,256575.133377,4404.20918034,1627664.0,2022,7,3
2022-07-15,options,4650.829263,79.8332428661,14043.0,2022,7,3
2022-07-15,totals,261225.96264,4484.0424232,1641707.0,2022,7,3
2022-07-18,futures,175667.604449,3037.53446515,1105853.0,2022,7,3
2022-07-18,options,3081.396994,53.281591671099996,9995.0,2022,7,3
2022-07-18,totals,178749.001443,3090.81605682,1115848.0,2022,7,3
2022-07-19,futures,214568.590796,3793.5382096,1313971.0,2022,7,3
2022-07-19,options,4843.630624,85.634611185,14507.0,2022,7,3
2022-07-19,totals,219412.22142,3879.17282078,1328478.0,2022,7,3
2022-07-20,futures,195020.815277,3517.88183482,1266237.0,2022,7,3
2022-07-20,options,4616.37161,83.2723922651,14008.0,2022,7,3
2022-07-20,totals,199637.186887,3601.15422709,1280245.0,2022,7,3
2022-07-21,futures,363266.191599,6623.01098102,2083613.0,2022,7,3
2022-07-21,options,10927.253129,199.223927631,31429.0,2022,7,3
2022-07-21,totals,374193.444728,6822.23490865,2115042.0,2022,7,3
2022-07-22,futures,297964.443542,5275.73322041,1746936.0,2022,7,3
2022-07-22,options,5109.139738,90.4619958108,14907.0,2022,7,3
2022-07-22,totals,303073.58328,5366.1952162200005,1761843.0,2022,7,3
2022-07-25,futures,227483.048289,3963.6924553400004,1341299.0,2022,7,3
2022-07-25,options,3022.760966,52.6689567655,8290.0,2022,7,3
2022-07-25,totals,230505.809255,4016.3614121,1349589.0,2022,7,3
2022-07-26,futures,291942.870278,5052.47940587,1640605.0,2022,7,3
2022-07-26,options,6722.453927,116.341460885,13465.0,2022,7,3
2022-07-26,totals,298665.324205,5168.82086676,1654070.0,2022,7,3
2022-07-27,futures,349340.277396,5955.28980142,1841218.0,2022,7,3
2022-07-27,options,6607.053395,112.63206749,16640.0,2022,7,3
2022-07-27,totals,355947.330791,6067.92186891,1857858.0,2022,7,3
2022-07-28,futures,360450.778476,5985.5857786999995,1538126.0,2022,7,3
2022-07-28,options,8021.194007,133.198615854,20955.0,2022,7,3
2022-07-28,totals,368471.972483,6118.78439455,1559081.0,2022,7,3
2022-07-29,futures,285185.910039,4737.0635405699995,1445004.0,2022,7,3
2022-07-29,options,4100.753491,68.1153211546,12125.0,2022,7,3
2022-07-29,totals,289286.66353,4805.17886172,1457129.0,2022,7,3
2022-08-01,futures,340882.139655,5559.96711235,1706305.0,2022,8,3
2022-08-01,options,7332.804757,119.601905021,19418.0,2022,8,3
2022-08-01,totals,348214.944412,5679.5690173699995,1725723.0,2022,8,3
2022-08-02,futures,267599.990017,4312.60922565,1411558.0,2022,8,3
2022-08-02,options,4597.38486,74.0909009744,12639.0,2022,8,3
2022-08-02,totals,272197.374877,4386.7001266199995,1424197.0,2022,8,3
2022-08-03,futures,227303.067655,3778.3403727600003,1085009.0,2022,8,3
2022-08-03,options,6462.205188,107.41786730300001,9682.0,2022,8,3
2022-08-03,totals,233765.272843,3885.75824006,1094691.0,2022,8,3
2022-08-04,futures,188644.015149,3131.67592142,988460.0,2022,8,3
2022-08-04,options,5640.264142,93.63392414020001,13797.0,2022,8,3
2022-08-04,totals,194284.279291,3225.3098455599998,1002257.0,2022,8,3
2022-08-05,futures,223719.851658,3712.69958608,1150616.0,2022,8,3
2022-08-05,options,4427.701135,73.4790589631,12228.0,2022,8,3
2022-08-05,totals,228147.552793,3786.17864504,1162844.0,2022,8,3
2022-08-08,futures,237680.117996,3937.08286946,1194523.0,2022,8,3
2022-08-08,options,4307.263248,71.34821579070001,12908.0,2022,8,3
2022-08-08,totals,241987.381244,4008.43108525,1207431.0,2022,8,3
2022-08-09,futures,175782.694527,2914.34327193,993520.0,2022,8,3
2022-08-09,options,3725.26349,61.7620330457,10870.0,2022,8,3
2022-08-09,totals,179507.958017,2976.10530498,1004390.0,2022,8,3
2022-08-10,futures,172486.014689,2856.60840406,920909.0,2022,8,3
2022-08-10,options,3919.307894,64.9091921353,10530.0,2022,8,3
2022-08-10,totals,176405.322583,2921.5175962,931439.0,2022,8,3
2022-08-11,futures,161884.354919,2677.8016236900003,863878.0,2022,8,3
2022-08-11,options,4731.312109,78.2627527781,13055.0,2022,8,3
2022-08-11,totals,166615.667028,2756.06437647,876933.0,2022,8,3
2022-08-12,futures,243458.276331,4015.94572894,1142068.0,2022,8,3
2022-08-12,options,4343.248019,71.6436861153,12400.0,2022,8,3
2022-08-12,totals,247801.52435,4087.5894150599997,1154468.0,2022,8,3
2022-08-15,futures,203712.872654,3345.077409,1007726.0,2022,8,3
2022-08-15,options,4280.558601,70.2891264924,13024.0,2022,8,3
2022-08-15,totals,207993.431255,3415.36653549,1020750.0,2022,8,3
2022-08-16,futures,164985.019085,2688.16009015,929732.0,2022,8,3
2022-08-16,options,3955.47695,64.4480046338,11339.0,2022,8,3
2022-08-16,totals,168940.496035,2752.60809478,941071.0,2022,8,3
2022-08-17,futures,195899.809581,3189.26766563,1090534.0,2022,8,3
2022-08-17,options,6071.793257,98.8493758537,15988.0,2022,8,3
2022-08-17,totals,201971.602838,3288.11704148,1106522.0,2022,8,3
2022-08-18,futures,215429.944591,3545.8684127600004,1147915.0,2022,8,3
2022-08-18,options,7616.698394,125.367020337,20972.0,2022,8,3
2022-08-18,totals,223046.642985,3671.2354330999997,1168887.0,2022,8,3
2022-08-19,futures,180264.896493,3006.5696498,1000418.0,2022,8,3
2022-08-19,options,4081.695954,68.0770544557,12621.0,2022,8,3
2022-08-19,totals,184346.592447,3074.64670425,1013039.0,2022,8,3
2022-08-22,futures,222762.971771,3767.20887252,1176535.0,2022,8,3
2022-08-22,options,4154.454729,70.2571822919,13889.0,2022,8,3
2022-08-22,totals,226917.4265,3837.46605482,1190424.0,2022,8,3
2022-08-23,futures,168749.93254,2824.6495766,964923.0,2022,8,3
2022-08-23,options,3665.33512,61.352838125299996,10358.0,2022,8,3
2022-08-23,totals,172415.26766,2886.0024147199997,975281.0,2022,8,3
2022-08-24,futures,138958.982475,2319.99276207,772157.0,2022,8,3
2022-08-24,options,3564.57447,59.512431819700005,8634.0,2022,8,3
2022-08-24,totals,142523.556945,2379.5051938899996,780791.0,2022,8,3
2022-08-25,futures,209642.065645,3494.1858421399997,1029810.0,2022,8,3
2022-08-25,options,6662.504884,111.046560084,15442.0,2022,8,3
2022-08-25,totals,216304.570529,3605.2324022199996,1045252.0,2022,8,3
2022-08-26,futures,168537.731244,2819.77602847,911625.0,2022,8,3
2022-08-26,options,4250.573276,71.11561632189999,9040.0,2022,8,3
2022-08-26,totals,172788.30452,2890.89164479,920665.0,2022,8,3
2022-08-29,futures,157185.646822,2615.7325522399997,887020.0,2022,8,3
2022-08-29,options,3360.128111,55.9160245056,8481.0,2022,8,3
2022-08-29,totals,160545.774933,2671.64857674,895501.0,2022,8,3
2022-08-30,futures,184933.427082,3063.65801712,1018886.0,2022,8,3
2022-08-30,options,4472.900557,74.0993008535,9990.0,2022,8,3
2022-08-30,totals,189406.327639,3137.75731797,1028876.0,2022,8,3
2022-08-31,futures,237367.280359,3932.024582,1374800.0,2022,8,3
2022-08-31,options,8681.813988,143.81555017,21514.0,2022,8,3
2022-08-31,totals,246049.094347,4075.8401321700003,1396314.0,2022,8,3
2022-09-01,futures,160507.058478,2664.5217265700003,969780.0,2022,9,3
2022-09-01,options,5786.180842,96.0543711507,14359.0,2022,9,3
2022-09-01,totals,166293.23932,2760.57609772,984139.0,2022,9,3
2022-09-02,futures,147351.441694,2446.1948917399995,920049.0,2022,9,3
2022-09-02,options,5145.14024,85.4149482876,12360.0,2022,9,3
2022-09-02,totals,152496.581934,2531.60984003,932409.0,2022,9,3
2022-09-05,futures,214257.846304,3549.00169955,1214756.0,2022,9,3
2022-09-05,options,5833.706884,96.6304665296,13672.0,2022,9,3
2022-09-05,totals,220091.553188,3645.63216608,1228428.0,2022,9,3
2022-09-06,futures,157166.740857,2580.59482585,1009107.0,2022,9,3
2022-09-06,options,8342.376574,136.97741459,12361.0,2022,9,3
2022-09-06,totals,165509.117431,2717.57224044,1021468.0,2022,9,3
2022-09-07,futures,168569.337925,2770.04354533,1016732.0,2022,9,3
2022-09-07,options,4139.684093,68.0260440165,10602.0,2022,9,3
2022-09-07,totals,172709.022018,2838.06958935,1027334.0,2022,9,3
2022-09-08,futures,159021.84425,2599.18609659,925079.0,2022,9,3
2022-09-08,options,6340.849731,103.640154214,13169.0,2022,9,3
2022-09-08,totals,165362.693981,2702.8262508000003,938248.0,2022,9,3
2022-09-09,futures,146188.175398,2404.37123399,774538.0,2022,9,3
2022-09-09,options,6524.459929,107.308431259,10009.0,2022,9,3
2022-09-09,totals,152712.635327,2511.67966525,784547.0,2022,9,3
2022-09-12,futures,149041.756843,2464.7385933299997,897833.0,2022,9,3
2022-09-12,options,6274.511529,103.763073164,9146.0,2022,9,3
2022-09-12,totals,155316.268372,2568.50166649,906979.0,2022,9,3
2022-09-13,futures,192417.15195,3182.72141347,1073397.0,2022,9,3
2022-09-13,options,4732.90593,78.2857499901,11025.0,2022,9,3
2022-09-13,totals,197150.05788,3261.00716346,1084422.0,2022,9,3
2022-09-14,futures,185772.328866,3092.72101542,1070152.0,2022,9,3
2022-09-14,options,3759.995248,62.5960625695,10140.0,2022,9,3
2022-09-14,totals,189532.324114,3155.3170779899997,1080292.0,2022,9,3
2022-09-15,futures,243018.68708,4065.55048975,1232997.0,2022,9,3
2022-09-15,options,9437.805397,157.88857562799998,15494.0,2022,9,3
2022-09-15,totals,252456.492477,4223.43906538,1248491.0,2022,9,3
2022-09-16,futures,182923.362142,3065.77351272,992178.0,2022,9,3
2022-09-16,options,7301.874796,122.37854192399999,12243.0,2022,9,3
2022-09-16,totals,190225.236938,3188.1520546399997,1004421.0,2022,9,3
2022-09-19,futures,137096.574662,2283.74014123,766710.0,2022,9,3
2022-09-19,options,4478.155712,74.5966409691,10356.0,2022,9,3
2022-09-19,totals,141574.730374,2358.33678219,777066.0,2022,9,3
2022-09-20,futures,270800.226712,4500.86970279,1444115.0,2022,9,3
2022-09-20,options,9639.694112,160.217765323,24359.0,2022,9,3
2022-09-20,totals,280439.920824,4661.0874681099995,1468474.0,2022,9,3
2022-09-21,futures,305452.984211,5089.54282391,1834590.0,2022,9,3
2022-09-21,options,8629.368521,143.784945314,25445.0,2022,9,3
2022-09-21,totals,314082.352732,5233.32776922,1860035.0,2022,9,3
2022-09-22,futures,214598.977321,3525.6163257,1282896.0,2022,9,3
2022-09-22,options,7695.277048,126.42462107700001,22334.0,2022,9,3
2022-09-22,totals,222294.254369,3652.04094678,1305230.0,2022,9,3
2022-09-23,futures,279958.186225,4679.08681044,1561814.0,2022,9,3
2022-09-23,options,9367.517333,156.564190497,23952.0,2022,9,3
2022-09-23,totals,289325.703558,4835.65100094,1585766.0,2022,9,3
2022-09-26,futures,203651.478098,3505.15275398,1390911.0,2022,9,3
2022-09-26,options,5645.346018,97.16502098090001,19475.0,2022,9,3
2022-09-26,totals,209296.824116,3602.31777496,1410386.0,2022,9,3
2022-09-27,futures,164413.043383,2834.75651965,1141274.0,2022,9,3
2022-09-27,options,4800.711037,82.77230705699999,14120.0,2022,9,3
2022-09-27,totals,169213.75442,2917.5288266999996,1155394.0,2022,9,3
2022-09-28,futures,202808.320892,3486.14059661,1284366.0,2022,9,3
2022-09-28,options,5743.530213,98.72747703499999,15356.0,2022,9,3
2022-09-28,totals,208551.851105,3584.8680736399997,1299722.0,2022,9,3
2022-09-29,futures,224430.769017,3839.80374205,1402873.0,2022,9,3
2022-09-29,options,8455.156485,144.65993969,24137.0,2022,9,3
2022-09-29,totals,232885.925502,3984.4636817399996,1427010.0,2022,9,3
2022-09-30,futures,396040.224057,6898.09318546,2570151.0,2022,9,3
2022-09-30,options,8449.961704,147.178543257,29036.0,2022,9,3
2022-09-30,totals,404490.185761,7045.27172872,2599187.0,2022,9,3
2022-10-03,futures,215568.697608,3898.25977117,1340818.0,2022,10,4
2022-10-03,options,4722.083588,85.39230737790001,14455.0,2022,10,4
2022-10-03,totals,220290.781196,3983.65207855,1355273.0,2022,10,4
2022-10-04,futures,166705.164558,2895.8761457699998,1112036.0,2022,10,4
2022-10-04,options,3764.835489,65.3998771679,12537.0,2022,10,4
2022-10-04,totals,170470.000047,2961.27602294,1124573.0,2022,10,4
2022-10-05,futures,190015.45896,3232.03363355,1251333.0,2022,10,4
2022-10-05,options,5052.397076,85.9378356321,15215.0,2022,10,4
2022-10-05,totals,195067.856036,3317.97146918,1266548.0,2022,10,4
2022-10-06,futures,153361.110514,2581.64999022,958020.0,2022,10,4
2022-10-06,options,4704.316948,79.1915222972,13799.0,2022,10,4
2022-10-06,totals,158065.427462,2660.84151252,971819.0,2022,10,4
2022-10-07,futures,200208.749193,3322.7792820500003,1181706.0,2022,10,4
2022-10-07,options,5447.621679,90.411855248,15358.0,2022,10,4
2022-10-07,totals,205656.370872,3413.1911373000003,1197064.0,2022,10,4
2022-10-10,futures,200671.514409,3276.4033537532146,1450691.0,2022,10,4
2022-10-10,options,5636.4743,92.02782644189558,21066.0,2022,10,4
2022-10-10,totals,206307.988709,3368.43118019511,1471757.0,2022,10,4
2022-10-11,futures,211063.724288,3387.1756962155323,1314279.0,2022,10,4
2022-10-11,options,5215.811474,83.7039615422884,16285.0,2022,10,4
2022-10-11,totals,216279.535762,3470.8796577578205,1330564.0,2022,10,4
2022-10-12,futures,192808.74417,3027.585330224232,1198622.0,2022,10,4
2022-10-12,options,3692.721013,57.985067096916026,13923.0,2022,10,4
2022-10-12,totals,196501.465183,3085.5703973211484,1212545.0,2022,10,4
2022-10-13,futures,175034.69975,2745.3882660271443,1066913.0,2022,10,4
2022-10-13,options,6155.363868,96.54579212276825,17513.0,2022,10,4
2022-10-13,totals,181190.063618,2841.9340581499127,1084426.0,2022,10,4
2022-10-14,futures,163964.137216,2582.449945677939,1000481.0,2022,10,4
2022-10-14,options,4333.871727,68.2588704822835,13680.0,2022,10,4
2022-10-14,totals,168298.008943,2650.7088161602223,1014161.0,2022,10,4
2022-10-17,futures,145308.536323,2304.4436249004852,927034.0,2022,10,4
2022-10-17,options,4703.04742,74.58548491970605,15153.0,2022,10,4
2022-10-17,totals,150011.583743,2379.029109820191,942187.0,2022,10,4
2022-10-18,futures,132418.790267,2143.968600611365,871122.0,2022,10,4
2022-10-18,options,3563.297683,57.69270608483341,11617.0,2022,10,4
2022-10-18,totals,135982.08795,2201.661306696199,882739.0,2022,10,4
2022-10-19,futures,143956.475531,2333.047160131079,983559.0,2022,10,4
2022-10-19,options,5041.339227,81.70304339159071,13656.0,2022,10,4
2022-10-19,totals,148997.814758,2414.75020352267,997215.0,2022,10,4
2022-10-20,futures,138097.486751,2242.1881093837524,908254.0,2022,10,4
2022-10-20,options,5493.747054,89.19796160122097,14652.0,2022,10,4
2022-10-20,totals,143591.233805,2331.3860709849732,922906.0,2022,10,4
2022-10-21,futures,139379.769809,2266.271390577186,935463.0,2022,10,4
2022-10-21,options,3328.576462,54.121610456929716,11765.0,2022,10,4
2022-10-21,totals,142708.346271,2320.393001034116,947228.0,2022,10,4
2022-10-24,futures,141994.41583,2320.329431594979,984201.0,2022,10,4
2022-10-24,options,4345.858233,71.01562906277881,10661.0,2022,10,4
2022-10-24,totals,146340.274063,2391.3450606577576,994862.0,2022,10,4
2022-10-25,futures,133802.025468,2187.633769294785,906381.0,2022,10,4
2022-10-25,options,3531.75002,57.74333820011804,11045.0,2022,10,4
2022-10-25,totals,137333.775488,2245.377107494903,917426.0,2022,10,4
2022-10-26,futures,139424.116742,2273.2464748274165,967038.0,2022,10,4
2022-10-26,options,3594.375471,58.60464860449419,10705.0,2022,10,4
2022-10-26,totals,143018.492213,2331.8511234319103,977743.0,2022,10,4
2022-10-27,futures,135675.503743,2208.7023239190135,895677.0,2022,10,4
2022-10-27,options,5047.779736,82.17432422180873,12510.0,2022,10,4
2022-10-27,totals,140723.283479,2290.8766481408225,908187.0,2022,10,4
2022-10-28,futures,123251.794228,2008.7027998872209,847727.0,2022,10,4
2022-10-28,options,4025.351458,65.60338366561331,8829.0,2022,10,4
2022-10-28,totals,127277.145686,2074.306183552834,856556.0,2022,10,4
2022-10-31,futures,119517.847165,1942.2963642228806,819095.0,2022,10,4
2022-10-31,options,3099.089606,50.36361193675722,9237.0,2022,10,4
2022-10-31,totals,122616.936771,1992.6599761596378,828332.0,2022,10,4
2022-11-01,futures,103693.666747,1682.7131918004509,695910.0,2022,11,4
2022-11-01,options,2656.2611,43.105097293376325,8040.0,2022,11,4
2022-11-01,totals,106349.927847,1725.8182890938272,703950.0,2022,11,4
2022-11-02,futures,101940.517002,1659.5257336209352,664244.0,2022,11,4
2022-11-02,options,3426.329697,55.77843306336738,8423.0,2022,11,4
2022-11-02,totals,105366.846699,1715.3041666843026,672667.0,2022,11,4
2022-11-03,futures,149277.064674,2422.64072177547,909899.0,2022,11,4
2022-11-03,options,6125.907374,99.41830444273137,14764.0,2022,11,4
2022-11-03,totals,155402.972048,2522.0590262182013,924663.0,2022,11,4
2022-11-04,futures,,,,2022,11,4
2022-11-04,options,,,,2022,11,4
2022-11-04,totals,,,,2022,11,4
2022-11-07,futures,160333.785467,2582.0516054625537,846622.0,2022,11,4
2022-11-07,options,4309.117213,69.39499984700986,12174.0,2022,11,4
2022-11-07,totals,164642.90268,2651.446605309563,858796.0,2022,11,4
2022-11-08,futures,118464.976946,1934.542144596296,819636.0,2022,11,4
2022-11-08,options,2976.800613,48.61138194905996,8736.0,2022,11,4
2022-11-08,totals,121441.777559,1983.153526545356,828372.0,2022,11,4
2022-11-09,futures,139222.504951,2283.1820469715008,923754.0,2022,11,4
2022-11-09,options,4462.903415,73.18946716324409,11113.0,2022,11,4
2022-11-09,totals,143685.408366,2356.371514134745,934867.0,2022,11,4
2022-11-10,futures,216504.42747,3545.7013953237,1141275.0,2022,11,4
2022-11-10,options,7264.194271,118.96599096642544,18646.0,2022,11,4
2022-11-10,totals,223768.621741,3664.6673862901253,1159921.0,2022,11,4
2022-11-11,futures,179684.062755,2933.9334974054345,973707.0,2022,11,4
2022-11-11,options,4066.444774,66.39808981865801,10740.0,2022,11,4
2022-11-11,totals,183750.507529,3000.3315872240923,984447.0,2022,11,4
2022-11-14,futures,160629.288376,2667.467453630897,988159.0,2022,11,4
2022-11-14,options,3197.933129,53.10602211302619,9510.0,2022,11,4
2022-11-14,totals,163827.221505,2720.573475743923,997669.0,2022,11,4
2022-11-15,futures,151547.076692,2509.132336592812,954886.0,2022,11,4
2022-11-15,options,3174.309743,52.556363318774395,8598.0,2022,11,4
2022-11-15,totals,154721.386435,2561.6886999115864,963484.0,2022,11,4
2022-11-16,futures,163600.2299,2712.5831498418215,1039950.0,2022,11,4
2022-11-16,options,5155.318192,85.47805384038891,12834.0,2022,11,4
2022-11-16,totals,168755.548092,2798.0612036822104,1052784.0,2022,11,4
2022-11-17,futures,114386.92986,1895.4426274764535,759821.0,2022,11,4
2022-11-17,options,6450.227036,106.88314911414388,11754.0,2022,11,4
2022-11-17,totals,120837.156896,2002.3257765905973,771575.0,2022,11,4
2022-11-18,futures,135054.825183,2236.3995201641346,852486.0,2022,11,4
2022-11-18,options,4231.479037,70.0698969852325,10106.0,2022,11,4
2022-11-18,totals,139286.30422,2306.469417149367,862592.0,2022,11,4
2022-11-21,futures,117767.907413,1950.636239927386,801226.0,2022,11,4
2022-11-21,options,3193.785707,52.89993071532329,9956.0,2022,11,4
2022-11-21,totals,120961.69312,2003.5361706427093,811182.0,2022,11,4
2022-11-22,futures,118321.476256,1948.066631477216,773512.0,2022,11,4
2022-11-22,options,2900.894137,47.76085668091916,8917.0,2022,11,4
2022-11-22,totals,121222.370393,1995.827488158135,782429.0,2022,11,4
2022-11-23,futures,135362.603525,2231.622008569554,902775.0,2022,11,4
2022-11-23,options,3469.633856,57.201258494541406,9709.0,2022,11,4
2022-11-23,totals,138832.237381,2288.8232670640955,912484.0,2022,11,4
2022-11-24,futures,134096.904973,2216.3202445611305,775664.0,2022,11,4
2022-11-24,options,5113.022114,84.50675594957714,12066.0,2022,11,4
2022-11-24,totals,139209.927087,2300.827000510708,787730.0,2022,11,4
2022-11-25,futures,136826.946091,2265.849478046454,692543.0,2022,11,4
2022-11-25,options,5960.442385,98.70471901050895,10144.0,2022,11,4
2022-11-25,totals,142787.388476,2364.554197056963,702687.0,2022,11,4
2022-11-28,futures,122323.629868,2022.5568226694245,739253.0,2022,11,4
2022-11-28,options,3183.024321,52.629631446584554,10143.0,2022,11,4
2022-11-28,totals,125506.654189,2075.186454116009,749396.0,2022,11,4
2022-11-29,futures,137079.26808,2256.3745733473793,766119.0,2022,11,4
2022-11-29,options,2960.631825,48.73307586581512,8511.0,2022,11,4
2022-11-29,totals,140039.899905,2305.1076492131942,774630.0,2022,11,4
2022-11-30,futures,125225.569471,2050.384114257739,640183.0,2022,11,4
2022-11-30,options,2178.624053,35.67175751790445,6810.0,2022,11,4
2022-11-30,totals,127404.193524,2086.0558717756435,646993.0,2022,11,4
2022-12-01,futures,166748.596295,2738.958190005634,806089.0,2022,12,4
2022-12-01,options,5235.639723,85.99891464069658,12526.0,2022,12,4
2022-12-01,totals,171984.236018,2824.9571046463307,818615.0,2022,12,4
2022-12-02,futures,135439.45117,2214.9485292217723,749749.0,2022,12,4
2022-12-02,options,5438.97892,88.94792658455974,11348.0,2022,12,4
2022-12-02,totals,140878.43009,2303.896455806332,761097.0,2022,12,4
2022-12-03,futures,,,,2022,12,4
2022-12-03,options,,,,2022,12,4
2022-12-03,totals,,,,2022,12,4
2022-12-05,futures,182449.733523,2953.460604922064,886589.0,2022,12,4
2022-12-05,options,5111.306025,82.74082232427733,12292.0,2022,12,4
2022-12-05,totals,187561.039548,3036.201427246341,898881.0,2022,12,4
2022-12-06,futures,138605.429191,2228.9242113599926,832965.0,2022,12,4
2022-12-06,options,4709.553874,75.73468597682074,12795.0,2022,12,4
2022-12-06,totals,143314.983065,2304.6588973368134,845760.0,2022,12,4
2022-12-07,futures,138380.099131,2199.6413803621986,905303.0,2022,12,4
2022-12-07,options,5128.382207,81.5189596457178,10902.0,2022,12,4
2022-12-07,totals,143508.481338,2281.160340007916,916205.0,2022,12,4
2022-12-08,futures,162977.23798,2589.5215862796567,954728.0,2022,12,4
2022-12-08,options,5619.163407,89.28206858582843,12145.0,2022,12,4
2022-12-08,totals,168596.401387,2678.803654865485,966873.0,2022,12,4
2022-12-09,futures,158294.102705,2529.7832376838273,879714.0,2022,12,4
2022-12-09,options,4430.119221,70.80011923825596,9830.0,2022,12,4
2022-12-09,totals,162724.221926,2600.5833569220836,889544.0,2022,12,4
2022-12-12,futures,154642.812059,2478.9930966331253,880724.0,2022,12,4
2022-12-12,options,4675.881957,74.95646863723583,10800.0,2022,12,4
2022-12-12,totals,159318.694016,2553.949565270361,891524.0,2022,12,4
2022-12-13,futures,187253.311053,2983.2892720265613,1014149.0,2022,12,4
2022-12-13,options,4867.406047,77.5467208614663,10282.0,2022,12,4
2022-12-13,totals,192120.7171,3060.8359928880277,1024431.0,2022,12,4
2022-12-14,futures,213050.72881,3370.415883218376,1034295.0,2022,12,4
2022-12-14,options,6725.472742,106.3955062646333,12897.0,2022,12,4
2022-12-14,totals,219776.201552,3476.8113894830094,1047192.0,2022,12,4
2022-12-15,futures,282889.391594,4464.865158761975,1240083.0,2022,12,4
2022-12-15,options,10118.777387,159.70544653482534,18398.0,2022,12,4
2022-12-15,totals,293008.168981,4624.570605296801,1258481.0,2022,12,4
2022-12-16,futures,147207.051704,2289.325314401686,863998.0,2022,12,4
2022-12-16,options,4883.46857,75.9464175796832,10479.0,2022,12,4
2022-12-16,totals,152090.520274,2365.271731981369,874477.0,2022,12,4
2022-12-19,futures,268226.229626,4151.607540049344,1288076.0,2022,12,4
2022-12-19,options,9136.298697,141.41169792192275,19575.0,2022,12,4
2022-12-19,totals,277362.528323,4293.019237971267,1307651.0,2022,12,4
2022-12-20,futures,228354.740344,3441.8039040565272,1149312.0,2022,12,4
2022-12-20,options,7362.37929,110.96711084383112,15801.0,2022,12,4
2022-12-20,totals,235717.119634,3552.7710149003583,1165113.0,2022,12,4
2022-12-21,futures,205508.862604,2978.2296109339068,1080223.0,2022,12,4
2022-12-21,options,6816.938136,98.79090738612568,15977.0,2022,12,4
2022-12-21,totals,212325.80074,3077.020518320032,1096200.0,2022,12,4
2022-12-22,futures,310364.428376,4400.734320246833,1512343.0,2022,12,4
2022-12-22,options,13021.941899,184.6413486592103,29155.0,2022,12,4
2022-12-22,totals,323386.370275,4585.375668906043,1541498.0,2022,12,4
2022-12-23,futures,247507.588644,3431.3812535040606,1321220.0,2022,12,4
2022-12-23,options,7415.495407,102.8065121737515,19921.0,2022,12,4
2022-12-23,totals,254923.084051,3534.187765677812,1341141.0,2022,12,4
2022-12-26,futures,198593.231748,2891.741390704176,1139185.0,2022,12,4
2022-12-26,options,6153.859442,89.60713265187256,14608.0,2022,12,4
2022-12-26,totals,204747.09119,2981.3485233560486,1153793.0,2022,12,4
2022-12-27,futures,211512.451899,3090.08720251809,1157645.0,2022,12,4
2022-12-27,options,6680.195883,97.59419657349225,18353.0,2022,12,4
2022-12-27,totals,218192.647782,3187.681399091582,1175998.0,2022,12,4
2022-12-28,futures,213900.580589,3058.580167599443,1103151.0,2022,12,4
2022-12-28,options,8900.087345,127.26300493604023,20403.0,2022,12,4
2022-12-28,totals,222800.667934,3185.8431725354835,1123554.0,2022,12,4
2022-12-29,futures,299243.458597,4195.427180190702,1536767.0,2022,12,4
2022-12-29,options,10988.34825,154.05788694461074,24008.0,2022,12,4
2022-12-29,totals,310231.806847,4349.485067135313,1560775.0,2022,12,4
2022-12-30,futures,270074.22437,3752.187818605181,1186314.0,2022,12,4
2022-12-30,options,6375.526739,88.57629350994334,15616.0,2022,12,4
2022-12-30,totals,276449.751109,3840.764112115124,1201930.0,2022,12,4
2023-01-02,futures,,,,2023,1,1
2023-01-02,options,,,,2023,1,1
2023-01-02,totals,,,,2023,1,1
2023-01-03,futures,128027.902352,1820.194097771459,772118.0,2023,1,1
2023-01-03,options,4904.542769,69.72870473076239,12226.0,2023,1,1
2023-01-03,totals,132932.445121,1889.9228025022214,784344.0,2023,1,1
2023-01-04,futures,124141.506264,1764.940554668562,784886.0,2023,1,1
2023-01-04,options,4786.937826,68.05669558912386,11540.0,2023,1,1
2023-01-04,totals,128928.44409,1832.9972502576861,796426.0,2023,1,1
2023-01-05,futures,114246.165913,1624.256846106273,742314.0,2023,1,1
2023-01-05,options,5628.439304,80.020462825662,12614.0,2023,1,1
2023-01-05,totals,119874.605217,1704.277308931935,754928.0,2023,1,1
2023-01-06,futures,119637.870208,1700.9116077199217,813344.0,2023,1,1
2023-01-06,options,3985.847087,56.66745458681358,11163.0,2023,1,1
2023-01-06,totals,123623.717295,1757.5790623067353,824507.0,2023,1,1
2023-01-09,futures,209315.921833,2975.879464481962,1187331.0,2023,1,1
2023-01-09,options,4872.355583,69.27109412475563,16098.0,2023,1,1
2023-01-09,totals,214188.277416,3045.1505586067174,1203429.0,2023,1,1
2023-01-10,futures,150903.260917,2146.555214878478,916552.0,2023,1,1
2023-01-10,options,3581.659718,50.94807295000583,10368.0,2023,1,1
2023-01-10,totals,154484.920635,2197.503287828484,926920.0,2023,1,1
2023-01-11,futures,196850.075601,2827.9237516915823,1120381.0,2023,1,1
2023-01-11,options,5758.07279,82.7197589693346,17827.0,2023,1,1
2023-01-11,totals,202608.148391,2910.643510660917,1138208.0,2023,1,1
2023-01-12,futures,161224.596107,2335.904504869589,992994.0,2023,1,1
2023-01-12,options,8305.484998,120.3341195476107,16989.0,2023,1,1
2023-01-12,totals,169530.081105,2456.2386244171994,1009983.0,2023,1,1
2023-01-13,futures,213615.868025,3151.7224451329716,1189765.0,2023,1,1
2023-01-13,options,6864.623954,101.28175211537751,19518.0,2023,1,1
2023-01-13,totals,220480.491979,3253.004197248349,1209283.0,2023,1,1
2023-01-16,futures,165378.865859,2447.359737696524,998130.0,2023,1,1
2023-01-16,options,4781.331551,70.75655205225648,11933.0,2023,1,1
2023-01-16,totals,170160.19741,2518.1162897487807,1010063.0,2023,1,1
2023-01-17,futures,138655.684861,2030.4189368304214,880404.0,2023,1,1
2023-01-17,options,4188.447828,61.33397122824694,12223.0,2023,1,1
2023-01-17,totals,142844.132689,2091.7529080586683,892627.0,2023,1,1
2023-01-18,futures,172992.330849,2519.3889533586544,980256.0,2023,1,1
2023-01-18,options,5035.198971,73.33056097482829,13410.0,2023,1,1
2023-01-18,totals,178027.52982,2592.719514333483,993666.0,2023,1,1
2023-01-19,futures,154039.114957,2236.5740169849346,1000741.0,2023,1,1
2023-01-19,options,6903.392738,100.2339492223345,14789.0,2023,1,1
2023-01-19,totals,160942.507695,2336.807966207269,1015530.0,2023,1,1
2023-01-20,futures,138102.303345,2005.9393310790497,841075.0,2023,1,1
2023-01-20,options,4092.886079,59.449270320872316,13954.0,2023,1,1
2023-01-20,totals,142195.189424,2065.3886013999218,855029.0,2023,1,1
2023-01-23,futures,160534.058147,2337.910950272043,999348.0,2023,1,1
2023-01-23,options,4650.976191,67.73371514994408,11434.0,2023,1,1
2023-01-23,totals,165185.034338,2405.6446654219876,1010782.0,2023,1,1
2023-01-24,futures,150969.825833,2199.802791728837,974701.0,2023,1,1
2023-01-24,options,4269.436846,62.21057115962978,10483.0,2023,1,1
2023-01-24,totals,155239.262679,2262.013362888467,985184.0,2023,1,1
2023-01-25,futures,147349.189613,2143.1705369955303,879641.0,2023,1,1
2023-01-25,options,7203.155897,104.76875734696283,9366.0,2023,1,1
2023-01-25,totals,154552.34551,2247.939294342493,889007.0,2023,1,1
2023-01-26,futures,190829.173389,2767.3527442199734,1064460.0,2023,1,1
2023-01-26,options,9168.300193,132.95619452907812,15588.0,2023,1,1
2023-01-26,totals,199997.473582,2900.308938749052,1080048.0,2023,1,1
2023-01-27,futures,143648.955417,2078.065156344257,832690.0,2023,1,1
2023-01-27,options,4082.297063,59.055628074987375,8502.0,2023,1,1
2023-01-27,totals,147731.25248,2137.1207844192445,841192.0,2023,1,1
2023-01-30,futures,149195.314324,2151.7354944243493,857744.0,2023,1,1
2023-01-30,options,4776.494924,68.8879118856833,13266.0,2023,1,1
2023-01-30,totals,153971.809248,2220.623406310033,871010.0,2023,1,1
2023-01-31,futures,198450.197329,2851.59502834349,1024744.0,2023,1,1
2023-01-31,options,7204.022083,103.51692178921066,16101.0,2023,1,1
2023-01-31,totals,205654.219412,2955.1119501327007,1040845.0,2023,1,1
2023-02-01,futures,146074.382203,2071.465797136593,880736.0,2023,2,1
2023-02-01,options,7411.211019,105.09762156574122,11769.0,2023,2,1
2023-02-01,totals,153485.593222,2176.5634187023343,892505.0,2023,2,1
2023-02-02,futures,173500.25806,2474.2734140786656,1020995.0,2023,2,1
2023-02-02,options,12629.230572,180.10445514013492,15014.0,2023,2,1
2023-02-02,totals,186129.488632,2654.3778692188007,1036009.0,2023,2,1
2023-02-03,futures,202270.027049,2887.8638497945503,1108210.0,2023,2,1
2023-02-03,options,7030.196028,100.37200895470394,12303.0,2023,2,1
2023-02-03,totals,209300.223077,2988.235858749254,1120513.0,2023,2,1
2023-02-06,futures,149823.204003,2128.633126276023,929312.0,2023,2,1
2023-02-06,options,5567.794371,79.10518011726981,11367.0,2023,2,1
2023-02-06,totals,155390.998374,2207.738306393293,940679.0,2023,2,1
2023-02-07,futures,140490.619338,1989.9774832540356,906575.0,2023,2,1
2023-02-07,options,4307.57656,61.01461010126191,10816.0,2023,2,1
2023-02-07,totals,144798.195898,2050.9920933552976,917391.0,2023,2,1
2023-02-08,futures,216959.109988,3060.400127347925,1193950.0,2023,2,1
2023-02-08,options,8662.920644,122.19815726368412,17980.0,2023,2,1
2023-02-08,totals,225622.030632,3182.598284611609,1211930.0,2023,2,1
2023-02-09,futures,227429.650124,3177.4435130622846,1201669.0,2023,2,1
2023-02-09,options,13134.070504,183.49747757288375,20346.0,2023,2,1
2023-02-09,totals,240563.720628,3360.940990635168,1222015.0,2023,2,1
2023-02-10,futures,199646.120892,2738.821521011758,982363.0,2023,2,1
2023-02-10,options,4316.951521,59.22158506287819,9743.0,2023,2,1
2023-02-10,totals,203963.072413,2798.043106074636,992106.0,2023,2,1
2023-02-13,futures,178014.263028,2445.5095254305743,906011.0,2023,2,1
2023-02-13,options,5221.923386,71.73730444016743,10699.0,2023,2,1
2023-02-13,totals,183236.186414,2517.2468298707417,916710.0,2023,2,1
2023-02-14,futures,242467.605101,3293.0232240220453,1229361.0,2023,2,1
2023-02-14,options,8112.840094,110.18284620409693,14982.0,2023,2,1
2023-02-14,totals,250580.445195,3403.206070226142,1244343.0,2023,2,1
2023-02-15,futures,224629.213067,3041.0984040641983,1075135.0,2023,2,1
2023-02-15,options,8509.149129,115.19944126068678,17204.0,2023,2,1
2023-02-15,totals,233138.362196,3156.297845324885,1092339.0,2023,2,1
2023-02-16,futures,248970.681465,3355.051853985503,1104970.0,2023,2,1
2023-02-16,options,15662.935577,211.06887259677902,25096.0,2023,2,1
2023-02-16,totals,264633.617042,3566.120726582282,1130066.0,2023,2,1
2023-02-17,futures,319869.516208,4278.400993635957,1251090.0,2023,2,1
2023-02-17,options,13625.035833,182.24108235536448,16877.0,2023,2,1
2023-02-17,totals,333494.552041,4460.642075991322,1267967.0,2023,2,1
2023-02-20,futures,215213.364475,2878.76964952621,1087149.0,2023,2,1
2023-02-20,options,9220.922013,123.34229566285174,15406.0,2023,2,1
2023-02-20,totals,224434.286488,3002.1119451890618,1102555.0,2023,2,1
2023-02-21,futures,235434.913422,3179.696628751864,1239662.0,2023,2,1
2023-02-21,options,8251.642192,111.44361929252112,16163.0,2023,2,1
2023-02-21,totals,243686.555614,3291.140248044385,1255825.0,2023,2,1
2023-02-22,futures,191232.812682,2554.552958899059,1087044.0,2023,2,1
2023-02-22,options,9545.481097,127.51178335176783,16618.0,2023,2,1
2023-02-22,totals,200778.293779,2682.064742250827,1103662.0,2023,2,1
2023-02-23,futures,,,,2023,2,1
2023-02-23,options,,,,2023,2,1
2023-02-23,totals,,,,2023,2,1
2023-02-24,futures,217513.638136,2911.4900692422707,1193932.0,2023,2,1
2023-02-24,options,8744.255962,117.04468103447122,16950.0,2023,2,1
2023-02-24,totals,226257.894098,3028.5347502767413,1210882.0,2023,2,1
2023-02-27,futures,270803.870545,3624.796985424723,1317385.0,2023,2,1
2023-02-27,options,11608.066229,155.3777033866203,20873.0,2023,2,1
2023-02-27,totals,282411.936774,3780.1746888113435,1338258.0,2023,2,1
2023-02-28,futures,256886.86144,3405.5286851918872,1185346.0,2023,2,1
2023-02-28,options,6339.485193,84.0420508588496,13198.0,2023,2,1
2023-02-28,totals,263226.346633,3489.5707360507367,1198544.0,2023,2,1
2023-03-01,futures,275486.94044,3678.39724354147,1217631.0,2023,3,1
2023-03-01,options,7661.915928,102.30456073448592,12162.0,2023,3,1
2023-03-01,totals,283148.856368,3780.701804275956,1229793.0,2023,3,1
2023-03-02,futures,218664.834284,2905.7947740969257,1190145.0,2023,3,1
2023-03-02,options,10376.065508,137.8855316519449,19492.0,2023,3,1
2023-03-02,totals,229040.899792,3043.680305748871,1209637.0,2023,3,1
2023-03-03,futures,195733.210856,2593.4237435688838,932728.0,2023,3,1
2023-03-03,options,6026.827663,79.85419485669692,11887.0,2023,3,1
2023-03-03,totals,201760.038519,2673.277938425581,944615.0,2023,3,1
2023-03-06,futures,248427.654103,3292.2116071068867,1184913.0,2023,3,1
2023-03-06,options,6139.416557,81.36074271924431,12850.0,2023,3,1
2023-03-06,totals,254567.07066,3373.5723498261314,1197763.0,2023,3,1
2023-03-07,futures,204674.453634,2711.896916955512,947176.0,2023,3,1
2023-03-07,options,9838.460697,130.3577010128152,11426.0,2023,3,1
2023-03-07,totals,214512.914331,2842.2546179683272,958602.0,2023,3,1
2023-03-09,futures,222388.667937,2947.1964814326434,1106464.0,2023,3,1
2023-03-09,options,7756.281005,102.78978825222609,14355.0,2023,3,1
2023-03-09,totals,230144.948942,3049.9862696848695,1120819.0,2023,3,1
2023-03-10,futures,220403.906332,2903.765161917611,1082975.0,2023,3,1
2023-03-10,options,8335.913624,109.82353251790448,12468.0,2023,3,1
2023-03-10,totals,228739.819956,3013.5886944355148,1095443.0,2023,3,1
2023-03-13,futures,406118.405619,5347.842993326362,1739417.0,2023,3,1
2023-03-13,options,12025.452088,158.35339841929087,17240.0,2023,3,1
2023-03-13,totals,418143.857707,5506.196391745653,1756657.0,2023,3,1
2023-03-14,futures,268679.825386,3560.517107349634,1235127.0,2023,3,1
2023-03-14,options,5669.875766,75.1366040691272,10680.0,2023,3,1
2023-03-14,totals,274349.701152,3635.6537114187613,1245807.0,2023,3,1
2023-03-15,futures,342150.593694,4550.3166357106475,1635366.0,2023,3,1
2023-03-15,options,7923.388204,105.37443400755659,15296.0,2023,3,1
2023-03-15,totals,350073.981898,4655.691069718205,1650662.0,2023,3,1
2023-03-16,futures,415398.157772,5484.115372516196,1679399.0,2023,3,1
2023-03-16,options,15764.809774,208.12811518013564,22208.0,2023,3,1
2023-03-16,totals,431162.967546,5692.243487696331,1701607.0,2023,3,1
2023-03-17,futures,323034.87658,4227.679497706437,1387516.0,2023,3,1
2023-03-17,options,7718.202216,101.01102894273617,17723.0,2023,3,1
2023-03-17,totals,330753.078796,4328.690526649174,1405239.0,2023,3,1
2023-03-20,futures,309602.690519,4041.57842785793,1458174.0,2023,3,1
2023-03-20,options,8537.393518,111.44782177002888,19087.0,2023,3,1
2023-03-20,totals,318140.084037,4153.026249627958,1477261.0,2023,3,1
2023-03-21,futures,229657.761384,2973.2162132098774,1292703.0,2023,3,1
2023-03-21,options,6942.160967,89.87523616624074,15637.0,2023,3,1
2023-03-21,totals,236599.922351,3063.0914493761184,1308340.0,2023,3,1
2023-03-22,futures,206000.665125,2680.9982277487625,1121862.0,2023,3,1
2023-03-22,options,4769.212255,62.0689724261524,11817.0,2023,3,1
2023-03-22,totals,210769.87738,2743.067200174915,1133679.0,2023,3,1
2023-03-23,futures,273439.78644,3553.191838463747,1234182.0,2023,3,1
2023-03-23,options,8938.576832,116.15163491912921,15709.0,2023,3,1
2023-03-23,totals,282378.363272,3669.3434733828763,1249891.0,2023,3,1
2023-03-24,futures,260428.920386,3412.901015710182,1172823.0,2023,3,1
2023-03-24,options,7640.650704,100.13014111381364,14435.0,2023,3,1
2023-03-24,totals,268069.57109,3513.0311568239954,1187258.0,2023,3,1
2023-03-27,futures,189665.502541,2480.9772739473547,959611.0,2023,3,1
2023-03-27,options,5475.180618,71.61976480714317,12144.0,2023,3,1
2023-03-27,totals,195140.683159,2552.597038754498,971755.0,2023,3,1
2023-03-28,futures,194059.430417,2534.5312999339135,1056969.0,2023,3,1
2023-03-28,options,6060.668913,79.15593189945434,12856.0,2023,3,1
2023-03-28,totals,200120.09933,2613.6872318333676,1069825.0,2023,3,1
2023-03-29,futures,167551.121718,2187.525660894666,942909.0,2023,3,1
2023-03-29,options,4342.124238,56.69020950754563,11699.0,2023,3,1
2023-03-29,totals,171893.245956,2244.2158704022117,954608.0,2023,3,1
2023-03-30,futures,208151.837562,2704.039688716661,937438.0,2023,3,1
2023-03-30,options,10048.849119,130.54166209610264,15756.0,2023,3,1
2023-03-30,totals,218200.686681,2834.5813508127635,953194.0,2023,3,1
2023-03-31,futures,211080.305573,2738.233714330562,1046177.0,2023,3,1
2023-03-31,options,8733.058376,113.289370173429,16981.0,2023,3,1
2023-03-31,totals,219813.363949,2851.523084503991,1063158.0,2023,3,1
2023-04-03,futures,208832.379408,2700.769100749709,1040447.0,2023,4,2
2023-04-03,options,7683.538039,99.36898760140863,14167.0,2023,4,2
2023-04-03,totals,216515.917447,2800.1380883511174,1054614.0,2023,4,2
2023-04-04,futures,212188.516517,2722.075618234532,1000338.0,2023,4,2
2023-04-04,options,9208.709427,118.13459002450257,16432.0,2023,4,2
2023-04-04,totals,221397.225944,2840.210208259035,1016770.0,2023,4,2
2023-04-05,futures,179736.807288,2264.9343188631524,848993.0,2023,4,2
2023-04-05,options,7508.764232,94.62089628674723,15366.0,2023,4,2
2023-04-05,totals,187245.57152,2359.5552151499,864359.0,2023,4,2
2023-04-06,futures,218043.899551,2742.8251140747784,907893.0,2023,4,2
2023-04-06,options,15058.41909,189.42336907093554,25049.0,2023,4,2
2023-04-06,totals,233102.318641,2932.248483145714,932942.0,2023,4,2
2023-04-07,futures,372491.69312,4617.400402869422,1371380.0,2023,4,2
2023-04-07,options,19187.191585,237.84408562896596,32605.0,2023,4,2
2023-04-07,totals,391678.884705,4855.244488498388,1403985.0,2023,4,2
2023-04-10,futures,285156.393544,3460.686242323917,1085727.0,2023,4,2
2023-04-10,options,7200.66768,87.38801633033492,16621.0,2023,4,2
2023-04-10,totals,292357.061224,3548.0742586542524,1102348.0,2023,4,2
2023-04-11,futures,238803.665117,2921.3565886345314,1168202.0,2023,4,2
2023-04-11,options,7801.516325,95.43828025508874,17283.0,2023,4,2
2023-04-11,totals,246605.181442,3016.7948688896204,1185485.0,2023,4,2
2023-04-12,futures,200635.694164,2441.420519664784,969115.0,2023,4,2
2023-04-12,options,6089.998195,74.10569001665857,14071.0,2023,4,2
2023-04-12,totals,206725.692359,2515.5262096814427,983186.0,2023,4,2
2023-04-13,futures,224577.006156,2735.628030462863,961438.0,2023,4,2
2023-04-13,options,10457.620637,127.38686224471151,18910.0,2023,4,2
2023-04-13,totals,235034.626793,2863.0148927075743,980348.0,2023,4,2
2023-04-14,futures,209675.801634,2567.1716914190006,916178.0,2023,4,2
2023-04-14,options,7001.728958,85.72586932726708,15586.0,2023,4,2
2023-04-14,totals,216677.530592,2652.8975607462676,931764.0,2023,4,2
2023-04-17,futures,282083.957206,3460.961753105657,1194270.0,2023,4,2
2023-04-17,options,9029.706798,110.78783132219695,19754.0,2023,4,2
2023-04-17,totals,291113.664004,3571.749584427854,1214024.0,2023,4,2
2023-04-18,futures,205774.419903,2520.8834222490104,1019147.0,2023,4,2
2023-04-18,options,6162.783327,75.49849165542663,14486.0,2023,4,2
2023-04-18,totals,211937.20323,2596.381913904437,1033633.0,2023,4,2
2023-04-19,futures,276215.001313,3384.8716136333555,1226107.0,2023,4,2
2023-04-19,options,10168.390125,124.60834830422485,19623.0,2023,4,2
2023-04-19,totals,286383.391438,3509.479961937581,1245730.0,2023,4,2
2023-04-20,futures,232195.259791,2843.616975723441,1124761.0,2023,4,2
2023-04-20,options,9827.855991,120.35843520719516,20279.0,2023,4,2
2023-04-20,totals,242023.115782,2963.9754109306364,1145040.0,2023,4,2
2023-04-21,futures,187047.078348,2291.7156139026793,948168.0,2023,4,2
2023-04-21,options,7804.381197,95.61989635966225,14028.0,2023,4,2
2023-04-21,totals,194851.459545,2387.3355102623414,962196.0,2023,4,2
2023-04-24,futures,184847.675008,2268.4509544303764,810859.0,2023,4,2
2023-04-24,options,5870.633211,72.04441987180667,11531.0,2023,4,2
2023-04-24,totals,190718.308219,2340.4953743021833,822390.0,2023,4,2
2023-04-25,futures,215773.901111,2654.8782350060596,860534.0,2023,4,2
2023-04-25,options,6279.430794,77.26200461399331,12606.0,2023,4,2
2023-04-25,totals,222053.331905,2732.140239620053,873140.0,2023,4,2
2023-04-26,futures,185424.211122,2273.7515450294854,822251.0,2023,4,2
2023-04-26,options,5154.570986,63.207569672065816,11883.0,2023,4,2
2023-04-26,totals,190578.782108,2336.959114701551,834134.0,2023,4,2
2023-04-27,futures,227179.669273,2783.130043012518,960423.0,2023,4,2
2023-04-27,options,12124.749586,148.53774083212255,21761.0,2023,4,2
2023-04-27,totals,239304.418859,2931.667783844641,982184.0,2023,4,2
2023-04-28,futures,349676.612946,4287.3489971934805,1338261.0,2023,4,2
2023-04-28,options,13173.272717,161.5161422926161,27896.0,2023,4,2
2023-04-28,totals,362849.885663,4448.865139486096,1366157.0,2023,4,2
2023-05-01,futures,,,,2023,5,2
2023-05-01,options,,,,2023,5,2
2023-05-01,totals,,,,2023,5,2
2023-05-02,futures,252616.650914,3137.732546600206,1063927.0,2023,5,2
2023-05-02,options,7920.642542,98.38170921868654,19519.0,2023,5,2
2023-05-02,totals,260537.293456,3236.114255818893,1083446.0,2023,5,2
2023-05-03,futures,239653.594815,2997.1347848135774,1121029.0,2023,5,2
2023-05-03,options,9406.808235,117.64260075862079,19553.0,2023,5,2
2023-05-03,totals,249060.40305,3114.7773855721985,1140582.0,2023,5,2
2023-05-04,futures,294236.693118,3710.0927044110804,1218108.0,2023,5,2
2023-05-04,options,13402.352404,168.99309650712232,25754.0,2023,5,2
2023-05-04,totals,307639.045522,3879.085800918203,1243862.0,2023,5,2
2023-05-05,futures,323682.1131,4117.364907478194,1244086.0,2023,5,2
2023-05-05,options,11905.318231,151.44037162639177,23324.0,2023,5,2
2023-05-05,totals,335587.431331,4268.805279104586,1267410.0,2023,5,2
2023-05-08,futures,156857.29083,2041.8622953188399,761520.0,2023,5,2
2023-05-08,options,6550.165421,85.26563050063328,14933.0,2023,5,2
2023-05-08,totals,163407.456251,2127.127925819473,776453.0,2023,5,2
2023-05-09,futures,,,,2023,5,2
2023-05-09,options,,,,2023,5,2
2023-05-09,totals,,,,2023,5,2
2023-05-10,futures,282771.071473,3680.922869395879,1225134.0,2023,5,2
2023-05-10,options,10779.188022,140.3161911047413,24326.0,2023,5,2
2023-05-10,totals,293550.259495,3821.23906050062,1249460.0,2023,5,2
2023-05-11,futures,385655.645679,5028.570384990006,1487106.0,2023,5,2
2023-05-11,options,18356.622193,239.35230240348196,36488.0,2023,5,2
2023-05-11,totals,404012.267872,5267.922687393488,1523594.0,2023,5,2
2023-05-12,futures,325804.549707,4293.421190953105,1270093.0,2023,5,2
2023-05-12,options,11619.073159,153.1150346578884,23933.0,2023,5,2
2023-05-12,totals,337423.622866,4446.536225610994,1294026.0,2023,5,2
2023-05-15,futures,250642.136003,3246.4873757093214,1056263.0,2023,5,2
2023-05-15,options,8225.338866,106.540182011059,18679.0,2023,5,2
2023-05-15,totals,258867.474869,3353.02755772038,1074942.0,2023,5,2
2023-05-16,futures,262613.04349,3319.9964031787454,1113966.0,2023,5,2
2023-05-16,options,10454.122814,132.16270479036768,20344.0,2023,5,2
2023-05-16,totals,273067.166304,3452.159107969113,1134310.0,2023,5,2
2023-05-17,futures,293354.399264,3667.856124471429,1185872.0,2023,5,2
2023-05-17,options,10716.091202,133.98497123023563,23679.0,2023,5,2
2023-05-17,totals,304070.490466,3801.841095701665,1209551.0,2023,5,2
2023-05-18,futures,315935.718076,3911.8287319876877,1360423.0,2023,5,2
2023-05-18,options,15439.209671,191.16402652412825,28502.0,2023,5,2
2023-05-18,totals,331374.927747,4102.992758511816,1388925.0,2023,5,2
2023-05-19,futures,262005.706173,3273.573667209751,1219526.0,2023,5,2
2023-05-19,options,7660.174862,95.70839918237407,15845.0,2023,5,2
2023-05-19,totals,269665.881035,3369.282066392125,1235371.0,2023,5,2
2023-05-22,futures,218809.351288,2738.221349555058,1121703.0,2023,5,2
2023-05-22,options,4891.856602,61.21761299373164,12014.0,2023,5,2
2023-05-22,totals,223701.20789,2799.4389625487893,1133717.0,2023,5,2
2023-05-23,futures,260774.692752,3262.2159545347076,1276328.0,2023,5,2
2023-05-23,options,6268.702604,78.41965580782083,14733.0,2023,5,2
2023-05-23,totals,267043.395356,3340.6356103425283,1291061.0,2023,5,2
2023-05-24,futures,202020.463183,2520.011016858663,1025406.0,2023,5,2
2023-05-24,options,5927.711688,73.94250326507955,12767.0,2023,5,2
2023-05-24,totals,207948.174871,2593.9535201237427,1038173.0,2023,5,2
2023-05-25,futures,240217.805817,3003.9654634229914,1214028.0,2023,5,2
2023-05-25,options,8941.328895,111.81287376401988,16740.0,2023,5,2
2023-05-25,totals,249159.134712,3115.7783371870114,1230768.0,2023,5,2
2023-05-26,futures,190099.91391,2376.7212972328252,994868.0,2023,5,2
2023-05-26,options,6535.429561,81.70910919795308,14020.0,2023,5,2
2023-05-26,totals,196635.343471,2458.4304064307785,1008888.0,2023,5,2
2023-05-29,futures,246030.192998,3076.6580713972194,1040582.0,2023,5,2
2023-05-29,options,7590.840399,94.92501752604522,17489.0,2023,5,2
2023-05-29,totals,253621.033397,3171.5830889232643,1058071.0,2023,5,2
2023-05-30,futures,278772.86662,3482.245025263723,1276664.0,2023,5,2
2023-05-30,options,8447.361718,105.51881779515462,18335.0,2023,5,2
2023-05-30,totals,287220.228338,3587.763843058878,1294999.0,2023,5,2
2023-05-31,futures,293487.081487,3637.343735896152,1247770.0,2023,5,2
2023-05-31,options,7534.334564,93.37707299299021,16559.0,2023,5,2
2023-05-31,totals,301021.416051,3730.720808889142,1264329.0,2023,5,2
2023-06-01,futures,281916.302787,3480.69741767929,1087795.0,2023,6,2
2023-06-01,options,9362.637413,115.59639348249627,17235.0,2023,6,2
2023-06-01,totals,291278.9402,3596.2938111617864,1105030.0,2023,6,2
2023-06-02,futures,278935.996071,3445.113129028712,1174548.0,2023,6,2
2023-06-02,options,7975.493099,98.5045902030119,15058.0,2023,6,2
2023-06-02,totals,286911.48917,3543.617719231724,1189606.0,2023,6,2
2023-06-05,futures,297728.521403,3681.314530006578,1212213.0,2023,6,2
2023-06-05,options,7208.521665,89.1309822121876,15301.0,2023,6,2
2023-06-05,totals,304937.043068,3770.4455122187655,1227514.0,2023,6,2
2023-06-06,futures,248812.715426,3059.3206814018054,1182186.0,2023,6,2
2023-06-06,options,8488.509087,104.37196250064552,16861.0,2023,6,2
2023-06-06,totals,257301.224513,3163.692643902451,1199047.0,2023,6,2
2023-06-07,futures,307830.433706,3788.672935032775,1199089.0,2023,6,2
2023-06-07,options,6953.723827,85.58408258687362,14878.0,2023,6,2
2023-06-07,totals,314784.157533,3874.2570176196486,1213967.0,2023,6,2
2023-06-08,futures,273336.71469,3355.549843293669,1093940.0,2023,6,2
2023-06-08,options,10012.268044,122.91310555979086,18286.0,2023,6,2
2023-06-08,totals,283348.982734,3478.4629488534597,1112226.0,2023,6,2
2023-06-09,futures,283473.509932,3453.0777280888747,1078635.0,2023,6,2
2023-06-09,options,9895.28725,120.5375275602061,16436.0,2023,6,2
2023-06-09,totals,293368.797182,3573.6152556490806,1095071.0,2023,6,2
2023-06-12,futures,,,,2023,6,2
2023-06-12,options,,,,2023,6,2
2023-06-12,totals,,,,2023,6,2
2023-06-13,futures,427094.350954,5168.024749660281,1469025.0,2023,6,2
2023-06-13,options,11563.013035,139.91741499751336,20826.0,2023,6,2
2023-06-13,totals,438657.363989,5307.942164657794,1489851.0,2023,6,2
2023-06-14,futures,389583.290835,4657.830725964096,1420120.0,2023,6,2
2023-06-14,options,11628.273743,139.02683201319934,20324.0,2023,6,2
2023-06-14,totals,401211.564578,4796.857557977295,1440444.0,2023,6,2
2023-06-15,futures,473697.792673,5617.531626755561,1427536.0,2023,6,2
2023-06-15,options,16585.855364,196.68989069657954,22725.0,2023,6,2
2023-06-15,totals,490283.648037,5814.221517452141,1450261.0,2023,6,2
2023-06-16,futures,290950.022714,3465.2955084437913,1107651.0,2023,6,2
2023-06-16,options,7773.635574,92.58615685120847,15600.0,2023,6,2
2023-06-16,totals,298723.658288,3557.881665295,1123251.0,2023,6,2
2023-06-19,futures,203066.129152,2427.5745925513274,899269.0,2023,6,2
2023-06-19,options,7661.961785,91.5956975987988,15635.0,2023,6,2
2023-06-19,totals,210728.090937,2519.1702901501258,914904.0,2023,6,2
2023-06-20,futures,225241.774364,2681.877518127892,966791.0,2023,6,2
2023-06-20,options,7292.773526,86.83258431702201,14722.0,2023,6,2
2023-06-20,totals,232534.54789,2768.710102444914,981513.0,2023,6,2
2023-06-21,futures,324803.479247,3855.9847762294385,1175576.0,2023,6,2
2023-06-21,options,12098.692797,143.63262162604946,22412.0,2023,6,2
2023-06-21,totals,336902.172044,3999.617397855488,1197988.0,2023,6,2
2023-06-22,futures,248840.280634,2953.7095296789075,1006120.0,2023,6,2
2023-06-22,options,12432.260388,147.56970169751457,20250.0,2023,6,2
2023-06-22,totals,261272.541022,3101.279231376422,1026370.0,2023,6,2
2023-06-23,futures,276285.144793,3304.5418638833507,1175189.0,2023,6,2
2023-06-23,options,9807.771744,117.30703923203247,17961.0,2023,6,2
2023-06-23,totals,286092.916537,3421.848903115383,1193150.0,2023,6,2
2023-06-26,futures,378053.794599,4496.395600332067,1520185.0,2023,6,2
2023-06-26,options,14164.577717,168.46688444123583,28270.0,2023,6,2
2023-06-26,totals,392218.372316,4664.862484773303,1548455.0,2023,6,2
2023-06-27,futures,255357.696266,3016.123653988345,1111752.0,2023,6,2
2023-06-27,options,9901.614681,116.95161214539323,18858.0,2023,6,2
2023-06-27,totals,265259.310947,3133.075266133738,1130610.0,2023,6,2
2023-06-28,futures,288251.840507,3389.188534175031,1105612.0,2023,6,2
2023-06-28,options,13018.062812,153.06292283163867,24286.0,2023,6,2
2023-06-28,totals,301269.903319,3542.2514570066696,1129898.0,2023,6,2
2023-06-29,futures,313472.8159,3661.2443926128717,1131529.0,2023,6,2
2023-06-29,options,14951.840064,174.63185902227536,25905.0,2023,6,2
2023-06-29,totals,328424.655964,3835.876251635147,1157434.0,2023,6,2
2023-06-30,futures,494363.909307,5680.1174402561755,1491799.0,2023,6,2
2023-06-30,options,16246.677239,186.67025038461938,28031.0,2023,6,2
2023-06-30,totals,510610.586546,5866.7876906407955,1519830.0,2023,6,2
2023-07-03,futures,324790.504039,3674.7492095777084,1124210.0,2023,7,3
2023-07-03,options,10852.176439,122.78384464905572,20018.0,2023,7,3
2023-07-03,totals,335642.680478,3797.533054226764,1144228.0,2023,7,3
2023-07-04,futures,362223.51084,4055.0963704653204,1214755.0,2023,7,3
2023-07-04,options,12434.991203,139.20986955572596,21596.0,2023,7,3
2023-07-04,totals,374658.502043,4194.3062400210465,1236351.0,2023,7,3
2023-07-05,futures,368994.719502,4120.77413034787,1226623.0,2023,7,3
2023-07-05,options,12482.571985,139.3999886649171,21870.0,2023,7,3
2023-07-05,totals,381477.291487,4260.174119012787,1248493.0,2023,7,3
2023-07-06,futures,491741.987816,5443.357034869048,1583790.0,2023,7,3
2023-07-06,options,22654.411329,250.7738861719321,39749.0,2023,7,3
2023-07-06,totals,514396.399145,5694.13092104098,1623539.0,2023,7,3
2023-07-07,futures,240361.22974,2596.5488604778034,935529.0,2023,7,3
2023-07-07,options,11838.989438,127.89298244022058,16964.0,2023,7,3
2023-07-07,totals,252200.219178,2724.4418429180237,952493.0,2023,7,3
2023-07-10,futures,267211.832118,2914.3630960901055,1075811.0,2023,7,3
2023-07-10,options,10691.63762,116.60903587060017,19417.0,2023,7,3
2023-07-10,totals,277903.469738,3030.9721319607056,1095228.0,2023,7,3
2023-07-11,futures,246234.586643,2691.291328449905,1018807.0,2023,7,3
2023-07-11,options,8254.904781,90.22434239303293,16058.0,2023,7,3
2023-07-11,totals,254489.491424,2781.515670842938,1034865.0,2023,7,3
2023-07-12,futures,298614.346334,3299.44197618903,1027871.0,2023,7,3
2023-07-12,options,12081.157013,133.48681019175842,19808.0,2023,7,3
2023-07-12,totals,310695.503347,3432.9287863807886,1047679.0,2023,7,3
2023-07-13,futures,272373.653927,3005.4924389436505,1041896.0,2023,7,3
2023-07-13,options,16294.482273,179.80058850012085,26372.0,2023,7,3
2023-07-13,totals,288668.1362,3185.2930274437713,1068268.0,2023,7,3
2023-07-14,futures,245546.124086,2722.9744164558742,902953.0,2023,7,3
2023-07-14,options,9580.744326,106.24530029708669,15004.0,2023,7,3
2023-07-14,totals,255126.868412,2829.219716752961,917957.0,2023,7,3
2023-07-17,futures,225483.802092,2502.067289827894,945209.0,2023,7,3
2023-07-17,options,8584.275655,95.2548924755046,15548.0,2023,7,3
2023-07-17,totals,234068.077747,2597.3221823033987,960757.0,2023,7,3
2023-07-18,futures,219483.885446,2427.3364186472936,879493.0,2023,7,3
2023-07-18,options,7100.791995,78.52973340470264,14832.0,2023,7,3
2023-07-18,totals,226584.677441,2505.8661520519963,894325.0,2023,7,3
2023-07-19,futures,207291.032674,2285.694798292215,872180.0,2023,7,3
2023-07-19,options,8187.299293,90.27726460074142,16016.0,2023,7,3
2023-07-19,totals,215478.331967,2375.9720628929567,888196.0,2023,7,3
2023-07-20,futures,283301.019422,3106.2141539132895,1074126.0,2023,7,3
2023-07-20,options,12568.086981,137.80102079281087,21836.0,2023,7,3
2023-07-20,totals,295869.106403,3244.0151747061004,1095962.0,2023,7,3
2023-07-21,futures,256771.246892,2826.1808374048614,995496.0,2023,7,3
2023-07-21,options,10701.434824,117.78651386557628,18875.0,2023,7,3
2023-07-21,totals,267472.681716,2943.9673512704376,1014371.0,2023,7,3
2023-07-24,futures,204472.340066,2262.2475517510725,870839.0,2023,7,3
2023-07-24,options,7786.502269,86.1485504057107,14450.0,2023,7,3
2023-07-24,totals,212258.842335,2348.396102156783,885289.0,2023,7,3
2023-07-25,futures,191855.661594,2120.209766866691,781989.0,2023,7,3
2023-07-25,options,7216.691286,79.75213877929914,12268.0,2023,7,3
2023-07-25,totals,199072.35288,2199.96190564599,794257.0,2023,7,3
2023-07-26,futures,166790.024596,1851.2786529255393,757935.0,2023,7,3
2023-07-26,options,5792.726228,64.29611383602773,12413.0,2023,7,3
2023-07-26,totals,172582.750824,1915.574766761567,770348.0,2023,7,3
2023-07-27,futures,250697.130015,2784.075947340716,951809.0,2023,7,3
2023-07-27,options,13175.111233,146.31404150952616,22651.0,2023,7,3
2023-07-27,totals,263872.241248,2930.389988850242,974460.0,2023,7,3
2023-07-28,futures,235737.214657,2618.647723146991,888416.0,2023,7,3
2023-07-28,options,10490.709382,116.53430400177733,19370.0,2023,7,3
2023-07-28,totals,246227.924039,2735.1820271487686,907786.0,2023,7,3
2023-07-31,futures,279371.539079,3070.7491685270006,1062477.0,2023,7,3
2023-07-31,options,10652.901454,117.09277326571281,22455.0,2023,7,3
2023-07-31,totals,290024.440533,3187.841941792713,1084932.0,2023,7,3
2023-08-01,futures,248749.849208,2715.838003937012,1026405.0,2023,8,3
2023-08-01,options,11721.74191,127.977372661239,20424.0,2023,8,3
2023-08-01,totals,260471.591118,2843.8153765982515,1046829.0,2023,8,3
2023-08-02,futures,308196.578186,3358.157440558755,1123489.0,2023,8,3
2023-08-02,options,15269.307324,166.37672716574687,28402.0,2023,8,3
2023-08-02,totals,323465.88551,3524.5341677245015,1151891.0,2023,8,3
2023-08-03,futures,385886.779509,4156.426358063786,1228740.0,2023,8,3
2023-08-03,options,16579.244167,178.57675129522516,27956.0,2023,8,3
2023-08-03,totals,402466.023676,4335.003109359011,1256696.0,2023,8,3
2023-08-04,futures,366406.702558,3907.1212225952027,1384364.0,2023,8,3
2023-08-04,options,17409.169122,185.6399833012011,32604.0,2023,8,3
2023-08-04,totals,383815.87168,4092.761205896403,1416968.0,2023,8,3
2023-08-07,futures,387458.052079,4086.7826216358185,1352713.0,2023,8,3
2023-08-07,options,20184.737362,212.90210238419706,33005.0,2023,8,3
2023-08-07,totals,407642.789441,4299.684724020016,1385718.0,2023,8,3
2023-08-08,futures,362099.309617,3749.7287848101005,1347463.0,2023,8,3
2023-08-08,options,13734.253516,142.22541821826965,26154.0,2023,8,3
2023-08-08,totals,375833.563133,3891.9542030283706,1373617.0,2023,8,3
2023-08-09,futures,370791.748018,3859.3788012344457,1310665.0,2023,8,3
2023-08-09,options,15352.673072,159.79800336193932,26948.0,2023,8,3
2023-08-09,totals,386144.42109,4019.176804596385,1337613.0,2023,8,3
2023-08-10,futures,362239.634418,3719.0965742059284,1291283.0,2023,8,3
2023-08-10,options,17515.731053,179.833152323565,29281.0,2023,8,3
2023-08-10,totals,379755.365471,3898.929726529493,1320564.0,2023,8,3
2023-08-11,futures,341225.773093,3507.687887600047,1137916.0,2023,8,3
2023-08-11,options,18389.198879,189.03487150414168,25680.0,2023,8,3
2023-08-11,totals,359614.971972,3696.7227591041888,1163596.0,2023,8,3
2023-08-14,futures,614393.430945,6256.131776733947,2000949.0,2023,8,3
2023-08-14,options,24696.749209,251.47748938462385,43172.0,2023,8,3
2023-08-14,totals,639090.180154,6507.60926611857,2044121.0,2023,8,3
2023-08-15,futures,662970.366483,6561.470928643041,2125059.0,2023,8,3
2023-08-15,options,25649.42391,253.85440712035543,42915.0,2023,8,3
2023-08-15,totals,688619.790393,6815.325335763397,2167974.0,2023,8,3
2023-08-16,futures,485771.502946,4986.276188426193,1744281.0,2023,8,3
2023-08-16,options,21196.855492,217.57837824632497,36661.0,2023,8,3
2023-08-16,totals,506968.358438,5203.854566672517,1780942.0,2023,8,3
2023-08-17,futures,472340.329107,4884.367626191129,1625459.0,2023,8,3
2023-08-17,options,25677.475297,265.52513375282433,37201.0,2023,8,3
2023-08-17,totals,498017.804404,5149.892759943954,1662660.0,2023,8,3
2023-08-18,futures,325428.294038,3471.3832487572804,1222146.0,2023,8,3
2023-08-18,options,16350.733969,174.4152707208841,22647.0,2023,8,3
2023-08-18,totals,341779.028007,3645.7985194781645,1244793.0,2023,8,3
2023-08-21,futures,366674.383046,3925.652382010755,1249236.0,2023,8,3
2023-08-21,options,15513.916107,166.09352748844543,20913.0,2023,8,3
2023-08-21,totals,382188.299153,4091.7459094992005,1270149.0,2023,8,3
2023-08-22,futures,296714.214613,3151.759617483727,1020514.0,2023,8,3
2023-08-22,options,7883.411884,83.7392278505753,14948.0,2023,8,3
2023-08-22,totals,304597.626497,3235.4988453343026,1035462.0,2023,8,3
2023-08-23,futures,343268.524686,3647.195022083862,1157114.0,2023,8,3
2023-08-23,options,9964.323388,105.86997655083752,16472.0,2023,8,3
2023-08-23,totals,353232.848074,3753.0649986347,1173586.0,2023,8,3
2023-08-24,futures,319513.696247,3383.170177780884,1157000.0,2023,8,3
2023-08-24,options,17561.063691,185.94529019367423,23780.0,2023,8,3
2023-08-24,totals,337074.759938,3569.1154679745578,1180780.0,2023,8,3
2023-08-25,futures,335560.571429,3554.6407116578584,1074299.0,2023,8,3
2023-08-25,options,13870.155839,146.92852742617376,20073.0,2023,8,3
2023-08-25,totals,349430.727268,3701.5692390840322,1094372.0,2023,8,3
2023-08-28,futures,358332.811071,3783.4059685445413,1165233.0,2023,8,3
2023-08-28,options,9096.405141,96.04309859288769,16561.0,2023,8,3
2023-08-28,totals,367429.216212,3879.449067137429,1181794.0,2023,8,3
2023-08-29,futures,367325.148753,3847.4767784903797,1157925.0,2023,8,3
2023-08-29,options,11771.552221,123.29886470022007,17191.0,2023,8,3
2023-08-29,totals,379096.700974,3970.7756431906,1175116.0,2023,8,3
2023-08-30,futures,263012.82493,2748.1043698997983,928664.0,2023,8,3
2023-08-30,options,8514.484251,88.96407003667444,14012.0,2023,8,3
2023-08-30,totals,271527.309181,2837.0684399364727,942676.0,2023,8,3
2023-08-31,futures,296056.103302,3086.2227653570426,989883.0,2023,8,3
2023-08-31,options,12934.777968,134.83797761453087,20064.0,2023,8,3
2023-08-31,totals,308990.88127,3221.0607429715737,1009947.0,2023,8,3
2023-09-01,futures,346033.036496,3591.9986681393148,1021866.0,2023,9,3
2023-09-01,options,12011.670354,124.68723897174841,18050.0,2023,9,3
2023-09-01,totals,358044.70685,3716.685907111063,1039916.0,2023,9,3
2023-09-04,futures,220051.08786,2284.083198759408,764461.0,2023,9,3
2023-09-04,options,8818.49116,91.53405099173665,15830.0,2023,9,3
2023-09-04,totals,228869.57902,2375.6172497511443,780291.0,2023,9,3
2023-09-05,futures,288941.633212,2990.4981604410686,983137.0,2023,9,3
2023-09-05,options,11977.037537,123.96035948081088,19279.0,2023,9,3
2023-09-05,totals,300918.670749,3114.4585199218795,1002416.0,2023,9,3
2023-09-06,futures,350855.817253,3597.1081847130818,1161616.0,2023,9,3
2023-09-06,options,13836.010511,141.85207770691102,20395.0,2023,9,3
2023-09-06,totals,364691.827764,3738.960262419993,1182011.0,2023,9,3
2023-09-07,futures,441275.044272,4509.990344538596,1466177.0,2023,9,3
2023-09-07,options,18574.206871,189.83510337384342,28095.0,2023,9,3
2023-09-07,totals,459849.251143,4699.825447912439,1494272.0,2023,9,3
2023-09-08,futures,342227.762738,3485.146179308547,1125297.0,2023,9,3
2023-09-08,options,19733.528689,200.9604117576971,21072.0,2023,9,3
2023-09-08,totals,361961.291427,3686.106591066244,1146369.0,2023,9,3
2023-09-09,futures,,,,2023,9,3
2023-09-09,options,,,,2023,9,3
2023-09-09,totals,,,,2023,9,3
2023-09-11,futures,399766.350961,4082.41026428632,1201773.0,2023,9,3
2023-09-11,options,15748.670651,160.82527846566882,26059.0,2023,9,3
2023-09-11,totals,415515.021612,4243.235542751989,1227832.0,2023,9,3
2023-09-12,futures,477217.202592,4944.830678729187,1425876.0,2023,9,3
2023-09-12,options,19294.801079,199.9289292112699,31705.0,2023,9,3
2023-09-12,totals,496512.003671,5144.7596079404575,1457581.0,2023,9,3
2023-09-13,futures,322352.126196,3403.8037263247925,940611.0,2023,9,3
2023-09-13,options,11200.610154,118.27028730722728,16780.0,2023,9,3
2023-09-13,totals,333552.73635,3522.0740136320196,957391.0,2023,9,3
2023-09-14,futures,599619.198859,6247.3739037647665,1871222.0,2023,9,3
2023-09-14,options,21267.793627,221.587065839128,31508.0,2023,9,3
2023-09-14,totals,620886.992486,6468.960969603894,1902730.0,2023,9,3
2023-09-15,futures,542240.572428,5638.888284406657,1637828.0,2023,9,3
2023-09-15,options,13907.52509,144.62765105151885,19966.0,2023,9,3
2023-09-15,totals,556148.097518,5783.515935458175,1657794.0,2023,9,3
2023-09-18,futures,452426.989964,4681.871042678649,1279020.0,2023,9,3
2023-09-18,options,11086.079101,114.72258258497546,15183.0,2023,9,3
2023-09-18,totals,463513.069065,4796.593625263624,1294203.0,2023,9,3
2023-09-19,futures,475086.488469,4915.677727538925,1478316.0,2023,9,3
2023-09-19,options,11377.776227,117.72484072999528,19148.0,2023,9,3
2023-09-19,totals,486464.264696,5033.402568268921,1497464.0,2023,9,3
2023-09-20,futures,682256.524085,7090.324245663226,1953029.0,2023,9,3
2023-09-20,options,14456.42809,150.23786358024432,20390.0,2023,9,3
2023-09-20,totals,696712.952175,7240.56210924347,1973419.0,2023,9,3
2023-09-21,futures,589522.742202,6101.633479359783,1671214.0,2023,9,3
2023-09-21,options,19416.68322,200.96507888864508,26496.0,2023,9,3
2023-09-21,totals,608939.425422,6302.598558248428,1697710.0,2023,9,3
2023-09-22,futures,279571.738806,2909.8958827056026,976413.0,2023,9,3
2023-09-22,options,8799.174316,91.58536990430513,16178.0,2023,9,3
2023-09-22,totals,288370.913122,3001.4812526099076,992591.0,2023,9,3
2023-09-25,futures,262383.325539,2731.9672511580884,948083.0,2023,9,3
2023-09-25,options,8775.56469,91.37225200667626,14768.0,2023,9,3
2023-09-25,totals,271158.890229,2823.339503164764,962851.0,2023,9,3
2023-09-26,futures,221619.38206,2305.039253590388,830965.0,2023,9,3
2023-09-26,options,10653.420676,110.8050776738613,14710.0,2023,9,3
2023-09-26,totals,232272.802736,2415.8443312642494,845675.0,2023,9,3
2023-09-27,futures,268351.767018,2788.4237484439586,884219.0,2023,9,3
2023-09-27,options,7987.187542,82.99428646540133,14004.0,2023,9,3
2023-09-27,totals,276338.95456,2871.41803490936,898223.0,2023,9,3
2023-09-28,futures,309095.015072,3203.0571510051814,981351.0,2023,9,3
2023-09-28,options,13608.440303,141.02010676683938,21904.0,2023,9,3
2023-09-28,totals,322703.455375,3344.077257772021,1003255.0,2023,9,3
2023-09-29,futures,329932.850266,3401.306473343793,1031632.0,2023,9,3
2023-09-29,options,12258.752949,126.37655124956444,19862.0,2023,9,3
2023-09-29,totals,342191.603215,3527.683024593358,1051494.0,2023,9,3
2023-10-02,futures,351243.298782,3605.6498534820726,1069128.0,2023,10,4
2023-10-02,options,11369.153785,116.70881073390362,19522.0,2023,10,4
2023-10-02,totals,362612.452567,3722.3586642159758,1088650.0,2023,10,4
2023-10-03,futures,307966.74496,3127.2485360764026,983873.0,2023,10,4
2023-10-03,options,9481.038992,96.27521735201084,16602.0,2023,10,4
2023-10-03,totals,317447.783952,3223.5237534284133,1000475.0,2023,10,4
2023-10-04,futures,297029.81828,2992.2101376379223,968124.0,2023,10,4
2023-10-04,options,9601.782609,96.72615169889097,15460.0,2023,10,4
2023-10-04,totals,306631.600889,3088.9362893368134,983584.0,2023,10,4
2023-10-05,futures,323229.406995,3249.9902669535622,991057.0,2023,10,4
2023-10-05,options,13190.286168,132.62500483130646,21167.0,2023,10,4
2023-10-05,totals,336419.693163,3382.6152717848686,1012224.0,2023,10,4
2023-10-06,futures,430154.609074,4315.519743670004,1281031.0,2023,10,4
2023-10-06,options,14657.65104,147.05266693553727,21933.0,2023,10,4
2023-10-06,totals,444812.260114,4462.572410605541,1302964.0,2023,10,4
2023-10-09,futures,506388.607948,5039.1388684968115,1527664.0,2023,10,4
2023-10-09,options,19567.293736,194.7166837262205,31391.0,2023,10,4
2023-10-09,totals,525955.901684,5233.855552223032,1559055.0,2023,10,4
2023-10-10,futures,395759.115706,3904.497796029589,1185877.0,2023,10,4
2023-10-10,options,15857.059279,156.44327710788693,25820.0,2023,10,4
2023-10-10,totals,411616.174985,4060.941073137476,1211697.0,2023,10,4
2023-10-11,futures,339807.810789,3400.2916977852583,1092052.0,2023,10,4
2023-10-11,options,9224.731241,92.30740453034926,18211.0,2023,10,4
2023-10-11,totals,349032.54203,3492.5991023156075,1110263.0,2023,10,4
2023-10-12,futures,547786.961591,5478.9215688512195,1545226.0,2023,10,4
2023-10-12,options,26979.617,269.84798081231594,46410.0,2023,10,4
2023-10-12,totals,574766.578591,5748.769549663535,1591636.0,2023,10,4
2023-10-13,futures,373988.354978,3855.7567516815334,1080536.0,2023,10,4
2023-10-13,options,12479.927035,128.66593915343915,21876.0,2023,10,4
2023-10-13,totals,386468.282013,3984.4226908349724,1102412.0,2023,10,4
2023-10-16,futures,314478.154614,3231.7976991907094,1018219.0,2023,10,4
2023-10-16,options,10705.811847,110.02041823086606,18693.0,2023,10,4
2023-10-16,totals,325183.966461,3341.8181174215756,1036912.0,2023,10,4
2023-10-17,futures,290318.040553,2984.1554640469126,968215.0,2023,10,4
2023-10-17,options,9384.971111,96.46735272622614,17596.0,2023,10,4
2023-10-17,totals,299703.011664,3080.622816773139,985811.0,2023,10,4
2023-10-18,futures,331549.755411,3405.8968688017358,1075483.0,2023,10,4
2023-10-18,options,9495.277248,97.54172494344903,18025.0,2023,10,4
2023-10-18,totals,341045.032659,3503.438593745185,1093508.0,2023,10,4
2023-10-19,futures,316118.201149,3246.486695911778,1121738.0,2023,10,4
2023-10-19,options,13952.220178,143.28721668563168,26492.0,2023,10,4
2023-10-19,totals,330070.421327,3389.77391259741,1148230.0,2023,10,4
2023-10-20,futures,355979.872296,3658.302167111648,1218708.0,2023,10,4
2023-10-20,options,15330.852772,157.55073891605366,24082.0,2023,10,4
2023-10-20,totals,371310.725068,3815.852906027702,1242790.0,2023,10,4
2023-10-23,futures,325837.601486,3397.493167593449,1090591.0,2023,10,4
2023-10-23,options,13085.607766,136.44300957298503,21651.0,2023,10,4
2023-10-23,totals,338923.209252,3533.9361771664344,1112242.0,2023,10,4
2023-10-24,futures,307987.62747,3251.967122875446,1061200.0,2023,10,4
2023-10-24,options,12269.272645,129.54829254308765,19607.0,2023,10,4
2023-10-24,totals,320256.900115,3381.5154154185334,1080807.0,2023,10,4
2023-10-25,futures,341427.891573,3650.7605832720287,1135959.0,2023,10,4
2023-10-25,options,12693.104883,135.7226170735567,17435.0,2023,10,4
2023-10-25,totals,354120.996456,3786.483200345586,1153394.0,2023,10,4
2023-10-26,futures,331928.759344,3563.352281238896,1201732.0,2023,10,4
2023-10-26,options,11990.962418,128.72648748747997,22318.0,2023,10,4
2023-10-26,totals,343919.721762,3692.078768726376,1224050.0,2023,10,4
2023-10-27,futures,538944.947651,5760.3220514719715,1617612.0,2023,10,4
2023-10-27,options,15940.465479,170.3740153973425,25887.0,2023,10,4
2023-10-27,totals,554885.41313,5930.696066869315,1643499.0,2023,10,4
2023-10-30,futures,377258.243356,4047.079658475778,1261301.0,2023,10,4
2023-10-30,options,10891.94127,116.84450832140782,20904.0,2023,10,4
2023-10-30,totals,388150.184626,4163.9241667971855,1282205.0,2023,10,4
2023-10-31,futures,485012.279746,5201.566648034448,1393771.0,2023,10,4
2023-10-31,options,15441.77429,165.60697839527688,26450.0,2023,10,4
2023-10-31,totals,500454.054036,5367.173626429725,1420221.0,2023,10,4
2023-11-01,futures,412799.008412,4485.84378633075,1245428.0,2023,11,4
2023-11-01,options,12152.947083,132.0648088947715,21338.0,2023,11,4
2023-11-01,totals,424951.955495,4617.908595225521,1266766.0,2023,11,4
2023-11-02,futures,301779.833828,3235.200582203492,1017938.0,2023,11,4
2023-11-02,options,13307.374982,142.66038503389254,19964.0,2023,11,4
2023-11-02,totals,315087.20881,3377.860967237385,1037902.0,2023,11,4
2023-11-03,futures,396353.205878,4253.949168514484,1235804.0,2023,11,4
2023-11-03,options,14682.661922,157.58494329902442,18654.0,2023,11,4
2023-11-03,totals,411035.8678,4411.534111813508,1254458.0,2023,11,4
2023-11-06,futures,188640.58528,2027.6281240091105,733546.0,2023,11,4
2023-11-06,options,7307.95982,78.55056661410586,12142.0,2023,11,4
2023-11-06,totals,195948.5451,2106.1786906232164,745688.0,2023,11,4
2023-11-07,futures,275742.280543,2963.8521433630963,934075.0,2023,11,4
2023-11-07,options,6541.318994,70.31022693585538,11843.0,2023,11,4
2023-11-07,totals,282283.599537,3034.162370298952,945918.0,2023,11,4
2023-11-08,futures,277596.670078,3003.802085135438,987791.0,2023,11,4
2023-11-08,options,10044.221698,108.68593658395652,19150.0,2023,11,4
2023-11-08,totals,287640.891776,3112.4880217193945,1006941.0,2023,11,4
2023-11-09,futures,250891.59736,2721.246689002823,929993.0,2023,11,4
2023-11-09,options,11979.233817,129.93041897105445,19096.0,2023,11,4
2023-11-09,totals,262870.831177,2851.177107973878,949089.0,2023,11,4
2023-11-10,futures,219186.228975,2384.3613162566658,796359.0,2023,11,4
2023-11-10,options,9857.775028,107.23528367197308,15889.0,2023,11,4
2023-11-10,totals,229044.004003,2491.596599928639,812248.0,2023,11,4
2023-11-13,futures,261622.523621,2842.0703571401414,901808.0,2023,11,4
2023-11-13,options,10217.115547,110.99106005746658,16757.0,2023,11,4
2023-11-13,totals,271839.639168,2953.061417197608,918565.0,2023,11,4
2023-11-14,futures,348171.820946,3779.608015176105,1156240.0,2023,11,4
2023-11-14,options,13310.970598,144.49834287358132,22171.0,2023,11,4
2023-11-14,totals,361482.791544,3924.1063580496866,1178411.0,2023,11,4
2023-11-15,futures,393290.340261,4309.700518984845,1227050.0,2023,11,4
2023-11-15,options,19454.658638,213.18538455132207,31281.0,2023,11,4
2023-11-15,totals,412744.998899,4522.8859035361675,1258331.0,2023,11,4
2023-11-16,futures,337183.154895,3769.241529626131,1108406.0,2023,11,4
2023-11-16,options,14789.286215,165.32377429253322,26015.0,2023,11,4
2023-11-16,totals,351972.44111,3934.5653039186645,1134421.0,2023,11,4
2023-11-17,futures,336652.868659,3784.887434247065,1126798.0,2023,11,4
2023-11-17,options,12059.138992,135.5772901043997,19819.0,2023,11,4
2023-11-17,totals,348712.007651,3920.4647243514646,1146617.0,2023,11,4
2023-11-20,futures,383453.808621,4302.489782414778,1176786.0,2023,11,4
2023-11-20,options,13898.200366,155.9428116875758,23236.0,2023,11,4
2023-11-20,totals,397352.008987,4458.432594102354,1200022.0,2023,11,4
2023-11-21,futures,272073.682208,3074.438696339019,932260.0,2023,11,4
2023-11-21,options,10382.408988,117.32145386087865,16943.0,2023,11,4
2023-11-21,totals,282456.091196,3191.7601501998975,949203.0,2023,11,4
2023-11-22,futures,261649.541669,2977.685716404101,978657.0,2023,11,4
2023-11-22,options,10192.385175,115.99378144556569,17405.0,2023,11,4
2023-11-22,totals,271841.926844,3093.679497849667,996062.0,2023,11,4
2023-11-23,futures,244450.381249,2772.6528189141245,901482.0,2023,11,4
2023-11-23,options,11754.4969,133.32414863981998,19151.0,2023,11,4
2023-11-23,totals,256204.878149,2905.9769675539446,920633.0,2023,11,4
2023-11-24,futures,359868.242711,4083.815165931689,1096122.0,2023,11,4
2023-11-24,options,13525.049142,153.48339822924493,18963.0,2023,11,4
2023-11-24,totals,373393.291853,4237.298564160934,1115085.0,2023,11,4
2023-11-27,futures,315521.096197,3552.633402846195,1225307.0,2023,11,4
2023-11-27,options,7843.352697,88.31281685288127,17098.0,2023,11,4
2023-11-27,totals,323364.448894,3640.9462196990767,1242405.0,2023,11,4
2023-11-28,futures,313130.952745,3530.045857256396,1124430.0,2023,11,4
2023-11-28,options,10260.963053,115.67578931170347,17292.0,2023,11,4
2023-11-28,totals,323391.915798,3645.7216465681,1141722.0,2023,11,4
2023-11-29,futures,356975.728843,4028.607641592051,1171276.0,2023,11,4
2023-11-29,options,11199.862334,126.39473033578525,17816.0,2023,11,4
2023-11-29,totals,368175.591177,4155.002371927836,1189092.0,2023,11,4
2023-11-30,futures,372590.901105,4191.873474614695,1194792.0,2023,11,4
2023-11-30,options,13586.118057,152.8520630461466,22643.0,2023,11,4
2023-11-30,totals,386177.019162,4344.725537660841,1217435.0,2023,11,4
2023-12-01,futures,346506.144145,3911.703679250501,1101749.0,2023,12,4
2023-12-01,options,12630.482831,142.5853682411418,20278.0,2023,12,4
2023-12-01,totals,359136.626976,4054.289047491643,1122027.0,2023,12,4
2023-12-04,futures,375823.345994,4186.891609847831,1166618.0,2023,12,4
2023-12-04,options,12202.303407,135.94078787325134,20354.0,2023,12,4
2023-12-04,totals,388025.649401,4322.832397721082,1186972.0,2023,12,4
2023-12-05,futures,395584.34688,4362.767521020637,1154627.0,2023,12,4
2023-12-05,options,16332.658776,180.12743376183377,23924.0,2023,12,4
2023-12-05,totals,411917.005656,4542.894954782471,1178551.0,2023,12,4
2023-12-06,futures,452405.258337,4939.876573715663,1408954.0,2023,12,4
2023-12-06,options,20519.501864,224.05532361602621,28778.0,2023,12,4
2023-12-06,totals,472924.760201,5163.931897331689,1437732.0,2023,12,4
2023-12-07,futures,375906.762919,4051.4790803340284,1306867.0,2023,12,4
2023-12-07,options,17379.381614,187.3129402926842,26312.0,2023,12,4
2023-12-07,totals,393286.144533,4238.792020626713,1333179.0,2023,12,4
2023-12-08,futures,477040.067586,5153.546223383683,1344147.0,2023,12,4
2023-12-08,options,19371.733593,209.27618303383338,27332.0,2023,12,4
2023-12-08,totals,496411.801179,5362.8224064175165,1371479.0,2023,12,4
2023-12-11,futures,458332.583173,5001.435867370434,1411580.0,2023,12,4
2023-12-11,options,11586.012618,126.42936853040479,20906.0,2023,12,4
2023-12-11,totals,469918.595791,5127.865235900839,1432486.0,2023,12,4
2023-12-12,futures,430842.9612,4735.339400294116,1316730.0,2023,12,4
2023-12-12,options,14713.557744,161.7148148587783,19869.0,2023,12,4
2023-12-12,totals,445556.518944,4897.054215152894,1336599.0,2023,12,4
2023-12-13,futures,391103.913405,4335.2041815846005,1204283.0,2023,12,4
2023-12-13,options,11159.783263,123.70098433977198,17822.0,2023,12,4
2023-12-13,totals,402263.696668,4458.905165924372,1222105.0,2023,12,4
2023-12-14,futures,459876.285095,5115.841405132347,1378403.0,2023,12,4
2023-12-14,options,18602.337983,206.93959216887706,27255.0,2023,12,4
2023-12-14,totals,478478.623078,5322.780997301224,1405658.0,2023,12,4
2023-12-15,futures,485687.51392,5416.140378548544,1575745.0,2023,12,4
2023-12-15,options,15091.630208,168.29419205768446,22027.0,2023,12,4
2023-12-15,totals,500779.144128,5584.434570606229,1597772.0,2023,12,4
2023-12-18,futures,438265.624352,4886.089599293618,1457616.0,2023,12,4
2023-12-18,options,11960.05595,133.3390111776812,19969.0,2023,12,4
2023-12-18,totals,450225.680302,5019.428610471299,1477585.0,2023,12,4
2023-12-19,futures,422792.600734,4676.071331619776,1436453.0,2023,12,4
2023-12-19,options,9342.002586,103.32222086307542,14840.0,2023,12,4
2023-12-19,totals,432134.60332,4779.393552482851,1451293.0,2023,12,4
2023-12-20,futures,503367.628096,5587.572325596368,1521820.0,2023,12,4
2023-12-20,options,9628.830181,106.88368111936238,15492.0,2023,12,4
2023-12-20,totals,512996.458277,5694.456006715731,1537312.0,2023,12,4
2023-12-21,futures,569965.341504,6304.535797605457,1668236.0,2023,12,4
2023-12-21,options,21861.422223,241.8149121625209,28222.0,2023,12,4
2023-12-21,totals,591826.763727,6546.3507097679785,1696458.0,2023,12,4
2023-12-22,futures,331393.180417,3613.6398675007795,1128872.0,2023,12,4
2023-12-22,options,11959.268259,130.40850301288245,17849.0,2023,12,4
2023-12-22,totals,343352.448676,3744.0483705136617,1146721.0,2023,12,4
2023-12-25,futures,237377.377523,2581.903606884572,815252.0,2023,12,4
2023-12-25,options,9215.40282,100.23399040014618,13837.0,2023,12,4
2023-12-25,totals,246592.780343,2682.137597284718,829089.0,2023,12,4
2023-12-26,futures,232430.99912,2527.2754854353097,772430.0,2023,12,4
2023-12-26,options,5742.829376,62.44309904424317,10950.0,2023,12,4
2023-12-26,totals,238173.828496,2589.718584479553,783380.0,2023,12,4
2023-12-27,futures,266320.117287,2904.035762707059,875020.0,2023,12,4
2023-12-27,options,8414.60906,91.7554628931956,12602.0,2023,12,4
2023-12-27,totals,274734.726347,2995.7912256002546,887622.0,2023,12,4
2023-12-28,futures,364245.654163,3971.923635250384,1075172.0,2023,12,4
2023-12-28,options,14698.096559,160.27567233447212,22204.0,2023,12,4
2023-12-28,totals,378943.750722,4132.199307584856,1097376.0,2023,12,4
2023-12-29,futures,269862.519707,2988.3750539233542,821540.0,2023,12,4
2023-12-29,options,11661.355883,129.13429050286751,12841.0,2023,12,4
2023-12-29,totals,281523.87559,3117.509344426222,834381.0,2023,12,4
2024-01-03,futures,178434.386131,1989.4945732163505,661963.0,2024,1,1
2024-01-03,options,6873.089983,76.63307235168914,11006.0,2024,1,1
2024-01-03,totals,185307.476114,2066.1276455680395,672969.0,2024,1,1
2024-01-04,futures,188448.979986,2101.154554005372,720511.0,2024,1,1
2024-01-04,options,10050.624198,112.06170925304639,16853.0,2024,1,1
2024-01-04,totals,198499.604184,2213.2162632584186,737364.0,2024,1,1
2024-01-05,futures,186090.197774,2074.854777869577,741225.0,2024,1,1
2024-01-05,options,8907.087706,99.31159031891562,11036.0,2024,1,1
2024-01-05,totals,194997.28548,2174.166368188493,752261.0,2024,1,1
2024-01-08,futures,251048.843881,2799.1259047278186,942069.0,2024,1,1
2024-01-08,options,7840.886626,87.42374006420013,14026.0,2024,1,1
2024-01-08,totals,258889.730507,2886.5496447920186,956095.0,2024,1,1
2024-01-09,futures,326567.674573,3641.1401997027483,1125200.0,2024,1,1
2024-01-09,options,10405.611518,116.01972072165489,17237.0,2024,1,1
2024-01-09,totals,336973.286091,3757.159920424403,1142437.0,2024,1,1
2024-01-10,futures,315216.665932,3486.7557401442414,1066681.0,2024,1,1
2024-01-10,options,9370.722581,103.65384917702757,16987.0,2024,1,1
2024-01-10,totals,324587.388513,3590.409589321269,1083668.0,2024,1,1
2024-01-11,futures,318392.109678,3561.6760167975663,1095666.0,2024,1,1
2024-01-11,options,11296.729026,126.37024479298923,18714.0,2024,1,1
2024-01-11,totals,329688.838704,3688.046261590556,1114380.0,2024,1,1
2024-01-12,futures,380303.153166,4283.571105406739,1206125.0,2024,1,1
2024-01-12,options,13889.472303,156.44504057137834,20657.0,2024,1,1
2024-01-12,totals,394192.625469,4440.016145978117,1226782.0,2024,1,1
2024-01-15,futures,294765.165653,3344.5720944056893,976297.0,2024,1,1
2024-01-15,options,11997.588564,136.1314177759825,18099.0,2024,1,1
2024-01-15,totals,306762.754217,3480.7035121816716,994396.0,2024,1,1
2024-01-16,futures,327572.81518,3736.1231332661173,1110443.0,2024,1,1
2024-01-16,options,13609.415671,155.22183271135484,19560.0,2024,1,1
2024-01-16,totals,341182.230851,3891.344965977472,1130003.0,2024,1,1
2024-01-17,futures,335830.620367,3831.683931636121,1146187.0,2024,1,1
2024-01-17,options,14767.975731,168.49629509491052,20282.0,2024,1,1
2024-01-17,totals,350598.596098,4000.180226731032,1166469.0,2024,1,1
2024-01-18,futures,304004.465763,3440.754982943613,1070302.0,2024,1,1
2024-01-18,options,11189.950287,126.64905139552256,18333.0,2024,1,1
2024-01-18,totals,315194.41605,3567.4040343391357,1088635.0,2024,1,1
2024-01-19,futures,292356.297989,3297.462221145712,1020246.0,2024,1,1
2024-01-19,options,16014.989504,180.631726508837,19318.0,2024,1,1
2024-01-19,totals,308371.287493,3478.0939476545495,1039564.0,2024,1,1
2024-01-22,futures,252521.530024,2850.4647275075176,906034.0,2024,1,1
2024-01-22,options,7891.7852,89.0825243595185,13930.0,2024,1,1
2024-01-22,totals,260413.315224,2939.5472518670363,919964.0,2024,1,1
2024-01-23,futures,262307.065521,2981.6972768845685,962191.0,2024,1,1
2024-01-23,options,8727.291189,99.20487776848194,14701.0,2024,1,1
2024-01-23,totals,271034.35671,3080.9021546530503,976892.0,2024,1,1
2024-01-24,futures,289752.048184,3295.6366895776723,1031966.0,2024,1,1
2024-01-24,options,7919.831484,90.08007838953412,14010.0,2024,1,1
2024-01-24,totals,297671.879668,3385.7167679672066,1045976.0,2024,1,1
2024-01-25,futures,368105.450368,4169.612126108227,1239898.0,2024,1,1
2024-01-25,options,14107.763528,159.8017682699594,21325.0,2024,1,1
2024-01-25,totals,382213.213896,4329.413894378186,1261223.0,2024,1,1
2024-01-26,futures,344428.416865,3884.9896213124407,1075288.0,2024,1,1
2024-01-26,options,13708.05468,154.62037263045337,19191.0,2024,1,1
2024-01-26,totals,358136.471545,4039.6099939428946,1094479.0,2024,1,1
2024-01-29,futures,338936.100995,3786.3228878333343,1075012.0,2024,1,1
2024-01-29,options,10800.317242,120.65250130982317,18800.0,2024,1,1
2024-01-29,totals,349736.418237,3906.9753891431574,1093812.0,2024,1,1
2024-01-30,futures,308318.48502,3440.708913390396,1042816.0,2024,1,1
2024-01-30,options,9409.031002,105.00095974734681,15205.0,2024,1,1
2024-01-30,totals,317727.516022,3545.709873137743,1058021.0,2024,1,1
2024-01-31,futures,311145.46977,3484.71273263022,1103717.0,2024,1,1
2024-01-31,options,10072.606069,112.80941562594145,15843.0,2024,1,1
2024-01-31,totals,321218.075839,3597.5221482561615,1119560.0,2024,1,1
2024-02-01,futures,303350.622533,3383.049684870154,1044887.0,2024,2,1
2024-02-01,options,15643.30764,174.45847494864378,20753.0,2024,2,1
2024-02-01,totals,318993.930173,3557.5081598187976,1065640.0,2024,2,1
2024-02-02,futures,351343.258225,3893.8673125538207,1115035.0,2024,2,1
2024-02-02,options,13890.599858,153.94675000193948,21144.0,2024,2,1
2024-02-02,totals,365233.858083,4047.81406255576,1136179.0,2024,2,1
2024-02-05,futures,338879.061912,3737.804363783964,1072462.0,2024,2,1
2024-02-05,options,16213.518956,178.83359793343672,22012.0,2024,2,1
2024-02-05,totals,355092.580868,3916.637961717401,1094474.0,2024,2,1
2024-02-06,futures,211872.422943,2322.057518056101,746862.0,2024,2,1
2024-02-06,options,11616.329554,127.31144996788811,13884.0,2024,2,1
2024-02-06,totals,223488.752497,2449.3689680239886,760746.0,2024,2,1
2024-02-07,futures,275434.147941,3037.2892735559226,928695.0,2024,2,1
2024-02-07,options,11199.475055,123.49973925998134,19354.0,2024,2,1
2024-02-07,totals,286633.622996,3160.789012815904,948049.0,2024,2,1
2024-02-08,futures,288873.473438,3169.161125753417,1058643.0,2024,2,1
2024-02-08,options,16245.529335,178.22577969180944,23264.0,2024,2,1
2024-02-08,totals,305119.002773,3347.3869054452266,1081907.0,2024,2,1
2024-02-09,futures,260806.428331,2857.961586469288,932347.0,2024,2,1
2024-02-09,options,12119.059417,132.80273227762308,19880.0,2024,2,1
2024-02-09,totals,272925.487748,2990.764318746911,952227.0,2024,2,1
2024-02-12,futures,253244.918348,2786.2761549167617,890398.0,2024,2,1
2024-02-12,options,8812.106171,96.95342145074105,19654.0,2024,2,1
2024-02-12,totals,262057.024519,2883.2295763675033,910052.0,2024,2,1
2024-02-13,futures,298453.619636,3276.980489174951,1014704.0,2024,2,1
2024-02-13,options,7658.640166,84.09083605084994,17569.0,2024,2,1
2024-02-13,totals,306112.259802,3361.071325225801,1032273.0,2024,2,1
2024-02-14,futures,244406.796975,2679.731606412757,923703.0,2024,2,1
2024-02-14,options,10524.566382,115.39373506261123,18647.0,2024,2,1
2024-02-14,totals,254931.363357,2795.1253414753687,942350.0,2024,2,1
2024-02-15,futures,298080.190018,3260.1440860490247,1020700.0,2024,2,1
2024-02-15,options,17253.528829,188.7042207398755,32084.0,2024,2,1
2024-02-15,totals,315333.718847,3448.8483067889,1052784.0,2024,2,1
2024-02-16,futures,387756.90693,4222.8412373929605,1150389.0,2024,2,1
2024-02-16,options,15497.524317,168.7747751070802,26109.0,2024,2,1
2024-02-16,totals,403254.431247,4391.616012500041,1176498.0,2024,2,1
2024-02-19,futures,255483.698753,2760.517635517109,849340.0,2024,2,1
2024-02-19,options,7246.170765,78.29533658853886,15502.0,2024,2,1
2024-02-19,totals,262729.869518,2838.8129721056475,864842.0,2024,2,1
2024-02-20,futures,249637.648296,2701.407943019277,875353.0,2024,2,1
2024-02-20,options,6334.244302,68.54486087033682,15181.0,2024,2,1
2024-02-20,totals,255971.892598,2769.952803889614,890534.0,2024,2,1
2024-02-21,futures,367925.959017,3984.081679465939,1305261.0,2024,2,1
2024-02-21,options,13181.412217,142.73475854638383,29314.0,2024,2,1
2024-02-21,totals,381107.371234,4126.816438012323,1334575.0,2024,2,1
2024-02-22,futures,460102.185945,4977.376206556345,1357664.0,2024,2,1
2024-02-22,options,18034.283192,195.0945133585825,30485.0,2024,2,1
2024-02-22,totals,478136.469137,5172.470719914927,1388149.0,2024,2,1
2024-02-26,futures,353498.6441,3811.2280621744676,1176538.0,2024,2,1
2024-02-26,options,15371.407415,165.7260650725214,27399.0,2024,2,1
2024-02-26,totals,368870.051515,3976.9541272469887,1203937.0,2024,2,1
2024-02-27,futures,293854.490684,3172.274953110207,988585.0,2024,2,1
2024-02-27,options,9015.128926,97.321867106543,15632.0,2024,2,1
2024-02-27,totals,302869.61961,3269.59682021675,1004217.0,2024,2,1
2024-02-28,futures,356033.907022,3868.1468563109433,1073600.0,2024,2,1
2024-02-28,options,12076.783559,131.20877376212076,22457.0,2024,2,1
2024-02-28,totals,368110.690581,3999.355630073064,1096057.0,2024,2,1
2024-02-29,futures,383008.326328,4169.061299412643,1105347.0,2024,2,1
2024-02-29,options,14150.822021,154.03227655188027,24610.0,2024,2,1
2024-02-29,totals,397159.148349,4323.093575964524,1129957.0,2024,2,1
2024-03-01,futures,279353.504761,3075.147863506318,879760.0,2024,3,1
2024-03-01,options,10116.635419,111.364809334418,17616.0,2024,3,1
2024-03-01,totals,289470.14018,3186.512672840736,897376.0,2024,3,1
2024-03-04,futures,301979.461286,3306.3348131027356,935642.0,2024,3,1
2024-03-04,options,7502.03814,82.1388639011273,19532.0,2024,3,1
2024-03-04,totals,309481.499426,3388.473677003863,955174.0,2024,3,1
2024-03-05,futures,341115.349471,3734.0191987490343,983883.0,2024,3,1
2024-03-05,options,7837.357643,85.7916360310618,17972.0,2024,3,1
2024-03-05,totals,348952.707114,3819.8108347800962,1001855.0,2024,3,1
2024-03-06,futures,335816.308113,3683.795903846407,900763.0,2024,3,1
2024-03-06,options,11438.180524,125.47312784937318,21562.0,2024,3,1
2024-03-06,totals,347254.488637,3809.26903169578,922325.0,2024,3,1
2024-03-07,futures,328735.212776,3638.8183107596537,951584.0,2024,3,1
2024-03-07,options,11247.971418,124.50544621944361,20290.0,2024,3,1
2024-03-07,totals,339983.184194,3763.323756979097,971874.0,2024,3,1
2024-03-11,futures,342114.879327,3769.8900082645264,1004103.0,2024,3,1
2024-03-11,options,9395.261591,103.5298519217228,17734.0,2024,3,1
2024-03-11,totals,351510.140918,3873.4198601862495,1021837.0,2024,3,1
2024-03-12,futures,415468.986023,4584.475245549803,1179006.0,2024,3,1
2024-03-12,options,9845.770586,108.64274601325017,17259.0,2024,3,1
2024-03-12,totals,425314.756609,4693.117991563053,1196265.0,2024,3,1
2024-03-13,futures,395200.285456,4348.508562286399,1142790.0,2024,3,1
2024-03-13,options,9061.47527,99.7061597591597,15960.0,2024,3,1
2024-03-13,totals,404261.760726,4448.214722045559,1158750.0,2024,3,1
2024-03-14,futures,412260.921902,4503.373993548521,1220574.0,2024,3,1
2024-03-14,options,10978.922591,119.92937444904086,18705.0,2024,3,1
2024-03-14,totals,423239.844493,4623.3033679975615,1239279.0,2024,3,1
2024-03-15,futures,373891.781235,4080.18889141701,1148352.0,2024,3,1
2024-03-15,options,11765.600441,128.3950988750042,18487.0,2024,3,1
2024-03-15,totals,385657.381676,4208.583990292014,1166839.0,2024,3,1
2024-03-18,futures,423179.51601,4606.286230652008,1270168.0,2024,3,1
2024-03-18,options,11376.716622,123.83494744748013,16477.0,2024,3,1
2024-03-18,totals,434556.232632,4730.121178099488,1286645.0,2024,3,1
2024-03-19,futures,435084.874518,4730.06259335159,1317253.0,2024,3,1
2024-03-19,options,12052.109305,131.02554175830508,20099.0,2024,3,1
2024-03-19,totals,447136.983823,4861.088135109896,1337352.0,2024,3,1
2024-03-20,futures,487224.321701,5283.036268109381,1399712.0,2024,3,1
2024-03-20,options,11042.274768,119.73281193785152,18783.0,2024,3,1
2024-03-20,totals,498266.596469,5402.769080047233,1418495.0,2024,3,1
2024-03-21,futures,539519.729287,5820.934630834613,1345383.0,2024,3,1
2024-03-21,options,20262.527024,218.61451743033746,24968.0,2024,3,1
2024-03-21,totals,559782.256311,6039.54914826495,1370351.0,2024,3,1
2024-03-22,futures,277803.894946,3021.2528229612,847283.0,2024,3,1
2024-03-22,options,10377.648902,112.86199225882791,16809.0,2024,3,1
2024-03-22,totals,288181.543848,3134.1148152200276,864092.0,2024,3,1
2024-03-25,futures,310902.666213,3357.0524081488534,945867.0,2024,3,1
2024-03-25,options,13603.081516,146.88281100248562,19362.0,2024,3,1
2024-03-25,totals,324505.747729,3503.935219151339,965229.0,2024,3,1
2024-03-26,futures,243950.787867,2629.457240248297,747261.0,2024,3,1
2024-03-26,options,6288.770408,67.78437989956466,12435.0,2024,3,1
2024-03-26,totals,250239.558275,2697.2416201478613,759696.0,2024,3,1
2024-03-27,futures,295652.91855,3193.6755645453118,850459.0,2024,3,1
2024-03-27,options,14576.899969,157.4612876007972,22511.0,2024,3,1
2024-03-27,totals,310229.818519,3351.136852146109,872970.0,2024,3,1
2024-03-28,futures,273382.225508,2952.550120561302,839967.0,2024,3,1
2024-03-28,options,16066.197909,173.5162353186402,20964.0,2024,3,1
2024-03-28,totals,289448.423417,3126.066355879942,860931.0,2024,3,1
2024-03-29,futures,262063.278334,2840.4002299301565,698263.0,2024,3,1
2024-03-29,options,11071.827894,120.00316372362425,17770.0,2024,3,1
2024-03-29,totals,273135.106228,2960.4033936537803,716033.0,2024,3,1
2024-04-01,futures,257976.514373,2792.981339161596,796296.0,2024,4,2
2024-04-01,options,7303.917424,79.07582253210056,13969.0,2024,4,2
2024-04-01,totals,265280.431797,2872.057161693697,810265.0,2024,4,2
2024-04-02,futures,294581.185224,3191.859536468187,872931.0,2024,4,2
2024-04-02,options,7984.443614,86.51340876831428,14280.0,2024,4,2
2024-04-02,totals,302565.628838,3278.3729452365014,887211.0,2024,4,2
2024-04-03,futures,284571.18729,3075.6007246658755,904217.0,2024,4,2
2024-04-03,options,9321.373281,100.7439392966688,17773.0,2024,4,2
2024-04-03,totals,293892.560571,3176.3446639625445,921990.0,2024,4,2
2024-04-04,futures,229004.769561,2478.696314731592,742655.0,2024,4,2
2024-04-04,options,12610.998606,136.4986232806432,19758.0,2024,4,2
2024-04-04,totals,241615.768167,2615.1949380122346,762413.0,2024,4,2
2024-04-05,futures,328055.884214,3554.011602889526,920767.0,2024,4,2
2024-04-05,options,10466.228424,113.38646568254649,16433.0,2024,4,2
2024-04-05,totals,338522.112638,3667.3980685720726,937200.0,2024,4,2
2024-04-08,futures,239163.731822,2587.917955559403,743883.0,2024,4,2
2024-04-08,options,6523.752952,70.59154527108548,11791.0,2024,4,2
2024-04-08,totals,245687.484774,2658.5095008304884,755674.0,2024,4,2
2024-04-09,futures,265861.680471,2871.6656816301397,783067.0,2024,4,2
2024-04-09,options,8987.262389,97.07458753955994,15140.0,2024,4,2
2024-04-09,totals,274848.94286,2968.7402691697,798207.0,2024,4,2
2024-04-10,futures,334954.260299,3611.5107589089803,901516.0,2024,4,2
2024-04-10,options,13601.40611,146.65173823645793,22013.0,2024,4,2
2024-04-10,totals,348555.666409,3758.162497145438,923529.0,2024,4,2
2024-04-11,futures,296987.814386,3185.8877018187122,820972.0,2024,4,2
2024-04-11,options,17642.437665,189.25633465208034,25037.0,2024,4,2
2024-04-11,totals,314630.252051,3375.144036470793,846009.0,2024,4,2
2024-04-12,futures,349444.025686,3728.612005236898,937798.0,2024,4,2
2024-04-12,options,10519.825896,112.24787446809418,18527.0,2024,4,2
2024-04-12,totals,359963.851582,3840.859879704992,956325.0,2024,4,2
2024-04-15,futures,310256.435422,3320.313857295282,904146.0,2024,4,2
2024-04-15,options,7017.324901,75.09826856046377,13891.0,2024,4,2
2024-04-15,totals,317273.760323,3395.4121258557457,918037.0,2024,4,2
2024-04-16,futures,332652.640181,3554.3951184593075,908279.0,2024,4,2
2024-04-16,options,10617.275519,113.44564184290692,19609.0,2024,4,2
2024-04-16,totals,343269.9157,3667.8407603022147,927888.0,2024,4,2
2024-04-17,futures,290988.762179,3093.183488979975,909234.0,2024,4,2
2024-04-17,options,9097.038907,96.70067783728163,18187.0,2024,4,2
2024-04-17,totals,300085.801086,3189.8841668172568,927421.0,2024,4,2
2024-04-18,futures,330024.610417,3498.83285961609,941282.0,2024,4,2
2024-04-18,options,14416.273289,152.83748273507754,22287.0,2024,4,2
2024-04-18,totals,344440.883706,3651.670342351167,963569.0,2024,4,2
2024-04-19,futures,328753.678694,3493.952513534597,936643.0,2024,4,2
2024-04-19,options,14073.37206,149.5700181311522,21294.0,2024,4,2
2024-04-19,totals,342827.050754,3643.5225316657493,957937.0,2024,4,2
2024-04-22,futures,281721.909976,3014.9742776022063,854592.0,2024,4,2
2024-04-22,options,7950.481516,85.08566929470928,15821.0,2024,4,2
2024-04-22,totals,289672.391492,3100.0599468969153,870413.0,2024,4,2
2024-04-23,futures,318455.064087,3414.9981296574115,1018441.0,2024,4,2
2024-04-23,options,10246.629603,109.88118851197669,16602.0,2024,4,2
2024-04-23,totals,328701.69369,3524.879318169388,1035043.0,2024,4,2
2024-04-24,futures,291927.127857,3129.183142108953,936061.0,2024,4,2
2024-04-24,options,10775.249832,115.50050306672185,17502.0,2024,4,2
2024-04-24,totals,302702.377689,3244.683645175675,953563.0,2024,4,2
2024-04-25,futures,288651.920882,3120.365651472665,897357.0,2024,4,2
2024-04-25,options,11114.09824,120.14487999671373,17434.0,2024,4,2
2024-04-25,totals,299766.019122,3240.5105314693783,914791.0,2024,4,2
2024-04-26,futures,385458.460467,4183.790330625607,986874.0,2024,4,2
2024-04-26,options,14753.394602,160.13427129078687,22494.0,2024,4,2
2024-04-26,totals,400211.855069,4343.924601916393,1009368.0,2024,4,2
2024-04-27,futures,118758.554569,1290.6658657217317,399805.0,2024,4,2
2024-04-27,options,7093.136342,77.08808001877988,13685.0,2024,4,2
2024-04-27,totals,125851.690911,1367.7539457405114,413490.0,2024,4,2
2024-04-29,futures,158214.985715,1723.8672607924898,529717.0,2024,4,2
2024-04-29,options,8290.021934,90.32581419952908,13901.0,2024,4,2
2024-04-29,totals,166505.007649,1814.1930749920189,543618.0,2024,4,2
2024-04-30,futures,214423.779621,2336.30292322544,663445.0,2024,4,2
2024-04-30,options,7359.213613,80.18398102618134,12357.0,2024,4,2
2024-04-30,totals,221782.993234,2416.486904251621,675802.0,2024,4,2
2024-05-02,futures,342080.857306,3727.2195663936564,954671.0,2024,5,2
2024-05-02,options,13772.698743,150.063562869978,22936.0,2024,5,2
2024-05-02,totals,355853.556049,3877.2831292636342,977607.0,2024,5,2
2024-05-03,futures,308692.883156,3353.3964177035605,864798.0,2024,5,2
2024-05-03,options,6863.91324,74.56414879125033,13988.0,2024,5,2
2024-05-03,totals,315556.796396,3427.960566494811,878786.0,2024,5,2
2024-05-06,futures,275401.545785,3003.556978759278,806439.0,2024,5,2
2024-05-06,options,10375.000449,113.15079918814988,18986.0,2024,5,2
2024-05-06,totals,285776.546234,3116.7077779474284,825425.0,2024,5,2
2024-05-07,futures,251364.270759,2752.7944809138735,796178.0,2024,5,2
2024-05-07,options,10703.701096,117.22067425672746,14508.0,2024,5,2
2024-05-07,totals,262067.971855,2870.015155170601,810686.0,2024,5,2
2024-05-08,futures,274230.741745,3009.45360446473,796250.0,2024,5,2
2024-05-08,options,11163.560345,122.51076121203077,17838.0,2024,5,2
2024-05-08,totals,285394.30209,3131.9643656767607,814088.0,2024,5,2
2024-05-10,futures,182141.238401,1983.5929251643636,551519.0,2024,5,2
2024-05-10,options,8133.816022,88.58059853698221,12579.0,2024,5,2
2024-05-10,totals,190275.054423,2072.173523701346,564098.0,2024,5,2
2024-05-13,futures,287312.314883,3128.949161198773,797077.0,2024,5,2
2024-05-13,options,10222.601594,111.3283316652854,17700.0,2024,5,2
2024-05-13,totals,297534.916477,3240.2774928640583,814777.0,2024,5,2
2024-05-14,futures,265043.931849,2892.450665688126,728114.0,2024,5,2
2024-05-14,options,7016.854872,76.57563183569239,14073.0,2024,5,2
2024-05-14,totals,272060.786721,2969.026297523818,742187.0,2024,5,2
2024-05-15,futures,316048.441338,3459.4084370139376,846643.0,2024,5,2
2024-05-15,options,10549.024475,115.46769259986142,19000.0,2024,5,2
2024-05-15,totals,326597.465813,3574.876129613799,865643.0,2024,5,2
2024-05-16,futures,290578.656908,3184.1689038356385,843347.0,2024,5,2
2024-05-16,options,11593.472036,127.041585012925,20292.0,2024,5,2
2024-05-16,totals,302172.128944,3311.2104888485637,863639.0,2024,5,2
2024-05-17,futures,266200.029627,2927.72339975518,768904.0,2024,5,2
2024-05-17,options,9384.132342,103.20864307404322,15013.0,2024,5,2
2024-05-17,totals,275584.161969,3030.932042829223,783917.0,2024,5,2
2024-05-18,futures,,,,2024,5,2
2024-05-18,options,,,,2024,5,2
2024-05-18,totals,,,,2024,5,2
2024-05-20,futures,378315.39155,4157.892272328116,1066218.0,2024,5,2
2024-05-20,options,11637.485052,127.90230122225847,19187.0,2024,5,2
2024-05-20,totals,389952.876602,4285.7945735503745,1085405.0,2024,5,2
2024-05-21,futures,371386.167333,4096.75685970898,1135601.0,2024,5,2
2024-05-21,options,11488.078779,126.72487475966231,19825.0,2024,5,2
2024-05-21,totals,382874.246112,4223.481734468643,1155426.0,2024,5,2
2024-05-22,futures,318560.165957,3523.5760247079356,920933.0,2024,5,2
2024-05-22,options,10846.516014,119.97270174608056,16049.0,2024,5,2
2024-05-22,totals,329406.681971,3643.548726454016,936982.0,2024,5,2
2024-05-23,futures,352021.616571,3903.1676537193684,1078951.0,2024,5,2
2024-05-23,options,10823.748596,120.01224760973382,17940.0,2024,5,2
2024-05-23,totals,362845.365167,4023.1799013291024,1096891.0,2024,5,2
2024-05-24,futures,370545.934792,4105.835822295305,1128955.0,2024,5,2
2024-05-24,options,12162.008106,134.7611830654437,19325.0,2024,5,2
2024-05-24,totals,382707.942898,4240.597005360748,1148280.0,2024,5,2
2024-05-27,futures,292109.311057,3256.419669630535,933656.0,2024,5,2
2024-05-27,options,12748.415527,142.11868470925032,25167.0,2024,5,2
2024-05-27,totals,304857.726584,3398.538354339785,958823.0,2024,5,2
2024-05-28,futures,327859.177649,3696.887165490973,981086.0,2024,5,2
2024-05-28,options,9246.488499,104.26191178460444,16073.0,2024,5,2
2024-05-28,totals,337105.666148,3801.1490772755774,997159.0,2024,5,2
2024-05-29,futures,344982.402833,3900.861092104594,1012794.0,2024,5,2
2024-05-29,options,14057.834351,158.9578442515901,23419.0,2024,5,2
2024-05-29,totals,359040.237184,4059.818936356184,1036213.0,2024,5,2
2024-05-30,futures,323582.471342,3625.2124028192147,964026.0,2024,5,2
2024-05-30,options,10269.953562,115.05803412320788,17206.0,2024,5,2
2024-05-30,totals,333852.424904,3740.2704369424227,981232.0,2024,5,2
2024-05-31,futures,346419.125779,3858.2368450074564,1015130.0,2024,5,2
2024-05-31,options,10829.44645,120.61276700721375,17330.0,2024,5,2
2024-05-31,totals,357248.572229,3978.8496120146697,1032460.0,2024,5,2
2024-06-03,futures,497483.240206,5515.8550440562585,1496141.0,2024,6,2
2024-06-03,options,13954.80186,154.72413542296115,26528.0,2024,6,2
2024-06-03,totals,511438.042066,5670.579179479219,1522669.0,2024,6,2
2024-06-04,futures,386597.760873,4325.545153571169,1073123.0,2024,6,2
2024-06-04,options,10438.918135,116.7984306101784,17032.0,2024,6,2
2024-06-04,totals,397036.679008,4442.343584181347,1090155.0,2024,6,2
2024-06-05,futures,336061.647135,3786.2944062692236,996699.0,2024,6,2
2024-06-05,options,10158.194276,114.44898426497396,16836.0,2024,6,2
2024-06-05,totals,346219.841411,3900.7433905341977,1013535.0,2024,6,2
2024-06-06,futures,378941.165956,4270.067542403058,1018434.0,2024,6,2
2024-06-06,options,13556.44517,152.75969388215037,19943.0,2024,6,2
2024-06-06,totals,392497.611126,4422.827236285208,1038377.0,2024,6,2
2024-06-07,futures,463652.586483,5223.642372983898,1227010.0,2024,6,2
2024-06-07,options,13088.163827,147.45498924069742,20570.0,2024,6,2
2024-06-07,totals,476740.75031,5371.097362224596,1247580.0,2024,6,2
2024-06-10,futures,365177.22558,4114.181580340827,995073.0,2024,6,2
2024-06-10,options,9507.724676,107.11649849144779,14673.0,2024,6,2
2024-06-10,totals,374684.950256,4221.298078832275,1009746.0,2024,6,2
2024-06-11,futures,370471.82504,4162.8667089165165,1139138.0,2024,6,2
2024-06-11,options,10441.775769,117.33070585340202,17097.0,2024,6,2
2024-06-11,totals,380913.600809,4280.197414769918,1156235.0,2024,6,2
2024-06-13,futures,612702.287305,6882.640435951356,1609481.0,2024,6,2
2024-06-13,options,16679.751704,187.36788799097744,27937.0,2024,6,2
2024-06-13,totals,629382.039009,7070.008323942333,1637418.0,2024,6,2
2024-06-14,futures,408092.779767,4626.4826293193355,1059213.0,2024,6,2
2024-06-14,options,9266.7195,105.0553181117359,15369.0,2024,6,2
2024-06-14,totals,417359.499267,4731.537947431072,1074582.0,2024,6,2
2024-06-17,futures,452485.58617,5080.351674492342,1216287.0,2024,6,2
2024-06-17,options,12269.480906,137.75748835130884,19794.0,2024,6,2
2024-06-17,totals,464755.067076,5218.109162843651,1236081.0,2024,6,2
2024-06-18,futures,581594.205476,6531.1045321331085,1502734.0,2024,6,2
2024-06-18,options,13611.116684,152.8481972916309,23552.0,2024,6,2
2024-06-18,totals,595205.32216,6683.952729424739,1526286.0,2024,6,2
2024-06-19,futures,636056.741188,7308.02341562169,1954318.0,2024,6,2
2024-06-19,options,27206.488354,312.59106471619594,37977.0,2024,6,2
2024-06-19,totals,663263.229542,7620.614480337886,1992295.0,2024,6,2
2024-06-20,futures,604077.711327,7310.793546597892,1873309.0,2024,6,2
2024-06-20,options,17137.254063,207.40200153216455,26851.0,2024,6,2
2024-06-20,totals,621214.96539,7518.1955481300565,1900160.0,2024,6,2
2024-06-21,futures,534489.903077,6257.374394469056,1553789.0,2024,6,2
2024-06-21,options,13048.247201,152.75829806737724,21452.0,2024,6,2
2024-06-21,totals,547538.150278,6410.132692536433,1575241.0,2024,6,2
2024-06-24,futures,342496.233073,3893.794679062523,1099779.0,2024,6,2
2024-06-24,options,8410.286833,95.61544612008935,16058.0,2024,6,2
2024-06-24,totals,350906.519906,3989.4101251826123,1115837.0,2024,6,2
2024-06-25,futures,280327.091238,3208.3949416639,1013899.0,2024,6,2
2024-06-25,options,7024.719568,80.39920304899682,12602.0,2024,6,2
2024-06-25,totals,287351.810806,3288.7941447128974,1026501.0,2024,6,2
2024-06-26,futures,310675.79953,3559.6525949562883,1031331.0,2024,6,2
2024-06-26,options,10168.315458,116.5062440047206,18685.0,2024,6,2
2024-06-26,totals,320844.114988,3676.158838961009,1050016.0,2024,6,2
2024-06-27,futures,349803.347259,3983.8024023191933,1117233.0,2024,6,2
2024-06-27,options,14234.241331,162.1093830404162,25039.0,2024,6,2
2024-06-27,totals,364037.58859,4145.91178535961,1142272.0,2024,6,2
2024-06-28,futures,359799.288481,4234.726336813239,1081246.0,2024,6,2
2024-06-28,options,10329.612391,121.5763428157808,18145.0,2024,6,2
2024-06-28,totals,370128.900872,4356.30267962902,1099391.0,2024,6,2
2024-07-01,futures,250936.30568,2926.439166861034,851632.0,2024,7,3
2024-07-01,options,6464.461474,75.38906416476186,13655.0,2024,7,3
2024-07-01,totals,257400.767154,3001.8282310257964,865287.0,2024,7,3
2024-07-02,futures,263645.817365,3020.094772398198,890763.0,2024,7,3
2024-07-02,options,9464.781661,108.42022036216511,17433.0,2024,7,3
2024-07-02,totals,273110.599026,3128.514992760363,908196.0,2024,7,3
2024-07-03,futures,249265.29827,2832.8145170986945,860148.0,2024,7,3
2024-07-03,options,9873.576551,112.20980691448437,17017.0,2024,7,3
2024-07-03,totals,259138.874821,2945.024324013179,877165.0,2024,7,3
2024-07-04,futures,205219.754605,2333.3525252243876,778900.0,2024,7,3
2024-07-04,options,14116.263833,160.50218910388332,21994.0,2024,7,3
2024-07-04,totals,219336.018438,2493.854714328271,800894.0,2024,7,3
2024-07-05,futures,287342.33671,3260.7887689016743,977918.0,2024,7,3
2024-07-05,options,13230.981993,150.1464698112244,19889.0,2024,7,3
2024-07-05,totals,300573.318703,3410.935238712899,997807.0,2024,7,3
2024-07-08,futures,250619.768214,2843.5960394078165,876269.0,2024,7,3
2024-07-08,options,8603.906934,97.622130350327,14520.0,2024,7,3
2024-07-08,totals,259223.675148,2941.2181697581436,890789.0,2024,7,3
2024-07-09,futures,261514.222114,2966.0630757592253,892162.0,2024,7,3
2024-07-09,options,9093.627854,103.13884110932665,16300.0,2024,7,3
2024-07-09,totals,270607.849968,3069.2019168685524,908462.0,2024,7,3
2024-07-10,futures,286378.371502,3254.185040095178,1044092.0,2024,7,3
2024-07-10,options,12580.792224,142.95851196151045,21725.0,2024,7,3
2024-07-10,totals,298959.163726,3397.143552056689,1065817.0,2024,7,3
2024-07-11,futures,296083.889219,3370.13889027501,1115306.0,2024,7,3
2024-07-11,options,13810.023107,157.1909098845713,24078.0,2024,7,3
2024-07-11,totals,309893.912326,3527.3298001595813,1139384.0,2024,7,3
2024-07-12,futures,242329.589104,2754.120892667182,834521.0,2024,7,3
2024-07-12,options,11350.290074,128.99815968086557,17179.0,2024,7,3
2024-07-12,totals,253679.879178,2883.1190523480477,851700.0,2024,7,3
2024-07-15,futures,281483.879475,3208.0603796669125,894672.0,2024,7,3
2024-07-15,options,9735.788649,110.95838911955069,17401.0,2024,7,3
2024-07-15,totals,291219.668124,3319.018768786463,912073.0,2024,7,3
2024-07-16,futures,287377.128064,3272.8009965413057,1013112.0,2024,7,3
2024-07-16,options,11296.375369,128.6490292878643,21788.0,2024,7,3
2024-07-16,totals,298673.503433,3401.4500258291696,1034900.0,2024,7,3
2024-07-17,futures,280128.294975,3173.0933342886015,930483.0,2024,7,3
2024-07-17,options,11821.977213,133.9109178386632,20102.0,2024,7,3
2024-07-17,totals,291950.272188,3307.0042521272644,950585.0,2024,7,3
2024-07-18,futures,257671.906714,2925.1912504200386,864434.0,2024,7,3
2024-07-18,options,13963.572899,158.5198859652708,22444.0,2024,7,3
2024-07-18,totals,271635.479613,3083.7111363853096,886878.0,2024,7,3
2024-07-19,futures,288132.213778,3278.872287101965,906680.0,2024,7,3
2024-07-19,options,12323.928303,140.2432114448412,19749.0,2024,7,3
2024-07-19,totals,300456.142081,3419.1154985468065,926429.0,2024,7,3
2024-07-22,futures,241201.515243,2740.28483381163,818749.0,2024,7,3
2024-07-22,options,7362.652627,83.64692614001723,15020.0,2024,7,3
2024-07-22,totals,248564.16787,2823.931759951647,833769.0,2024,7,3
2024-07-23,futures,257912.983127,2938.158054772985,827323.0,2024,7,3
2024-07-23,options,7629.294274,86.91331530351273,16171.0,2024,7,3
2024-07-23,totals,265542.277401,3025.0713700764977,843494.0,2024,7,3
2024-07-24,futures,226252.1462,2591.6923011718345,771996.0,2024,7,3
2024-07-24,options,11409.431918,130.69372980217412,18530.0,2024,7,3
2024-07-24,totals,237661.578118,2722.3860309740085,790526.0,2024,7,3
2024-07-25,futures,306464.030356,3540.8818276098723,1013027.0,2024,7,3
2024-07-25,options,11458.459244,132.39090428444996,23480.0,2024,7,3
2024-07-25,totals,317922.4896,3673.2727318943225,1036507.0,2024,7,3
2024-07-26,futures,378705.804968,4433.9750025523945,1199509.0,2024,7,3
2024-07-26,options,13654.861372,159.8742696639738,25398.0,2024,7,3
2024-07-26,totals,392360.66634,4593.849272216368,1224907.0,2024,7,3
2024-07-29,futures,284466.521586,3324.566371600538,1019546.0,2024,7,3
2024-07-29,options,9291.111041,108.58541507625783,19218.0,2024,7,3
2024-07-29,totals,293757.632627,3433.1517866767954,1038764.0,2024,7,3
2024-07-30,futures,242457.760815,2801.1858395316754,876753.0,2024,7,3
2024-07-30,options,7399.995552,85.49432562266477,14563.0,2024,7,3
2024-07-30,totals,249857.756367,2886.68016515434,891316.0,2024,7,3
2024-07-31,futures,308386.746559,3572.1851796478627,997608.0,2024,7,3
2024-07-31,options,10300.204716,119.31199717363604,19260.0,2024,7,3
2024-07-31,totals,318686.951275,3691.4971768214987,1016868.0,2024,7,3
2024-08-01,futures,300139.069042,3485.567367932077,948649.0,2024,8,3
2024-08-01,options,13479.610978,156.54107380056232,19214.0,2024,8,3
2024-08-01,totals,313618.68002,3642.108441732639,967863.0,2024,8,3
2024-08-02,futures,359288.955577,4188.3321762744035,1144547.0,2024,8,3
2024-08-02,options,12057.151837,140.55360235616956,19626.0,2024,8,3
2024-08-02,totals,371346.107414,4328.8857786305725,1164173.0,2024,8,3
2024-08-05,futures,408902.797558,4771.194243778471,1394617.0,2024,8,3
2024-08-05,options,11669.544272,136.16356452094692,22134.0,2024,8,3
2024-08-05,totals,420572.34183,4907.357808299417,1416751.0,2024,8,3
2024-08-06,futures,318278.399334,3746.783578650713,1092687.0,2024,8,3
2024-08-06,options,7317.12774,86.13746366856549,16797.0,2024,8,3
2024-08-06,totals,325595.527074,3832.921042319278,1109484.0,2024,8,3
2024-08-07,futures,276157.489636,3242.6323805430898,1050897.0,2024,8,3
2024-08-07,options,8781.337459,103.11018262282685,15901.0,2024,8,3
2024-08-07,totals,284938.827095,3345.742563165917,1066798.0,2024,8,3
2024-08-08,futures,326966.862738,3803.96167193497,1112807.0,2024,8,3
2024-08-08,options,12126.993042,141.08651972036301,19275.0,2024,8,3
2024-08-08,totals,339093.85578,3945.048191655333,1132082.0,2024,8,3
2024-08-09,futures,291886.595281,3371.990689701382,1003416.0,2024,8,3
2024-08-09,options,9037.664723,104.40671752418207,14306.0,2024,8,3
2024-08-09,totals,300924.260004,3476.397407225564,1017722.0,2024,8,3
2024-08-12,futures,340563.600991,3870.39277424084,1116286.0,2024,8,3
2024-08-12,options,12368.262924,140.56122061096463,20927.0,2024,8,3
2024-08-12,totals,352931.863915,4010.9539948518045,1137213.0,2024,8,3
2024-08-13,futures,405733.544391,4510.78178260652,1276868.0,2024,8,3
2024-08-13,options,15681.244336,174.33774519580865,28761.0,2024,8,3
2024-08-13,totals,421414.788727,4685.119527802329,1305629.0,2024,8,3
2024-08-14,futures,378459.31541,4084.4224363042204,1134398.0,2024,8,3
2024-08-14,options,14648.057028,158.08529566411107,24300.0,2024,8,3
2024-08-14,totals,393107.372438,4242.507731968331,1158698.0,2024,8,3
2024-08-15,futures,357553.565679,3972.574627983846,1059979.0,2024,8,3
2024-08-15,options,15110.444566,167.88356895967468,25407.0,2024,8,3
2024-08-15,totals,372664.010245,4140.45819694352,1085386.0,2024,8,3
2024-08-16,futures,302092.634686,3402.097331929366,892055.0,2024,8,3
2024-08-16,options,9838.342784,110.79713933060047,16835.0,2024,8,3
2024-08-16,totals,311930.97747,3512.8944712599664,908890.0,2024,8,3
2024-08-19,futures,298992.456056,3363.010184396589,1007706.0,2024,8,3
2024-08-19,options,10262.206486,115.42734349235486,17987.0,2024,8,3
2024-08-19,totals,309254.662542,3478.437527888944,1025693.0,2024,8,3
2024-08-20,futures,337033.629402,3763.938914150551,1095101.0,2024,8,3
2024-08-20,options,10640.097442,118.82694579575355,19283.0,2024,8,3
2024-08-20,totals,347673.726844,3882.7658599463048,1114384.0,2024,8,3
2024-08-21,futures,302884.485132,3339.6161740085386,968895.0,2024,8,3
2024-08-21,options,13108.10873,144.53051930438923,19915.0,2024,8,3
2024-08-21,totals,315992.593862,3484.146693312928,988810.0,2024,8,3
2024-08-22,futures,396490.553507,4324.429996084471,1192007.0,2024,8,3
2024-08-22,options,16825.569771,183.51256536970666,28807.0,2024,8,3
2024-08-22,totals,413316.123278,4507.942561454178,1220814.0,2024,8,3
2024-08-23,futures,421958.355479,4622.271199411533,1313418.0,2024,8,3
2024-08-23,options,15997.099981,175.23751705863086,25198.0,2024,8,3
2024-08-23,totals,437955.45546,4797.5087164701645,1338616.0,2024,8,3
2024-08-26,futures,401791.364722,4386.311147910726,1297560.0,2024,8,3
2024-08-26,options,13517.146812,147.56517176630874,25299.0,2024,8,3
2024-08-26,totals,415308.511534,4533.876319677034,1322859.0,2024,8,3
2024-08-27,futures,321283.124177,3500.7886087856646,981066.0,2024,8,3
2024-08-27,options,9724.689609,105.9628721376853,17784.0,2024,8,3
2024-08-27,totals,331007.813786,3606.75148092335,998850.0,2024,8,3
2024-08-28,futures,351050.268615,3837.424381481558,1195258.0,2024,8,3
2024-08-28,options,12673.759054,138.54025006367462,23553.0,2024,8,3
2024-08-28,totals,363724.027669,3975.964631545233,1218811.0,2024,8,3
2024-08-29,futures,365239.669632,3994.0955660949926,1189974.0,2024,8,3
2024-08-29,options,13641.183136,149.17379904182738,22561.0,2024,8,3
2024-08-29,totals,378880.852768,4143.26936513682,1212535.0,2024,8,3
2024-08-30,futures,351170.153171,3839.822001371169,1233677.0,2024,8,3
2024-08-30,options,12130.900385,132.64367080787449,22711.0,2024,8,3
2024-08-30,totals,363301.053556,3972.465672179044,1256388.0,2024,8,3
2024-09-02,futures,360549.473554,3953.965634872591,1225670.0,2024,9,3
2024-09-02,options,10151.929472,111.33112985651432,23551.0,2024,9,3
2024-09-02,totals,370701.403026,4065.2967647291057,1249221.0,2024,9,3
2024-09-03,futures,448763.284312,4986.1866918811165,1496346.0,2024,9,3
2024-09-03,options,12842.270948,142.68983834677942,25964.0,2024,9,3
2024-09-03,totals,461605.55526,5128.876530227897,1522310.0,2024,9,3
2024-09-04,futures,487197.992978,5498.116424426543,1457869.0,2024,9,3
2024-09-04,options,10949.937507,123.57200177628712,26981.0,2024,9,3
2024-09-04,totals,498147.930485,5621.688426202831,1484850.0,2024,9,3
2024-09-05,futures,398336.459057,4479.27397037855,1372171.0,2024,9,3
2024-09-05,options,16731.475011,188.14461694074362,28098.0,2024,9,3
2024-09-05,totals,415067.934068,4667.418587319294,1400269.0,2024,9,3
2024-09-06,futures,357240.855249,3982.422882812883,1148007.0,2024,9,3
2024-09-06,options,12500.148392,139.3482191731955,18562.0,2024,9,3
2024-09-06,totals,369741.003641,4121.771101986078,1166569.0,2024,9,3
2024-09-09,futures,328658.319243,3658.975415324668,1134411.0,2024,9,3
2024-09-09,options,10315.107043,114.83878808761723,18179.0,2024,9,3
2024-09-09,totals,338973.426286,3773.814203412285,1152590.0,2024,9,3
2024-09-10,futures,357214.452576,3952.129965558559,1217536.0,2024,9,3
2024-09-10,options,9810.425075,108.54005103706024,16963.0,2024,9,3
2024-09-10,totals,367024.877651,4060.670016595619,1234499.0,2024,9,3
2024-09-11,futures,389200.005674,4271.632886238691,1165606.0,2024,9,3
2024-09-11,options,10071.991003,110.54431493084937,14993.0,2024,9,3
2024-09-11,totals,399271.996677,4382.17720116954,1180599.0,2024,9,3
2024-09-12,futures,444189.193564,4867.010721095531,1361911.0,2024,9,3
2024-09-12,options,16465.722805,180.41602673743472,22136.0,2024,9,3
2024-09-12,totals,460654.916369,5047.426747832966,1384047.0,2024,9,3
2024-09-13,futures,449008.439423,4928.223144685083,1608932.0,2024,9,3
2024-09-13,options,13355.041728,146.58215740163496,21988.0,2024,9,3
2024-09-13,totals,462363.481151,5074.805302086717,1630920.0,2024,9,3
2024-09-16,futures,456952.866934,5025.077027244885,1532192.0,2024,9,3
2024-09-16,options,12689.22923,139.54251939582886,18092.0,2024,9,3
2024-09-16,totals,469642.096164,5164.619546640714,1550284.0,2024,9,3
2024-09-17,futures,468789.237241,5143.487022392456,1486264.0,2024,9,3
2024-09-17,options,12409.563506,136.15591779009307,18974.0,2024,9,3
2024-09-17,totals,481198.800747,5279.64294018255,1505238.0,2024,9,3
2024-09-18,futures,640077.017398,7000.7942473301755,1662169.0,2024,9,3
2024-09-18,options,11213.760948,122.64966715228833,17995.0,2024,9,3
2024-09-18,totals,651290.778346,7123.443914482464,1680164.0,2024,9,3
2024-09-19,futures,699116.447102,7626.347719916397,1619594.0,2024,9,3
2024-09-19,options,22062.128878,240.66586755709534,28235.0,2024,9,3
2024-09-19,totals,721178.57598,7867.013587473492,1647829.0,2024,9,3
2024-09-20,futures,357092.437159,3852.2877653992286,997369.0,2024,9,3
2024-09-20,options,13255.320422,142.9974521285662,17660.0,2024,9,3
2024-09-20,totals,370347.757581,3995.285217527795,1015029.0,2024,9,3
2024-09-23,futures,333876.018232,3606.164491709222,1018754.0,2024,9,3
2024-09-23,options,7218.800999,77.96961271180582,13805.0,2024,9,3
2024-09-23,totals,341094.819231,3684.134104421028,1032559.0,2024,9,3
2024-09-24,futures,363444.795718,3911.3731781962974,1227348.0,2024,9,3
2024-09-24,options,13348.20517,143.65266003013346,20292.0,2024,9,3
2024-09-24,totals,376793.000888,4055.025838226431,1247640.0,2024,9,3
2024-09-25,futures,361239.062885,3890.0549726907184,1176217.0,2024,9,3
2024-09-25,options,13787.25029,148.4699941418575,18628.0,2024,9,3
2024-09-25,totals,375026.313175,4038.524966832576,1194845.0,2024,9,3
2024-09-26,futures,383509.20944,4151.071669913841,1170750.0,2024,9,3
2024-09-26,options,16775.746581,181.57928065333158,20974.0,2024,9,3
2024-09-26,totals,400284.956021,4332.650950567173,1191724.0,2024,9,3
2024-09-27,futures,309471.737188,3348.993015581003,889191.0,2024,9,3
2024-09-27,options,9963.886228,107.825631150752,13986.0,2024,9,3
2024-09-27,totals,319435.623416,3456.818646731755,903177.0,2024,9,3
2024-09-30,futures,351590.163644,3792.258696703577,1097083.0,2024,9,3
2024-09-30,options,11403.126977,122.99436082042787,12999.0,2024,9,3
2024-09-30,totals,362993.290621,3915.2530575240044,1110082.0,2024,9,3
2024-10-01,futures,409010.139502,4387.4804311638545,1211102.0,2024,10,4
2024-10-01,options,15007.98564,160.99171376744357,16899.0,2024,10,4
2024-10-01,totals,424018.125142,4548.472144931298,1228001.0,2024,10,4
2024-10-02,futures,402342.792137,4309.672027783342,1182198.0,2024,10,4
2024-10-02,options,16384.066843,175.49700393431314,22443.0,2024,10,4
2024-10-02,totals,418726.85898,4485.169031717655,1204641.0,2024,10,4
2024-10-03,futures,461138.224025,4879.490738359925,1286734.0,2024,10,4
2024-10-03,options,17285.128259,182.90095866479587,23813.0,2024,10,4
2024-10-03,totals,478423.352284,5062.39169702472,1310547.0,2024,10,4
2024-10-04,futures,365024.747649,3841.306372863484,997936.0,2024,10,4
2024-10-04,options,14172.168424,149.13958912384163,18627.0,2024,10,4
2024-10-04,totals,379196.916073,3990.4459619873255,1016563.0,2024,10,4
2024-10-07,futures,366596.515926,3864.1985445978703,1004730.0,2024,10,4
2024-10-07,options,13011.589465,137.15178101612733,18365.0,2024,10,4
2024-10-07,totals,379608.105391,4001.3503256139975,1023095.0,2024,10,4
2024-10-08,futures,394907.307923,4110.838692623424,1087531.0,2024,10,4
2024-10-08,options,9540.487595,99.31293942948986,16599.0,2024,10,4
2024-10-08,totals,404447.795518,4210.1516320529145,1104130.0,2024,10,4
2024-10-09,futures,368118.884853,3830.2666570906244,1058760.0,2024,10,4
2024-10-09,options,15810.471596,164.507512868349,20254.0,2024,10,4
2024-10-09,totals,383929.356449,3994.7741699589733,1079014.0,2024,10,4
2024-10-10,futures,339796.156889,3504.9212506975364,953649.0,2024,10,4
2024-10-10,options,17226.592912,177.68844747148736,21053.0,2024,10,4
2024-10-10,totals,357022.749801,3682.609698169024,974702.0,2024,10,4
2024-10-11,futures,322865.897045,3320.3197165449396,951293.0,2024,10,4
2024-10-11,options,13945.193587,143.41093823079945,19698.0,2024,10,4
2024-10-11,totals,336811.090632,3463.730654775739,970991.0,2024,10,4
2024-10-14,futures,284125.704813,2957.5293572821915,961746.0,2024,10,4
2024-10-14,options,11632.782548,121.08829053405587,16991.0,2024,10,4
2024-10-14,totals,295758.487361,3078.6176478162474,978737.0,2024,10,4
2024-10-15,futures,294991.044547,3069.558777040252,992373.0,2024,10,4
2024-10-15,options,13068.730377,135.98797921169256,18197.0,2024,10,4
2024-10-15,totals,308059.774924,3205.5467562519443,1010570.0,2024,10,4
2024-10-16,futures,335752.772641,3460.937064974369,1097881.0,2024,10,4
2024-10-16,options,13770.837663,141.94969146116824,18741.0,2024,10,4
2024-10-16,totals,349523.610304,3602.8867564355373,1116622.0,2024,10,4
2024-10-17,futures,302140.194556,3106.6228228360383,939887.0,2024,10,4
2024-10-17,options,14533.070479,149.4298648423555,20330.0,2024,10,4
2024-10-17,totals,316673.265035,3256.0526876783933,960217.0,2024,10,4
2024-10-18,futures,338714.436478,3486.5457851135884,962536.0,2024,10,4
2024-10-18,options,15262.049498,157.09939884095564,19789.0,2024,10,4
2024-10-18,totals,353976.485976,3643.645183954544,982325.0,2024,10,4
2024-10-21,futures,296982.729567,3080.184132779214,910527.0,2024,10,4
2024-10-21,options,9738.619641,101.00500368191568,14395.0,2024,10,4
2024-10-21,totals,306721.349208,3181.1891364611297,924922.0,2024,10,4
2024-10-22,futures,261706.02569,2723.4830818045966,864770.0,2024,10,4
2024-10-22,options,8924.040205,92.86936537124684,12948.0,2024,10,4
2024-10-22,totals,270630.065895,2816.3524471758433,877718.0,2024,10,4
2024-10-23,futures,290656.009603,3009.1168153300796,967093.0,2024,10,4
2024-10-23,options,10879.731313,112.63617939618061,14941.0,2024,10,4
2024-10-23,totals,301535.740916,3121.75299472626,982034.0,2024,10,4
2024-10-24,futures,334761.744527,3464.0833930269596,1083594.0,2024,10,4
2024-10-24,options,13356.014956,138.20680039611787,17709.0,2024,10,4
2024-10-24,totals,348117.759483,3602.290193423077,1101303.0,2024,10,4
2024-10-25,futures,432227.829401,4467.923669798078,1354023.0,2024,10,4
2024-10-25,options,13715.920666,141.7809831486807,23355.0,2024,10,4
2024-10-25,totals,445943.750067,4609.704652946758,1377378.0,2024,10,4
2024-10-28,futures,418860.399375,4333.081945043588,1360213.0,2024,10,4
2024-10-28,options,15199.884428,157.24175615549257,26704.0,2024,10,4
2024-10-28,totals,434060.283803,4490.323701199081,1386917.0,2024,10,4
2024-10-29,futures,351305.521193,3613.139166851795,1205282.0,2024,10,4
2024-10-29,options,13149.372536,135.23986975213413,20688.0,2024,10,4
2024-10-29,totals,364454.893729,3748.379036603929,1225970.0,2024,10,4
2024-10-30,futures,321127.692362,3299.5023160488295,1051721.0,2024,10,4
2024-10-30,options,11078.827331,113.8320279041285,15968.0,2024,10,4
2024-10-30,totals,332206.519693,3413.334343952958,1067689.0,2024,10,4
2024-10-31,futures,392641.687588,4045.6419439687597,1203173.0,2024,10,4
2024-10-31,options,13838.753382,142.58965082995888,21336.0,2024,10,4
2024-10-31,totals,406480.44097,4188.231594798718,1224509.0,2024,10,4
2024-11-01,futures,332267.110732,3424.636226322527,1013399.0,2024,11,4
2024-11-01,options,13445.685474,138.58302574864,18233.0,2024,11,4
2024-11-01,totals,345712.796206,3563.219252071167,1031632.0,2024,11,4
2024-11-02,futures,134070.877422,1375.9298259034772,489856.0,2024,11,4
2024-11-02,options,4479.751109,45.97436282971504,8304.0,2024,11,4
2024-11-02,totals,138550.628531,1421.9041887331923,498160.0,2024,11,4
2024-11-05,futures,253828.173444,2602.0341737305725,764814.0,2024,11,4
2024-11-05,options,7540.378837,77.29765829590805,13378.0,2024,11,4
2024-11-05,totals,261368.552281,2679.3318320264807,778192.0,2024,11,4
2024-11-06,futures,480843.150614,4903.750610507035,1393776.0,2024,11,4
2024-11-06,options,15083.411655,153.82415038518727,23659.0,2024,11,4
2024-11-06,totals,495926.562269,5057.574760892222,1417435.0,2024,11,4
2024-11-07,futures,358702.16614,3651.8939047235085,1071976.0,2024,11,4
2024-11-07,options,13986.599934,142.39551323714463,21447.0,2024,11,4
2024-11-07,totals,372688.766074,3794.289417960653,1093423.0,2024,11,4
2024-11-08,futures,397911.008621,4057.3106924971908,1193391.0,2024,11,4
2024-11-08,options,13530.064271,137.95967753480588,21663.0,2024,11,4
2024-11-08,totals,411441.072892,4195.270370031997,1215054.0,2024,11,4
2024-11-11,futures,416547.30451,4257.716472476197,1256884.0,2024,11,4
2024-11-11,options,14173.130922,144.86991594903586,23100.0,2024,11,4
2024-11-11,totals,430720.435432,4402.586388425233,1279984.0,2024,11,4
2024-11-12,futures,361551.495405,3690.995818539125,1033436.0,2024,11,4
2024-11-12,options,11617.352714,118.59887411566537,17189.0,2024,11,4
2024-11-12,totals,373168.848119,3809.5946926547904,1050625.0,2024,11,4
2024-11-13,futures,358344.39082,3658.2216162579284,1050593.0,2024,11,4
2024-11-13,options,11974.398096,122.24274490867829,18020.0,2024,11,4
2024-11-13,totals,370318.788916,3780.464361166607,1068613.0,2024,11,4
2024-11-14,futures,429252.519444,4363.843488573761,1188359.0,2024,11,4
2024-11-14,options,19597.545353,199.23149383372456,27259.0,2024,11,4
2024-11-14,totals,448850.064797,4563.074982407486,1215618.0,2024,11,4
2024-11-15,futures,439716.282658,4440.77119976166,1168052.0,2024,11,4
2024-11-15,options,16133.47702,162.93478983619138,24313.0,2024,11,4
2024-11-15,totals,455849.759678,4603.705989597851,1192365.0,2024,11,4
2024-11-18,futures,381036.615219,3810.4766560130242,1099890.0,2024,11,4
2024-11-18,options,14290.46647,142.9088090554626,19329.0,2024,11,4
2024-11-18,totals,395327.081689,3953.385465068487,1119219.0,2024,11,4
2024-11-19,futures,387890.344312,3881.1156790570626,1173656.0,2024,11,4
2024-11-19,options,14544.831373,145.5312665519346,22112.0,2024,11,4
2024-11-19,totals,402435.175685,4026.646945608997,1195768.0,2024,11,4
2024-11-20,futures,398451.608579,3983.1299565651148,1230184.0,2024,11,4
2024-11-20,options,14992.12178,149.86906336594865,23578.0,2024,11,4
2024-11-20,totals,413443.730359,4132.999019931063,1253762.0,2024,11,4
2024-11-21,futures,449780.675035,4487.9691220345,1440561.0,2024,11,4
2024-11-21,options,16902.250502,168.65281804285007,29138.0,2024,11,4
2024-11-21,totals,466682.925537,4656.621940077351,1469699.0,2024,11,4
2024-11-22,futures,554269.218764,5505.2673799908225,1560023.0,2024,11,4
2024-11-22,options,20961.667793,208.20132532047143,30577.0,2024,11,4
2024-11-22,totals,575230.886557,5713.468705311295,1590600.0,2024,11,4
2024-11-25,futures,553143.539893,5392.518724079001,1533945.0,2024,11,4
2024-11-25,options,22891.885305,223.16977643915104,34929.0,2024,11,4
2024-11-25,totals,576035.425198,5615.688500518152,1568874.0,2024,11,4
2024-11-26,futures,620223.008039,5975.703126279014,1753681.0,2024,11,4
2024-11-26,options,24588.943091,236.90869605976636,36695.0,2024,11,4
2024-11-26,totals,644811.95113,6212.611822338781,1790376.0,2024,11,4
2024-11-27,futures,1032348.624802,9826.239237638538,2674014.0,2024,11,4
2024-11-27,options,37693.535706,358.7796706085261,56576.0,2024,11,4
2024-11-27,totals,1070042.160508,10185.018908247064,2730590.0,2024,11,4
2024-11-28,futures,577054.187966,5342.579862365105,1817964.0,2024,11,4
2024-11-28,options,25455.903867,235.68011846081487,37918.0,2024,11,4
2024-11-28,totals,602510.091833,5578.25998082592,1855882.0,2024,11,4
2024-11-29,futures,469595.830327,4285.485893425883,1442970.0,2024,11,4
2024-11-29,options,18287.979077,166.89431909814178,27444.0,2024,11,4
2024-11-29,totals,487883.809404,4452.380212524024,1470414.0,2024,11,4
2024-12-02,futures,413962.941939,3842.2079446059947,1280343.0,2024,12,4
2024-12-02,options,13649.666202,126.68973622830329,21265.0,2024,12,4
2024-12-02,totals,427612.608141,3968.897680834298,1301608.0,2024,12,4
2024-12-03,futures,408132.420379,3808.0650704636682,1247864.0,2024,12,4
2024-12-03,options,15629.881838,145.83405804295373,21408.0,2024,12,4
2024-12-03,totals,423762.302217,3953.899128506622,1269272.0,2024,12,4
2024-12-04,futures,519928.742193,4896.3133447816035,1531407.0,2024,12,4
2024-12-04,options,25989.8512,244.7536458990581,32205.0,2024,12,4
2024-12-04,totals,545918.593393,5141.0669906806625,1563612.0,2024,12,4
2024-12-05,futures,693323.03868,6651.467569105138,2008693.0,2024,12,4
2024-12-05,options,28609.446095,274.4677332996918,42288.0,2024,12,4
2024-12-05,totals,721932.484775,6925.93530240483,2050981.0,2024,12,4
2024-12-06,futures,675887.09756,6537.656299397293,1848642.0,2024,12,4
2024-12-06,options,27965.422021,270.5012687783471,46701.0,2024,12,4
2024-12-06,totals,703852.519581,6808.15756817564,1895343.0,2024,12,4
2024-12-09,futures,486087.774485,4889.161544384263,1426204.0,2024,12,4
2024-12-09,options,15506.219445,155.96444878622833,26150.0,2024,12,4
2024-12-09,totals,501593.99393,5045.125993170491,1452354.0,2024,12,4
2024-12-10,futures,577672.177748,5813.0007149419525,1618327.0,2024,12,4
2024-12-10,options,14960.405304,150.54359562026607,22353.0,2024,12,4
2024-12-10,totals,592632.583052,5963.544310562219,1640680.0,2024,12,4
2024-12-11,futures,590242.946593,5900.517698195785,1652382.0,2024,12,4
2024-12-11,options,23025.066719,230.1760901367957,32402.0,2024,12,4
2024-12-11,totals,613268.013312,6130.693788332581,1684784.0,2024,12,4
2024-12-12,futures,639987.292628,6197.181704278173,1809062.0,2024,12,4
2024-12-12,options,20246.36504,196.05139734697255,29020.0,2024,12,4
2024-12-12,totals,660233.657668,6393.2331016251455,1838082.0,2024,12,4
2024-12-13,futures,543171.429635,5225.314378403078,1485355.0,2024,12,4
2024-12-13,options,13709.392164,131.8844845021645,20125.0,2024,12,4
2024-12-13,totals,556880.821799,5357.198862905243,1505480.0,2024,12,4
2024-12-16,futures,515602.032058,4985.009567371327,1581274.0,2024,12,4
2024-12-16,options,10719.066806,103.6354538168142,18598.0,2024,12,4
2024-12-16,totals,526321.098864,5088.645021188141,1599872.0,2024,12,4
2024-12-17,futures,552046.740371,5364.234085956517,1678179.0,2024,12,4
2024-12-17,options,10174.581177,98.86632991133244,17514.0,2024,12,4
2024-12-17,totals,562221.321548,5463.10041586785,1695693.0,2024,12,4
2024-12-18,futures,635584.631114,6170.85038737683,1707380.0,2024,12,4
2024-12-18,options,15288.556658,148.4356152698259,22847.0,2024,12,4
2024-12-18,totals,650873.187772,6319.286002646656,1730227.0,2024,12,4
2024-12-19,futures,738570.565412,7186.1953136277525,2061905.0,2024,12,4
2024-12-19,options,24994.58973,243.1940995151606,32415.0,2024,12,4
2024-12-19,totals,763565.155142,7429.389413142912,2094320.0,2024,12,4
2024-12-20,futures,611406.406082,5911.837824362047,1934312.0,2024,12,4
2024-12-20,options,17546.617734,169.66253113738352,30083.0,2024,12,4
2024-12-20,totals,628953.023816,6081.500355499431,1964395.0,2024,12,4
2024-12-23,futures,538716.9254,5263.796394114738,1643777.0,2024,12,4
2024-12-23,options,13833.027547,135.16234053259697,26340.0,2024,12,4
2024-12-23,totals,552549.952947,5398.958734647335,1670117.0,2024,12,4
2024-12-24,futures,422199.514454,4154.922234901977,1359482.0,2024,12,4
2024-12-24,options,7675.64441,75.53704950976388,16502.0,2024,12,4
2024-12-24,totals,429875.158864,4230.4592844117415,1375984.0,2024,12,4
2024-12-25,futures,312286.038316,3126.8345899237934,1100115.0,2024,12,4
2024-12-25,options,8579.822918,85.90741750765223,16462.0,2024,12,4
2024-12-25,totals,320865.861234,3212.7420074314455,1116577.0,2024,12,4
2024-12-26,futures,367991.635975,3694.231506839001,1181211.0,2024,12,4
2024-12-26,options,13307.856934,133.5962548274564,22440.0,2024,12,4
2024-12-26,totals,381299.492909,3827.8277616664577,1203651.0,2024,12,4
2024-12-27,futures,435442.462765,4388.235985921525,1275286.0,2024,12,4
2024-12-27,options,8932.554856,90.01914608055064,17889.0,2024,12,4
2024-12-27,totals,444375.017621,4478.255132002075,1293175.0,2024,12,4
2024-12-28,futures,244845.863628,2435.596252470702,819184.0,2024,12,4
2024-12-28,options,4311.321751,42.88673267474467,9040.0,2024,12,4
2024-12-28,totals,249157.185379,2478.482985145447,828224.0,2024,12,4
2024-12-30,futures,254691.064132,2504.8368959782533,912526.0,2024,12,4
2024-12-30,options,4828.331936,47.48570202311769,10737.0,2024,12,4
2024-12-30,totals,259519.396068,2552.322598001371,923263.0,2024,12,4
2025-01-03,futures,256598.425861,2523.5954262355217,901091.0,2025,1,1
2025-01-03,options,7810.563165,76.81536398120765,12453.0,2025,1,1
2025-01-03,totals,264408.989026,2600.4107902167298,913544.0,2025,1,1
2025-01-06,futures,267065.086981,2626.532995091449,925966.0,2025,1,1
2025-01-06,options,6207.491907,61.04947110386833,12122.0,2025,1,1
2025-01-06,totals,273272.578888,2687.5824661953175,938088.0,2025,1,1
2025-01-08,futures,223310.620607,2196.21635987321,811585.0,2025,1,1
2025-01-08,options,7959.948642,78.28454098507372,13248.0,2025,1,1
2025-01-08,totals,231270.569249,2274.5009008582833,824833.0,2025,1,1
2025-01-09,futures,387501.375202,3811.000378659654,1300017.0,2025,1,1
2025-01-09,options,14210.681471,139.75927811549406,22507.0,2025,1,1
2025-01-09,totals,401712.056673,3950.7596567751484,1322524.0,2025,1,1
2025-01-10,futures,468755.78256,4582.566641281597,1487825.0,2025,1,1
2025-01-10,options,13863.778689,135.53259950279156,23689.0,2025,1,1
2025-01-10,totals,482619.561249,4718.099240784389,1511514.0,2025,1,1
2025-01-13,futures,463612.662574,4549.030880501911,1378442.0,2025,1,1
2025-01-13,options,11360.856536,111.47427881775526,21479.0,2025,1,1
2025-01-13,totals,474973.51911,4660.505159319667,1399921.0,2025,1,1
2025-01-14,futures,386618.813385,3764.248519688321,1172113.0,2025,1,1
2025-01-14,options,12091.178011,117.72370446926776,18432.0,2025,1,1
2025-01-14,totals,398709.991396,3881.9722241575887,1190545.0,2025,1,1
2025-01-15,futures,379781.178123,3671.5827657437308,1179267.0,2025,1,1
2025-01-15,options,8340.564805,80.6334693729577,16054.0,2025,1,1
2025-01-15,totals,388121.742928,3752.216235116688,1195321.0,2025,1,1
2025-01-16,futures,414816.290407,4034.8717743887137,1360359.0,2025,1,1
2025-01-16,options,17089.846069,166.2310259435568,26522.0,2025,1,1
2025-01-16,totals,431906.136476,4201.102800332271,1386881.0,2025,1,1
2025-01-17,futures,413158.864209,4035.692516512627,1295575.0,2025,1,1
2025-01-17,options,10826.886597,105.75589440709854,19066.0,2025,1,1
2025-01-17,totals,423985.750806,4141.448410919726,1314641.0,2025,1,1
2025-01-20,futures,405612.363674,3960.5283636271315,1314239.0,2025,1,1
2025-01-20,options,12056.814293,117.72657655176992,22580.0,2025,1,1
2025-01-20,totals,417669.177967,4078.254940178901,1336819.0,2025,1,1
2025-01-21,futures,415561.702677,4075.816613298234,1283064.0,2025,1,1
2025-01-21,options,13583.210189,133.2237147783546,22125.0,2025,1,1
2025-01-21,totals,429144.912866,4209.040328076589,1305189.0,2025,1,1
2025-01-22,futures,391381.433022,3916.626468024041,1122816.0,2025,1,1
2025-01-22,options,14462.565988,144.7295757153636,22655.0,2025,1,1
2025-01-22,totals,405843.99901,4061.356043739405,1145471.0,2025,1,1
2025-01-23,futures,400963.56012,4079.7916992604833,1239717.0,2025,1,1
2025-01-23,options,16781.996259,170.75628771352171,26712.0,2025,1,1
2025-01-23,totals,417745.556379,4250.547986974005,1266429.0,2025,1,1
2025-01-24,futures,450837.974553,4549.424654765292,1349111.0,2025,1,1
2025-01-24,options,14181.443913,143.10553728740697,21944.0,2025,1,1
2025-01-24,totals,465019.418466,4692.530192052699,1371055.0,2025,1,1
2025-01-27,futures,467664.052809,4759.280677778954,1411557.0,2025,1,1
2025-01-27,options,14146.555869,143.96537343431342,22298.0,2025,1,1
2025-01-27,totals,481810.608678,4903.2460512132675,1433855.0,2025,1,1
2025-01-28,futures,441260.641869,4542.896695929251,1390170.0,2025,1,1
2025-01-28,options,12220.850816,125.81693794012271,21890.0,2025,1,1
2025-01-28,totals,453481.492685,4668.713633869374,1412060.0,2025,1,1
2025-01-29,futures,367121.305429,3747.443551004534,1163197.0,2025,1,1
2025-01-29,options,12874.840275,131.42178469425045,17712.0,2025,1,1
2025-01-29,totals,379996.145704,3878.8653356987847,1180909.0,2025,1,1
2025-01-30,futures,477021.488385,4866.940458522679,1330531.0,2025,1,1
2025-01-30,options,20452.706882,208.6742610847993,26455.0,2025,1,1
2025-01-30,totals,497474.195267,5075.614719607479,1356986.0,2025,1,1
2025-01-31,futures,426751.166129,4354.328258099998,1304540.0,2025,1,1
2025-01-31,options,11974.85348,122.18465239954206,20952.0,2025,1,1
2025-01-31,totals,438726.019609,4476.512910499539,1325492.0,2025,1,1
2025-02-03,futures,463337.220057,4737.081117474877,1374962.0,2025,2,1
2025-02-03,options,14944.854311,152.79365458993752,21466.0,2025,2,1
2025-02-03,totals,478282.074368,4889.874772064814,1396428.0,2025,2,1
2025-02-04,futures,372366.29364,3725.7754510807627,1167259.0,2025,2,1
2025-02-04,options,8444.434992,84.49225702973587,14896.0,2025,2,1
2025-02-04,totals,380810.728632,3810.267708110499,1182155.0,2025,2,1
2025-02-05,futures,603037.313916,6120.118557689965,1668180.0,2025,2,1
2025-02-05,options,21150.031442,214.647911392662,31562.0,2025,2,1
2025-02-05,totals,624187.345358,6334.766469082628,1699742.0,2025,2,1
2025-02-06,futures,581086.695867,5926.093929025981,1694348.0,2025,2,1
2025-02-06,options,28345.085044,289.0715578100588,35622.0,2025,2,1
2025-02-06,totals,609431.780911,6215.165486836039,1729970.0,2025,2,1
2025-02-07,futures,416372.212841,4296.465733718982,1255043.0,2025,2,1
2025-02-07,options,12845.278606,132.54798871947696,19170.0,2025,2,1
2025-02-07,totals,429217.491447,4429.013722438458,1274213.0,2025,2,1
2025-02-10,futures,389726.511504,4006.391198504876,1179124.0,2025,2,1
2025-02-10,options,10514.691544,108.09110084481097,19157.0,2025,2,1
2025-02-10,totals,400241.203048,4114.482299349686,1198281.0,2025,2,1
2025-02-11,futures,498920.681886,5155.092541761338,1459700.0,2025,2,1
2025-02-11,options,17920.111117,185.15935402310964,28863.0,2025,2,1
2025-02-11,totals,516840.793003,5340.251895784448,1488563.0,2025,2,1
2025-02-12,futures,532652.514434,5559.907835649211,1568467.0,2025,2,1
2025-02-12,options,24282.66384,253.4661327899927,37056.0,2025,2,1
2025-02-12,totals,556935.178274,5813.373968439203,1605523.0,2025,2,1
2025-02-13,futures,966052.78832,10271.857481193214,3048308.0,2025,2,1
2025-02-13,options,33659.558549,357.8957511177743,61415.0,2025,2,1
2025-02-13,totals,999712.346869,10629.75323231099,3109723.0,2025,2,1
2025-02-14,futures,855449.950425,9397.316641913276,2472152.0,2025,2,1
2025-02-14,options,27745.237996,304.7878915933311,44088.0,2025,2,1
2025-02-14,totals,883195.188421,9702.104533506606,2516240.0,2025,2,1
2025-02-17,futures,497099.747214,5504.377119385582,1522952.0,2025,2,1
2025-02-17,options,13608.005336,150.681213643244,25973.0,2025,2,1
2025-02-17,totals,510707.75255,5655.0583330288255,1548925.0,2025,2,1
2025-02-18,futures,588157.982433,6432.54675121152,1853591.0,2025,2,1
2025-02-18,options,14901.958299,162.97924419285016,26636.0,2025,2,1
2025-02-18,totals,603059.940732,6595.52599540437,1880227.0,2025,2,1
2025-02-19,futures,531037.373333,5813.866171515593,1681580.0,2025,2,1
2025-02-19,options,19804.843885,216.82600449092294,28534.0,2025,2,1
2025-02-19,totals,550842.217218,6030.692176006516,1710114.0,2025,2,1
2025-02-20,futures,561307.413409,6207.312582210141,1766794.0,2025,2,1
2025-02-20,options,25562.094089,282.6827233629853,38457.0,2025,2,1
2025-02-20,totals,586869.507498,6489.995305573127,1805251.0,2025,2,1
2025-02-21,futures,579280.797701,6544.7840274069795,1741924.0,2025,2,1
2025-02-21,options,18871.358439,213.21087420334132,28715.0,2025,2,1
2025-02-21,totals,598152.15614,6757.994901610321,1770639.0,2025,2,1
2025-02-24,futures,453044.801778,5138.449972302751,1462590.0,2025,2,1
2025-02-24,options,10942.343053,124.10843726039953,19439.0,2025,2,1
2025-02-24,totals,463987.144831,5262.558409563151,1482029.0,2025,2,1
2025-02-25,futures,538869.763196,6109.184280024714,1737868.0,2025,2,1
2025-02-25,options,16967.139412,192.35701917659128,26918.0,2025,2,1
2025-02-25,totals,555836.902608,6301.541299201305,1764786.0,2025,2,1
2025-02-26,futures,720011.898301,8311.173244709218,2160790.0,2025,2,1
2025-02-26,options,25495.998327,294.30299644010626,38835.0,2025,2,1
2025-02-26,totals,745507.896628,8605.476241149325,2199625.0,2025,2,1
2025-02-27,futures,740965.579984,8623.108210301893,2257788.0,2025,2,1
2025-02-27,options,26959.682766,313.74772065883144,40388.0,2025,2,1
2025-02-27,totals,767925.26275,8936.855930960724,2298176.0,2025,2,1
2025-02-28,futures,584890.590319,6669.470918734684,1803791.0,2025,2,1
2025-02-28,options,17200.159997,196.1323515822146,25294.0,2025,2,1
2025-02-28,totals,602090.750316,6865.6032703168985,1829085.0,2025,2,1
2025-03-01,futures,,,,2025,3,1
2025-03-01,options,,,,2025,3,1
2025-03-01,totals,,,,2025,3,1
2025-03-02,futures,,,,2025,3,1
2025-03-02,options,,,,2025,3,1
2025-03-02,totals,,,,2025,3,1
2025-03-03,futures,612825.231217,6943.6602190086205,2027780.0,2025,3,1
2025-03-03,options,19213.064444,217.6950041696504,30293.0,2025,3,1
2025-03-03,totals,632038.295661,7161.3552231782705,2058073.0,2025,3,1
2025-03-04,futures,646179.083438,7240.126111774045,2041909.0,2025,3,1
2025-03-04,options,17274.102184,193.54801398772207,24731.0,2025,3,1
2025-03-04,totals,663453.185622,7433.674125761768,2066640.0,2025,3,1
2025-03-05,futures,668549.540612,7491.187616667862,2036279.0,2025,3,1
2025-03-05,options,17593.439118,197.13685411362906,24466.0,2025,3,1
2025-03-05,totals,686142.97973,7688.324470781491,2060745.0,2025,3,1
2025-03-06,futures,533462.221853,5941.3664423563105,1663613.0,2025,3,1
2025-03-06,options,22170.3015,246.91886314176313,29892.0,2025,3,1
2025-03-06,totals,555632.523353,6188.285305498073,1693505.0,2025,3,1
2025-03-07,futures,609077.968258,6799.8397749529995,1862242.0,2025,3,1
2025-03-07,options,16677.866658,186.19425914679076,26596.0,2025,3,1
2025-03-07,totals,625755.834916,6986.03403409979,1888838.0,2025,3,1
2025-03-10,futures,556019.611388,6237.865327308097,1792514.0,2025,3,1
2025-03-10,options,12689.38707,142.35952474976494,21111.0,2025,3,1
2025-03-10,totals,568708.998458,6380.224852057862,1813625.0,2025,3,1
2025-03-11,futures,568043.349194,6426.7603136427,1861211.0,2025,3,1
2025-03-11,options,14421.100393,163.15824455351,24457.0,2025,3,1
2025-03-11,totals,582464.449587,6589.918558196209,1885668.0,2025,3,1
2025-03-12,futures,601423.209169,6947.496204311347,1942089.0,2025,3,1
2025-03-12,options,18218.218757,210.45247960825674,25843.0,2025,3,1
2025-03-12,totals,619641.427926,7157.948683919603,1967932.0,2025,3,1
2025-03-13,futures,666490.995079,7694.388332067272,2153341.0,2025,3,1
2025-03-13,options,21927.736238,253.1474830178572,30799.0,2025,3,1
2025-03-13,totals,688418.731317,7947.53581508513,2184140.0,2025,3,1
2025-03-14,futures,621531.007545,7175.458127489351,2069242.0,2025,3,1
2025-03-14,options,17005.487381,196.3251409159653,23199.0,2025,3,1
2025-03-14,totals,638536.494926,7371.7832684053155,2092441.0,2025,3,1
2025-03-15,futures,,,,2025,3,1
2025-03-15,options,,,,2025,3,1
2025-03-15,totals,,,,2025,3,1
2025-03-16,futures,,,,2025,3,1
2025-03-16,options,,,,2025,3,1
2025-03-16,totals,,,,2025,3,1
2025-03-17,futures,621655.971838,7264.9331634673135,2045183.0,2025,3,1
2025-03-17,options,15766.562274,184.25467835464545,25752.0,2025,3,1
2025-03-17,totals,637422.534112,7449.187841821959,2070935.0,2025,3,1
2025-03-18,futures,819513.618568,9720.714903322307,2652571.0,2025,3,1
2025-03-18,options,18961.994568,224.91895072586854,31665.0,2025,3,1
2025-03-18,totals,838475.613136,9945.633854048176,2684236.0,2025,3,1
2025-03-19,futures,800100.426903,9816.96633574964,2628990.0,2025,3,1
2025-03-19,options,17607.077725,216.03299221612284,29407.0,2025,3,1
2025-03-19,totals,817707.504628,10032.999327965763,2658397.0,2025,3,1
2025-03-20,futures,697825.50257,8422.890191034983,2014305.0,2025,3,1
2025-03-20,options,17420.999836,210.27487258098196,28959.0,2025,3,1
2025-03-20,totals,715246.502406,8633.165063615965,2043264.0,2025,3,1
2025-03-21,futures,415883.400603,4927.791180844951,1432591.0,2025,3,1
2025-03-21,options,15513.674798,183.82111366127342,22647.0,2025,3,1
2025-03-21,totals,431397.075401,5111.612294506223,1455238.0,2025,3,1
2025-03-22,futures,,,,2025,3,1
2025-03-22,options,,,,2025,3,1
2025-03-22,totals,,,,2025,3,1
2025-03-23,futures,,,,2025,3,1
2025-03-23,options,,,,2025,3,1
2025-03-23,totals,,,,2025,3,1
2025-03-24,futures,391302.271113,4623.136473452269,1350459.0,2025,3,1
2025-03-24,options,11211.64176,132.46268620037807,16964.0,2025,3,1
2025-03-24,totals,402513.912873,4755.599159652647,1367423.0,2025,3,1
2025-03-25,futures,415978.63982,4959.583752952355,1470401.0,2025,3,1
2025-03-25,options,11239.28853,134.00253631352857,19711.0,2025,3,1
2025-03-25,totals,427217.92835,5093.586289265884,1490112.0,2025,3,1
2025-03-26,futures,360567.331117,4282.628379045764,1259682.0,2025,3,1
2025-03-26,options,10278.561278,122.08332376800922,16715.0,2025,3,1
2025-03-26,totals,370845.892395,4404.711702813773,1276397.0,2025,3,1
2025-03-27,futures,430232.700394,5109.2576035579195,1448258.0,2025,3,1
2025-03-27,options,16878.122386,200.4372867415223,24972.0,2025,3,1
2025-03-27,totals,447110.82278,5309.694890299443,1473230.0,2025,3,1
2025-03-28,futures,533240.923761,6360.6230327179555,1672755.0,2025,3,1
2025-03-28,options,19777.694386,235.9129857445664,31013.0,2025,3,1
2025-03-28,totals,553018.618147,6596.5360184625215,1703768.0,2025,3,1
2025-03-29,futures,,,,2025,3,1
2025-03-29,options,,,,2025,3,1
2025-03-29,totals,,,,2025,3,1
2025-03-30,futures,,,,2025,3,1
2025-03-30,options,,,,2025,3,1
2025-03-30,totals,,,,2025,3,1
2025-03-31,futures,481870.121588,5758.396697804647,1633939.0,2025,3,1
2025-03-31,options,15542.410426,185.73337682373483,26293.0,2025,3,1
2025-03-31,totals,497412.532014,5944.130074628382,1660232.0,2025,3,1
2025-04-01,futures,386086.556331,4515.827659571233,1377515.0,2025,4,2
2025-04-01,options,12551.60445,146.80874435501886,19583.0,2025,4,2
2025-04-01,totals,398638.160781,4662.636403926252,1397098.0,2025,4,2
2025-04-02,futures,382932.046238,4511.946363562454,1367848.0,2025,4,2
2025-04-02,options,13142.264976,154.85043691167857,21671.0,2025,4,2
2025-04-02,totals,396074.311214,4666.796800474132,1389519.0,2025,4,2
2025-04-03,futures,650994.931425,7699.325758821178,2017797.0,2025,4,2
2025-04-03,options,22439.517788,265.39247693141044,36148.0,2025,4,2
2025-04-03,totals,673434.449213,7964.718235752589,2053945.0,2025,4,2
2025-04-04,futures,793460.216387,9403.081383536968,2457354.0,2025,4,2
2025-04-04,options,25388.436197,300.8714574855125,36628.0,2025,4,2
2025-04-04,totals,818848.652584,9703.95284102248,2493982.0,2025,4,2
2025-04-05,futures,,,,2025,4,2
2025-04-05,options,,,,2025,4,2
2025-04-05,totals,,,,2025,4,2
2025-04-06,futures,,,,2025,4,2
2025-04-06,options,,,,2025,4,2
2025-04-06,totals,,,,2025,4,2
2025-04-07,futures,773633.311013,9179.60581381248,2747289.0,2025,4,2
2025-04-07,options,15793.437058,187.39824743050923,32112.0,2025,4,2
2025-04-07,totals,789426.748071,9367.004061242991,2779401.0,2025,4,2
2025-04-08,futures,480466.255476,5574.559375559091,1699127.0,2025,4,2
2025-04-08,options,8397.784707,97.43441696223769,18181.0,2025,4,2
2025-04-08,totals,488864.040183,5671.993792521328,1717308.0,2025,4,2
2025-04-09,futures,632616.986185,7402.137110026315,2380962.0,2025,4,2
2025-04-09,options,19756.645449,231.1689405142042,32467.0,2025,4,2
2025-04-09,totals,652373.631634,7633.306050540519,2413429.0,2025,4,2
2025-04-10,futures,700549.040286,8137.185791133471,2505663.0,2025,4,2
2025-04-10,options,23546.495998,273.50292648703777,41237.0,2025,4,2
2025-04-10,totals,724095.536284,8410.688717620507,2546900.0,2025,4,2
2025-04-11,futures,630318.833376,7414.128808564045,2189284.0,2025,4,2
2025-04-11,options,19481.170085,229.14737225624853,28933.0,2025,4,2
2025-04-11,totals,649800.003461,7643.276180820293,2218217.0,2025,4,2
2025-04-12,futures,,,,2025,4,2
2025-04-12,options,,,,2025,4,2
2025-04-12,totals,,,,2025,4,2
2025-04-13,futures,,,,2025,4,2
2025-04-13,options,,,,2025,4,2
2025-04-13,totals,,,,2025,4,2
2025-04-14,futures,468984.866422,5582.887319913337,1681398.0,2025,4,2
2025-04-14,options,10956.67187,130.4303589114804,19381.0,2025,4,2
2025-04-14,totals,479941.538292,5713.3176788248165,1700779.0,2025,4,2
2025-04-15,futures,419940.96494,5073.766810000592,1562442.0,2025,4,2
2025-04-15,options,9936.2301,120.05048020288254,18018.0,2025,4,2
2025-04-15,totals,429877.19504,5193.817290203475,1580460.0,2025,4,2
2025-04-16,futures,491980.450729,5977.869469843974,1668495.0,2025,4,2
2025-04-16,options,12677.096166,154.0346288652654,20227.0,2025,4,2
2025-04-16,totals,504657.546895,6131.90409870924,1688722.0,2025,4,2
2025-04-17,futures,521338.177826,6312.425569275401,1773799.0,2025,4,2
2025-04-17,options,16379.010773,198.31903896635396,28838.0,2025,4,2
2025-04-17,totals,537717.188599,6510.7446082417555,1802637.0,2025,4,2
2025-04-18,futures,515730.889423,6287.867464313583,1786191.0,2025,4,2
2025-04-18,options,16108.935772,196.4025331870276,27056.0,2025,4,2
2025-04-18,totals,531839.825195,6484.269997500611,1813247.0,2025,4,2
2025-04-19,futures,,,,2025,4,2
2025-04-19,options,,,,2025,4,2
2025-04-19,totals,,,,2025,4,2
2025-04-20,futures,,,,2025,4,2
2025-04-20,options,,,,2025,4,2
2025-04-20,totals,,,,2025,4,2
2025-04-21,futures,361331.819338,4453.3489530436755,1345760.0,2025,4,2
2025-04-21,options,9527.82691,117.42873371121225,18300.0,2025,4,2
2025-04-21,totals,370859.646248,4570.777686754887,1364060.0,2025,4,2
2025-04-22,futures,475759.06207,5891.045435656646,1611497.0,2025,4,2
2025-04-22,options,9583.281631,118.66415589706253,15274.0,2025,4,2
2025-04-22,totals,485342.343701,6009.709591553708,1626771.0,2025,4,2
2025-04-23,futures,651154.210725,7993.349177837518,2102003.0,2025,4,2
2025-04-23,options,14022.285659,172.13284303110652,25671.0,2025,4,2
2025-04-23,totals,665176.496384,8165.482020868626,2127674.0,2025,4,2
2025-04-24,futures,422910.695852,5134.673355519482,1462475.0,2025,4,2
2025-04-24,options,12992.45389,157.7449032765648,23372.0,2025,4,2
2025-04-24,totals,435903.149742,5292.418258796047,1485847.0,2025,4,2
2025-04-25,futures,435515.834431,5256.304432526833,1520899.0,2025,4,2
2025-04-25,options,9701.224558,117.08550094803145,18661.0,2025,4,2
2025-04-25,totals,445217.058989,5373.389933474864,1539560.0,2025,4,2
2025-04-26,futures,,,,2025,4,2
2025-04-26,options,,,,2025,4,2
2025-04-26,totals,,,,2025,4,2
2025-04-27,futures,,,,2025,4,2
2025-04-27,options,,,,2025,4,2
2025-04-27,totals,,,,2025,4,2
2025-04-28,futures,476440.164645,5764.2095585984625,1740075.0,2025,4,2
2025-04-28,options,9132.6744,110.49162723565088,19825.0,2025,4,2
2025-04-28,totals,485572.839045,5874.701185834113,1759900.0,2025,4,2
2025-04-29,futures,376577.291805,4561.990870682898,1391792.0,2025,4,2
2025-04-29,options,8800.09912,106.6075218028098,16806.0,2025,4,2
2025-04-29,totals,385377.390925,4668.598392485708,1408598.0,2025,4,2
2025-04-30,futures,492866.100477,6042.869444407663,1724571.0,2025,4,2
2025-04-30,options,13872.350484,170.08433483403954,27347.0,2025,4,2
2025-04-30,totals,506738.450961,6212.953779241702,1751918.0,2025,4,2
2025-05-02,futures,352931.714489,4330.806514020172,1360848.0,2025,5,2
2025-05-02,options,11405.816661,139.96017661574632,23461.0,2025,5,2
2025-05-02,totals,364337.53115,4470.766690635917,1384309.0,2025,5,2
2025-05-03,futures,,,,2025,5,2
2025-05-03,options,,,,2025,5,2
2025-05-03,totals,,,,2025,5,2
2025-05-04,futures,,,,2025,5,2
2025-05-04,options,,,,2025,5,2
2025-05-04,totals,,,,2025,5,2
2025-05-05,futures,462957.478149,5680.926875571366,1740552.0,2025,5,2
2025-05-05,options,9815.876351,120.45010265874616,23234.0,2025,5,2
2025-05-05,totals,472773.3545,5801.3769782301115,1763786.0,2025,5,2
2025-05-06,futures,420124.591041,5128.868443752388,1546950.0,2025,5,2
2025-05-06,options,11761.759367,143.58720662111463,20919.0,2025,5,2
2025-05-06,totals,431886.350408,5272.455650373503,1567869.0,2025,5,2
2025-05-07,futures,437069.750342,5398.295427891765,1553339.0,2025,5,2
2025-05-07,options,11295.587952,139.51301994456824,21655.0,2025,5,2
2025-05-07,totals,448365.338294,5537.8084478363335,1574994.0,2025,5,2
2025-05-08,futures,338432.055862,4185.345454457763,1275396.0,2025,5,2
2025-05-08,options,11102.359975,137.3014495827418,20924.0,2025,5,2
2025-05-08,totals,349534.415837,4322.6469040405045,1296320.0,2025,5,2
2025-05-10,futures,,,,2025,5,2
2025-05-10,options,,,,2025,5,2
2025-05-10,totals,,,,2025,5,2
2025-05-11,futures,,,,2025,5,2
2025-05-11,options,,,,2025,5,2
2025-05-11,totals,,,,2025,5,2
2025-05-12,futures,462533.400603,5720.090730820221,1602019.0,2025,5,2
2025-05-12,options,13520.696112,167.20869974722117,24608.0,2025,5,2
2025-05-12,totals,476054.096715,5887.299430567442,1626627.0,2025,5,2
2025-05-13,futures,354238.227301,4379.350626740827,1194356.0,2025,5,2
2025-05-13,options,8521.392558,105.34765297329774,15678.0,2025,5,2
2025-05-13,totals,362759.619859,4484.6982797141245,1210034.0,2025,5,2
2025-05-14,futures,362119.519177,4495.5868302545005,1293278.0,2025,5,2
2025-05-14,options,11950.929248,148.36659525760396,19625.0,2025,5,2
2025-05-14,totals,374070.448425,4643.953425512104,1312903.0,2025,5,2
2025-05-15,futures,447147.983752,5573.764158870758,1614769.0,2025,5,2
2025-05-15,options,20317.975479,253.26649704513756,28237.0,2025,5,2
2025-05-15,totals,467465.959231,5827.030655915895,1643006.0,2025,5,2
2025-05-16,futures,496414.345369,6180.965385215916,1658862.0,2025,5,2
2025-05-16,options,18879.369877,235.07123191148673,23706.0,2025,5,2
2025-05-16,totals,515293.715246,6416.036617127404,1682568.0,2025,5,2
2025-05-17,futures,,,,2025,5,2
2025-05-17,options,,,,2025,5,2
2025-05-17,totals,,,,2025,5,2
2025-05-18,futures,,,,2025,5,2
2025-05-18,options,,,,2025,5,2
2025-05-18,totals,,,,2025,5,2
2025-05-19,futures,350237.809319,4336.2953973497215,1263793.0,2025,5,2
2025-05-19,options,7134.188392,88.32840848395855,16754.0,2025,5,2
2025-05-19,totals,357371.997711,4424.62380583368,1280547.0,2025,5,2
2025-05-20,futures,430497.779258,5353.537758590886,1573187.0,2025,5,2
2025-05-20,options,8242.849005,102.50553083616347,17415.0,2025,5,2
2025-05-20,totals,438740.628263,5456.04328942705,1590602.0,2025,5,2
2025-05-21,futures,526567.86935,6556.8953005634585,1719284.0,2025,5,2
2025-05-21,options,13610.084209,169.47463448619368,24800.0,2025,5,2
2025-05-21,totals,540177.953559,6726.369935049652,1744084.0,2025,5,2
2025-05-22,futures,489302.434706,6135.222934635688,1671490.0,2025,5,2
2025-05-22,options,14224.441983,178.3561995536218,27035.0,2025,5,2
2025-05-22,totals,503526.876689,6313.57913418931,1698525.0,2025,5,2
2025-05-23,futures,368710.361868,4624.156580653334,1343870.0,2025,5,2
2025-05-23,options,8767.18127,109.95302317531545,16515.0,2025,5,2
2025-05-23,totals,377477.543138,4734.10960382865,1360385.0,2025,5,2
2025-05-24,futures,,,,2025,5,2
2025-05-24,options,,,,2025,5,2
2025-05-24,totals,,,,2025,5,2
2025-05-25,futures,,,,2025,5,2
2025-05-25,options,,,,2025,5,2
2025-05-25,totals,,,,2025,5,2
2025-05-26,futures,288736.829266,3622.3049983941946,1089058.0,2025,5,2
2025-05-26,options,8540.831053,107.14772719631466,17518.0,2025,5,2
2025-05-26,totals,297277.660319,3729.4527255905095,1106576.0,2025,5,2
2025-05-27,futures,324803.864055,4077.4385762150573,1182782.0,2025,5,2
2025-05-27,options,5324.533068,66.84174338553932,13517.0,2025,5,2
2025-05-27,totals,330128.397123,4144.280319600597,1196299.0,2025,5,2
2025-05-28,futures,402398.765663,5054.143376125379,1312445.0,2025,5,2
2025-05-28,options,8727.637321,109.61944747141335,18239.0,2025,5,2
2025-05-28,totals,411126.402984,5163.762823596793,1330684.0,2025,5,2
2025-05-29,futures,485803.132207,6102.770753206195,1521432.0,2025,5,2
2025-05-29,options,16163.719773,203.05236782963604,26704.0,2025,5,2
2025-05-29,totals,501966.85198,6305.823121035831,1548136.0,2025,5,2
2025-05-30,futures,389630.170506,4963.631355414857,1317040.0,2025,5,2
2025-05-30,options,8689.468311,110.69809433481534,17344.0,2025,5,2
2025-05-30,totals,398319.638817,5074.329449749672,1334384.0,2025,5,2
2025-05-31,futures,,,,2025,5,2
2025-05-31,options,,,,2025,5,2
2025-05-31,totals,,,,2025,5,2
2025-06-01,futures,,,,2025,6,2
2025-06-01,options,,,,2025,6,2
2025-06-01,totals,,,,2025,6,2
2025-06-02,futures,467663.430279,5948.62224985404,1615582.0,2025,6,2
2025-06-02,options,12951.812333,164.74548581669893,17971.0,2025,6,2
2025-06-02,totals,480615.242612,6113.367735670739,1633553.0,2025,6,2
2025-06-03,futures,422384.274586,5337.953766165161,1443596.0,2025,6,2
2025-06-03,options,10437.68636,131.90805285074276,14423.0,2025,6,2
2025-06-03,totals,432821.960946,5469.861819015903,1458019.0,2025,6,2
2025-06-04,futures,569431.371146,7221.255383571598,1709078.0,2025,6,2
2025-06-04,options,12457.857858,157.98457493446824,24152.0,2025,6,2
2025-06-04,totals,581889.229004,7379.239958506067,1733230.0,2025,6,2
2025-06-05,futures,428645.55776,5460.279070857617,1388431.0,2025,6,2
2025-06-05,options,9304.209286,118.521184497309,18250.0,2025,6,2
2025-06-05,totals,437949.767046,5578.800255354925,1406681.0,2025,6,2
2025-06-06,futures,659050.867432,8329.005290620671,2110520.0,2025,6,2
2025-06-06,options,13732.30722,173.54724064544178,26301.0,2025,6,2
2025-06-06,totals,672783.174652,8502.552531266114,2136821.0,2025,6,2
2025-06-07,futures,,,,2025,6,2
2025-06-07,options,,,,2025,6,2
2025-06-07,totals,,,,2025,6,2
2025-06-08,futures,,,,2025,6,2
2025-06-08,options,,,,2025,6,2
2025-06-08,totals,,,,2025,6,2
2025-06-09,futures,419130.217633,5294.033464986239,1501460.0,2025,6,2
2025-06-09,options,10703.378206,135.19436210296033,19207.0,2025,6,2
2025-06-09,totals,429833.595839,5429.227827089199,1520667.0,2025,6,2
2025-06-10,futures,497705.634794,6287.790237472886,1577506.0,2025,6,2
2025-06-10,options,16510.827766,208.59040843011687,18807.0,2025,6,2
2025-06-10,totals,514216.46256,6496.380645903002,1596313.0,2025,6,2
2025-06-11,futures,593903.431991,7555.994468099993,1804232.0,2025,6,2
2025-06-11,options,14314.348867,182.11570270088026,24563.0,2025,6,2
2025-06-11,totals,608217.780858,7738.110170800874,1828795.0,2025,6,2
2025-06-13,futures,374512.496239,4740.496491757254,1373824.0,2025,6,2
2025-06-13,options,18427.471309,233.25086337446268,17368.0,2025,6,2
2025-06-13,totals,392939.967548,4973.747355131718,1391192.0,2025,6,2
2025-06-14,futures,,,,2025,6,2
2025-06-14,options,,,,2025,6,2
2025-06-14,totals,,,,2025,6,2
2025-06-15,futures,,,,2025,6,2
2025-06-15,options,,,,2025,6,2
2025-06-15,totals,,,,2025,6,2
2025-06-16,futures,584866.556815,7403.111748127915,1823136.0,2025,6,2
2025-06-16,options,9508.446912,120.35582171771128,15980.0,2025,6,2
2025-06-16,totals,594375.003727,7523.467569845627,1839116.0,2025,6,2
2025-06-17,futures,542293.478345,6907.607609860051,1735490.0,2025,6,2
2025-06-17,options,6433.674443,81.95064170319222,12905.0,2025,6,2
2025-06-17,totals,548727.152788,6989.558251563242,1748395.0,2025,6,2
2025-06-18,futures,624155.106335,7929.454367230526,2078795.0,2025,6,2
2025-06-18,options,9899.067058,125.76072793104106,16298.0,2025,6,2
2025-06-18,totals,634054.173393,8055.215095161567,2095093.0,2025,6,2
2025-06-19,futures,561822.518664,7137.208783115297,1590009.0,2025,6,2
2025-06-19,options,11716.257162,148.83948354493415,17578.0,2025,6,2
2025-06-19,totals,573538.775826,7286.04826666023,1607587.0,2025,6,2
2025-06-20,futures,372292.980103,4743.5586165188015,1311628.0,2025,6,2
2025-06-20,options,8969.613276,114.28602905818899,18878.0,2025,6,2
2025-06-20,totals,381262.593379,4857.844645576991,1330506.0,2025,6,2
2025-06-21,futures,,,,2025,6,2
2025-06-21,options,,,,2025,6,2
2025-06-21,totals,,,,2025,6,2
2025-06-22,futures,,,,2025,6,2
2025-06-22,options,,,,2025,6,2
2025-06-22,totals,,,,2025,6,2
2025-06-23,futures,395309.197234,5035.683313894239,1430055.0,2025,6,2
2025-06-23,options,6249.854739,79.61436122321074,14422.0,2025,6,2
2025-06-23,totals,401559.051973,5115.29767511745,1444477.0,2025,6,2
2025-06-24,futures,574809.953678,7341.845285909343,1934175.0,2025,6,2
2025-06-24,options,9053.076969,115.63176671269079,20185.0,2025,6,2
2025-06-24,totals,583863.030647,7457.477052622033,1954360.0,2025,6,2
2025-06-25,futures,295660.995202,3771.7057349992087,1087465.0,2025,6,2
2025-06-25,options,8433.961127,107.59085597250642,16044.0,2025,6,2
2025-06-25,totals,304094.956329,3879.2965909717154,1103509.0,2025,6,2
2025-06-26,futures,315592.131565,4035.9166089910086,1103433.0,2025,6,2
2025-06-26,options,8339.066592,106.64327147587022,17167.0,2025,6,2
2025-06-26,totals,323931.198157,4142.559880466879,1120600.0,2025,6,2
2025-06-27,futures,317507.096778,4059.585672961974,1105578.0,2025,6,2
2025-06-27,options,6792.604872,86.84896085879734,14284.0,2025,6,2
2025-06-27,totals,324299.70165,4146.4346338207715,1119862.0,2025,6,2
2025-06-28,futures,,,,2025,6,2
2025-06-28,options,,,,2025,6,2
2025-06-28,totals,,,,2025,6,2
2025-06-29,futures,,,,2025,6,2
2025-06-29,options,,,,2025,6,2
2025-06-29,totals,,,,2025,6,2
2025-06-30,futures,311341.031826,3967.719936356627,1156608.0,2025,6,2
2025-06-30,options,6549.828372,83.47079875364,14732.0,2025,6,2
2025-06-30,totals,317890.860198,4051.1907351102673,1171340.0,2025,6,2
2025-07-01,futures,323388.154486,4118.104462665736,1158409.0,2025,7,3
2025-07-01,options,6829.152127,86.96410632331742,13305.0,2025,7,3
2025-07-01,totals,330217.306613,4205.068568989053,1171714.0,2025,7,3
2025-07-02,futures,267723.11848,3414.047502808663,1080973.0,2025,7,3
2025-07-02,options,7854.545009,100.16239884669484,15318.0,2025,7,3
2025-07-02,totals,275577.663489,3514.209901655358,1096291.0,2025,7,3
2025-07-03,futures,368792.137585,4688.790622028124,1211873.0,2025,7,3
2025-07-03,options,11482.925828,145.9929034505556,19319.0,2025,7,3
2025-07-03,totals,380275.063413,4834.78352547868,1231192.0,2025,7,3
2025-07-04,futures,292720.443932,3715.5233029926467,891628.0,2025,7,3
2025-07-04,options,9592.982673,121.76447325632019,16651.0,2025,7,3
2025-07-04,totals,302313.426605,3837.2877762489666,908279.0,2025,7,3
2025-07-05,futures,,,,2025,7,3
2025-07-05,options,,,,2025,7,3
2025-07-05,totals,,,,2025,7,3
2025-07-06,futures,,,,2025,7,3
2025-07-06,options,,,,2025,7,3
2025-07-06,totals,,,,2025,7,3
2025-07-07,futures,387796.607222,4919.066906770308,1242848.0,2025,7,3
2025-07-07,options,7592.855308,96.31276441801525,16887.0,2025,7,3
2025-07-07,totals,395389.46253,5015.379671188324,1259735.0,2025,7,3
2025-07-08,futures,322955.933861,4102.668799087889,1108349.0,2025,7,3
2025-07-08,options,6918.099192,87.884032241468,13062.0,2025,7,3
2025-07-08,totals,329874.033053,4190.552831329357,1121411.0,2025,7,3
2025-07-09,futures,349955.761516,4476.958168615882,1269134.0,2025,7,3
2025-07-09,options,9164.90163,117.24590856639912,19026.0,2025,7,3
2025-07-09,totals,359120.663146,4594.204077182281,1288160.0,2025,7,3
2025-07-10,futures,321561.190395,4113.471715765222,1094587.0,2025,7,3
2025-07-10,options,8122.052184,103.89883148464872,16948.0,2025,7,3
2025-07-10,totals,329683.242579,4217.3705472498705,1111535.0,2025,7,3
2025-07-11,futures,488193.246468,6266.6889996136215,1450848.0,2025,7,3
2025-07-11,options,11477.75902,147.3341688178489,21770.0,2025,7,3
2025-07-11,totals,499671.005488,6414.023168431471,1472618.0,2025,7,3
2025-07-12,futures,,,,2025,7,3
2025-07-12,options,,,,2025,7,3
2025-07-12,totals,,,,2025,7,3
2025-07-13,futures,,,,2025,7,3
2025-07-13,options,,,,2025,7,3
2025-07-13,totals,,,,2025,7,3
2025-07-14,futures,453422.736242,5821.657898350784,1501815.0,2025,7,3
2025-07-14,options,8631.77551,110.82647617335705,21141.0,2025,7,3
2025-07-14,totals,462054.511752,5932.4843745241415,1522956.0,2025,7,3
2025-07-15,futures,407741.543927,5202.629809128747,1285267.0,2025,7,3
2025-07-15,options,7731.566079,98.65189542975696,16475.0,2025,7,3
2025-07-15,totals,415473.110006,5301.281704558504,1301742.0,2025,7,3
2025-07-16,futures,351579.76461,4509.838126616247,1133312.0,2025,7,3
2025-07-16,options,6459.594371,82.8595041842829,15012.0,2025,7,3
2025-07-16,totals,358039.358981,4592.6976308005305,1148324.0,2025,7,3
2025-07-17,futures,340152.481285,4363.250720383281,1147925.0,2025,7,3
2025-07-17,options,10871.352869,139.45051365790772,20241.0,2025,7,3
2025-07-17,totals,351023.834154,4502.701234041188,1168166.0,2025,7,3
2025-07-18,futures,365126.477919,4669.99649448236,1296334.0,2025,7,3
2025-07-18,options,8786.762042,112.38338059693858,20293.0,2025,7,3
2025-07-18,totals,373913.239961,4782.3798750792985,1316627.0,2025,7,3
2025-07-19,futures,,,,2025,7,3
2025-07-19,options,,,,2025,7,3
2025-07-19,totals,,,,2025,7,3
2025-07-20,futures,,,,2025,7,3
2025-07-20,options,,,,2025,7,3
2025-07-20,totals,,,,2025,7,3
2025-07-21,futures,316780.841595,4045.0659035101494,1227903.0,2025,7,3
2025-07-21,options,6602.791818,84.3129525020782,17057.0,2025,7,3
2025-07-21,totals,323383.633413,4129.3788560122275,1244960.0,2025,7,3
2025-07-22,futures,317704.437848,4056.10856287838,1115986.0,2025,7,3
2025-07-22,options,5021.714763,64.1118531063204,13594.0,2025,7,3
2025-07-22,totals,322726.152611,4120.220415984701,1129580.0,2025,7,3
2025-07-23,futures,324498.121119,4155.533372763106,1084051.0,2025,7,3
2025-07-23,options,6287.612868,80.51937255564862,14422.0,2025,7,3
2025-07-23,totals,330785.733987,4236.052745318755,1098473.0,2025,7,3
2025-07-24,futures,429320.13461,5472.692438529109,1280779.0,2025,7,3
2025-07-24,options,14169.503419,180.62356728113127,26810.0,2025,7,3
2025-07-24,totals,443489.638029,5653.316005810239,1307589.0,2025,7,3
2025-07-25,futures,438392.982595,5558.9677525890065,1392003.0,2025,7,3
2025-07-25,options,11207.380079,142.11327946306412,22669.0,2025,7,3
2025-07-25,totals,449600.362674,5701.08103205207,1414672.0,2025,7,3
2025-07-26,futures,,,,2025,7,3
2025-07-26,options,,,,2025,7,3
2025-07-26,totals,,,,2025,7,3
2025-07-27,futures,,,,2025,7,3
2025-07-27,options,,,,2025,7,3
2025-07-27,totals,,,,2025,7,3
2025-07-28,futures,555234.489401,6979.454995254718,1622926.0,2025,7,3
2025-07-28,options,12199.134471,153.34657995266033,28000.0,2025,7,3
2025-07-28,totals,567433.623872,7132.801575207378,1650926.0,2025,7,3
2025-07-29,futures,495488.062387,6226.429630062003,1464105.0,2025,7,3
2025-07-29,options,15637.245634,196.50162524409953,27838.0,2025,7,3
2025-07-29,totals,511125.308021,6422.931255306102,1491943.0,2025,7,3
2025-07-30,futures,519799.090062,6322.074758993283,1470777.0,2025,7,3
2025-07-30,options,13506.988181,164.27921995580132,23930.0,2025,7,3
2025-07-30,totals,533306.078243,6486.353978949083,1494707.0,2025,7,3
2025-07-31,futures,564124.689597,6893.465603185446,1629046.0,2025,7,3
2025-07-31,options,14018.860083,171.30703824905572,28598.0,2025,7,3
2025-07-31,totals,578143.54968,7064.772641434502,1657644.0,2025,7,3
2025-08-01,futures,367270.324429,4572.799349932704,1159518.0,2025,8,3
2025-08-01,options,6878.8912,85.6475111527797,13950.0,2025,8,3
2025-08-01,totals,374149.215629,4658.446861085484,1173468.0,2025,8,3
2025-08-02,futures,,,,2025,8,3
2025-08-02,options,,,,2025,8,3
2025-08-02,totals,,,,2025,8,3
2025-08-03,futures,,,,2025,8,3
2025-08-03,options,,,,2025,8,3
2025-08-03,totals,,,,2025,8,3
2025-08-04,futures,332832.112202,4143.366985007886,1120236.0,2025,8,3
2025-08-04,options,6217.253017,77.3974623952276,14283.0,2025,8,3
2025-08-04,totals,339049.365219,4220.764447403113,1134519.0,2025,8,3
2025-08-05,futures,374014.108049,4694.329213804824,1120935.0,2025,8,3
2025-08-05,options,7488.251988,93.98661524017994,13995.0,2025,8,3
2025-08-05,totals,381502.360037,4788.315829045004,1134930.0,2025,8,3
2025-08-06,futures,401625.363892,5017.243986708141,1186758.0,2025,8,3
2025-08-06,options,7340.923185,91.70537027320765,15279.0,2025,8,3
2025-08-06,totals,408966.287077,5108.949356981349,1202037.0,2025,8,3
2025-08-07,futures,781281.263601,9742.706370022222,2297782.0,2025,8,3
2025-08-07,options,18926.126432,236.0119218769095,37505.0,2025,8,3
2025-08-07,totals,800207.390033,9978.718291899131,2335287.0,2025,8,3
2025-08-08,futures,572090.540807,7206.55920860065,1563357.0,2025,8,3
2025-08-08,options,11109.093443,139.93998141959347,21692.0,2025,8,3
2025-08-08,totals,583199.63425,7346.499190020244,1585049.0,2025,8,3
2025-08-09,futures,,,,2025,8,3
2025-08-09,options,,,,2025,8,3
2025-08-09,totals,,,,2025,8,3
2025-08-10,futures,,,,2025,8,3
2025-08-10,options,,,,2025,8,3
2025-08-10,totals,,,,2025,8,3
2025-08-11,futures,451646.179253,5661.173774411002,1352257.0,2025,8,3
2025-08-11,options,10725.752435,134.4422939573525,24741.0,2025,8,3
2025-08-11,totals,462371.931688,5795.616068368355,1376998.0,2025,8,3
2025-08-12,futures,343088.29781,4306.49181299322,1102620.0,2025,8,3
2025-08-12,options,5805.771179,72.87484361918318,13070.0,2025,8,3
2025-08-12,totals,348894.068989,4379.366656612404,1115690.0,2025,8,3
2025-08-13,futures,292959.285445,3667.8871967312457,1026077.0,2025,8,3
2025-08-13,options,7220.711459,90.40421801796388,14276.0,2025,8,3
2025-08-13,totals,300179.996904,3758.2914147492093,1040353.0,2025,8,3
2025-08-14,futures,370100.506837,4649.31694752221,1186023.0,2025,8,3
2025-08-14,options,11013.499874,138.3549891712896,18103.0,2025,8,3
2025-08-14,totals,381114.006711,4787.671936693499,1204126.0,2025,8,3
2025-08-15,futures,358358.263156,4492.658626696069,1123645.0,2025,8,3
2025-08-15,options,10650.512192,133.52312587052265,18193.0,2025,8,3
2025-08-15,totals,369008.775348,4626.181752566592,1141838.0,2025,8,3
2025-08-16,futures,,,,2025,8,3
2025-08-16,options,,,,2025,8,3
2025-08-16,totals,,,,2025,8,3
2025-08-17,futures,,,,2025,8,3
2025-08-17,options,,,,2025,8,3
2025-08-17,totals,,,,2025,8,3
2025-08-18,futures,412121.524214,5150.07703110629,1385869.0,2025,8,3
2025-08-18,options,11063.202532,138.25132128004157,22305.0,2025,8,3
2025-08-18,totals,423184.726746,5288.328352386332,1408174.0,2025,8,3
2025-08-19,futures,376751.311902,4684.470018277762,1333569.0,2025,8,3
2025-08-19,options,9003.507683,111.94828118161382,16172.0,2025,8,3
2025-08-19,totals,385754.819585,4796.418299459377,1349741.0,2025,8,3
2025-08-20,futures,317430.987438,3950.770629223888,1104280.0,2025,8,3
2025-08-20,options,8781.888354,109.30006190678884,15186.0,2025,8,3
2025-08-20,totals,326212.875792,4060.0706911306766,1119466.0,2025,8,3
2025-08-21,futures,378568.992962,4725.939154005081,1287612.0,2025,8,3
2025-08-21,options,11477.847044,143.2859208159342,20335.0,2025,8,3
2025-08-21,totals,390046.840006,4869.225074821015,1307947.0,2025,8,3
2025-08-22,futures,417151.947749,5197.844213043955,1381198.0,2025,8,3
2025-08-22,options,10012.693793,124.76130764764225,16714.0,2025,8,3
2025-08-22,totals,427164.641542,5322.605520691597,1397912.0,2025,8,3
2025-08-23,futures,,,,2025,8,3
2025-08-23,options,,,,2025,8,3
2025-08-23,totals,,,,2025,8,3
2025-08-24,futures,,,,2025,8,3
2025-08-24,options,,,,2025,8,3
2025-08-24,totals,,,,2025,8,3
2025-08-25,futures,500070.628884,6192.840463803007,1553093.0,2025,8,3
2025-08-25,options,9902.884712,122.6366469266797,19364.0,2025,8,3
2025-08-25,totals,509973.513596,6315.4771107296865,1572457.0,2025,8,3
2025-08-26,futures,404125.843592,5008.7358316993905,1176706.0,2025,8,3
2025-08-26,options,7811.234034,96.8124370570694,13712.0,2025,8,3
2025-08-26,totals,411937.077626,5105.54826875646,1190418.0,2025,8,3
2025-08-27,futures,390102.519372,4844.38124167358,1102062.0,2025,8,3
2025-08-27,options,8782.125227,109.058415670311,14932.0,2025,8,3
2025-08-27,totals,398884.644599,4953.439657343891,1116994.0,2025,8,3
2025-08-28,futures,376934.559236,4685.787159161683,1108201.0,2025,8,3
2025-08-28,options,13290.135414,165.21368057273492,16105.0,2025,8,3
2025-08-28,totals,390224.69465,4851.000839734418,1124306.0,2025,8,3
2025-08-29,futures,517007.237201,6439.103833778792,1358098.0,2025,8,3
2025-08-29,options,,,,2025,8,3
2025-08-29,totals,517007.237201,6439.103833778792,1358098.0,2025,8,3
2025-08-30,futures,,,,2025,8,3
2025-08-30,options,,,,2025,8,3
2025-08-30,totals,,,,2025,8,3
2025-08-31,futures,,,,2025,8,3
2025-08-31,options,,,,2025,8,3
2025-08-31,totals,,,,2025,8,3
2025-09-01,futures,403471.654635,5022.577100854459,1153552.0,2025,9,3
2025-09-01,options,7321.529181,91.14133393334629,12647.0,2025,9,3
2025-09-01,totals,410793.183816,5113.718434787806,1166199.0,2025,9,3
2025-09-02,futures,445882.107281,5543.997623669431,1292448.0,2025,9,3
2025-09-02,options,6998.781907,87.02127676214562,15204.0,2025,9,3
2025-09-02,totals,452880.889188,5631.018900431577,1307652.0,2025,9,3
2025-09-03,futures,476132.010505,5907.733517278431,1301139.0,2025,9,3
2025-09-03,options,9728.681068,120.71117664064758,15995.0,2025,9,3
2025-09-03,totals,485860.691573,6028.444693919078,1317134.0,2025,9,3
2025-09-04,futures,548536.678755,6784.722577886128,1375979.0,2025,9,3
2025-09-04,options,17080.598476,211.26594922868367,20099.0,2025,9,3
2025-09-04,totals,565617.277231,6995.988527114812,1396078.0,2025,9,3
2025-09-05,futures,446990.173365,5498.189658071507,1192502.0,2025,9,3
2025-09-05,options,11788.13066,144.99955915111988,16750.0,2025,9,3
2025-09-05,totals,458778.304025,5643.189217222628,1209252.0,2025,9,3
2025-09-06,futures,,,,2025,9,3
2025-09-06,options,,,,2025,9,3
2025-09-06,totals,,,,2025,9,3
2025-09-07,futures,,,,2025,9,3
2025-09-07,options,,,,2025,9,3
2025-09-07,totals,,,,2025,9,3
2025-09-08,futures,520185.994354,6378.2989071749835,1299346.0,2025,9,3
2025-09-08,options,10254.732829,125.73916235059274,16053.0,2025,9,3
2025-09-08,totals,530440.727183,6504.038069525575,1315399.0,2025,9,3
2025-09-09,futures,598197.423344,7264.993962134912,1438809.0,2025,9,3
2025-09-09,options,15441.054494,187.52867078699583,25031.0,2025,9,3
2025-09-09,totals,613638.477838,7452.522632921909,1463840.0,2025,9,3
2025-09-10,futures,797978.49715,9586.190913896147,1755459.0,2025,9,3
2025-09-10,options,21804.658855,261.9414224104273,27822.0,2025,9,3
2025-09-10,totals,819783.156005,9848.132336306573,1783281.0,2025,9,3
2025-09-11,futures,723431.995105,8518.872166104773,1842562.0,2025,9,3
2025-09-11,options,20559.912853,242.1060590713027,30188.0,2025,9,3
2025-09-11,totals,743991.907958,8760.978225176075,1872750.0,2025,9,3
2025-09-12,futures,812418.616699,9483.703517306429,2052169.0,2025,9,3
2025-09-12,options,18842.274732,219.9537818027729,29835.0,2025,9,3
2025-09-12,totals,831260.891431,9703.657299109202,2082004.0,2025,9,3
2025-09-13,futures,,,,2025,9,3
2025-09-13,options,,,,2025,9,3
2025-09-13,totals,,,,2025,9,3
2025-09-14,futures,,,,2025,9,3
2025-09-14,options,,,,2025,9,3
2025-09-14,totals,,,,2025,9,3
2025-09-15,futures,687303.439888,8145.355166615706,2073246.0,2025,9,3
2025-09-15,options,18207.246711,215.77731531717308,24509.0,2025,9,3
2025-09-15,totals,705510.686599,8361.13248193288,2097755.0,2025,9,3
2025-09-16,futures,812505.557205,9780.762631903968,2158244.0,2025,9,3
2025-09-16,options,14180.380508,170.70029189207412,21161.0,2025,9,3
2025-09-16,totals,826685.937713,9951.462923796043,2179405.0,2025,9,3
2025-09-17,futures,637669.188599,7697.981051681699,1760049.0,2025,9,3
2025-09-17,options,10665.34397,128.75267812627135,17436.0,2025,9,3
2025-09-17,totals,648334.532569,7826.73372980797,1777485.0,2025,9,3
2025-09-18,futures,850861.951056,10251.509373713083,1919718.0,2025,9,3
2025-09-18,options,18141.610002,218.57703797770327,25817.0,2025,9,3
2025-09-18,totals,869003.561058,10470.086411690787,1945535.0,2025,9,3
2025-09-19,futures,482254.333378,5798.242608770928,1339536.0,2025,9,3
2025-09-19,options,13942.716147,167.63613149779073,21024.0,2025,9,3
2025-09-19,totals,496197.049525,5965.8787402687185,1360560.0,2025,9,3
2025-09-20,futures,,,,2025,9,3
2025-09-20,options,,,,2025,9,3
2025-09-20,totals,,,,2025,9,3
2025-09-22,futures,506984.198384,6065.100757790368,1465940.0,2025,9,3
2025-09-22,options,14979.699377,179.20358530405406,24274.0,2025,9,3
2025-09-22,totals,521963.897761,6244.304343094423,1490214.0,2025,9,3
2025-09-23,futures,435880.173394,5187.900933769427,1241079.0,2025,9,3
2025-09-23,options,10503.669764,125.01600555115175,16873.0,2025,9,3
2025-09-23,totals,446383.843158,5312.916939320579,1257952.0,2025,9,3
2025-09-24,futures,612720.421035,7351.121899962328,1709148.0,2025,9,3
2025-09-24,options,15320.803387,183.81155488982682,25597.0,2025,9,3
2025-09-24,totals,628041.224422,7534.933454852155,1734745.0,2025,9,3
2025-09-25,futures,488216.697387,5812.698649945113,1337900.0,2025,9,3
2025-09-25,options,14676.454116,174.73758165716967,19355.0,2025,9,3
2025-09-25,totals,502893.151503,5987.4362316022825,1357255.0,2025,9,3
2025-09-26,futures,591342.06877,7072.885955226184,1416556.0,2025,9,3
2025-09-26,options,14085.210307,168.4694721009869,21105.0,2025,9,3
2025-09-26,totals,605427.279077,7241.35542732717,1437661.0,2025,9,3
2025-09-27,futures,,,,2025,9,3
2025-09-27,options,,,,2025,9,3
2025-09-27,totals,,,,2025,9,3
2025-09-28,futures,,,,2025,9,3
2025-09-28,options,,,,2025,9,3
2025-09-28,totals,,,,2025,9,3
2025-09-29,futures,527283.416512,6306.327773256885,1473870.0,2025,9,3
2025-09-29,options,8973.367412,107.32178247567926,17679.0,2025,9,3
2025-09-29,totals,536256.783924,6413.649555732564,1491549.0,2025,9,3
2025-09-30,futures,624856.350781,7540.418098038317,1631687.0,2025,9,3
2025-09-30,options,12499.671265,150.8390645439231,24122.0,2025,9,3
2025-09-30,totals,637356.022046,7691.25716258224,1655809.0,2025,9,3
2025-10-01,futures,623203.789957,7544.0728782666165,1561833.0,2025,10,4
2025-10-01,options,14548.655166,176.11592968753783,25338.0,2025,10,4
2025-10-01,totals,637752.445123,7720.188807954155,1587171.0,2025,10,4
2025-10-02,futures,575084.125046,7056.532657714974,1560578.0,2025,10,4
2025-10-02,options,13490.734709,165.53718995983886,24302.0,2025,10,4
2025-10-02,totals,588574.859755,7222.069847674813,1584880.0,2025,10,4
2025-10-03,futures,652317.518218,8052.457683057951,1561550.0,2025,10,4
2025-10-03,options,16019.390491,197.74950148441212,25714.0,2025,10,4
2025-10-03,totals,668336.908709,8250.207184542363,1587264.0,2025,10,4
2025-10-04,futures,,,,2025,10,4
2025-10-04,options,,,,2025,10,4
2025-10-04,totals,,,,2025,10,4
2025-10-05,futures,,,,2025,10,4
2025-10-05,options,,,,2025,10,4
2025-10-05,totals,,,,2025,10,4
2025-10-06,futures,666394.521322,8136.993235665818,1844927.0,2025,10,4
2025-10-06,options,13975.615048,170.64888961609049,27253.0,2025,10,4
2025-10-06,totals,680370.13637,8307.64212528191,1872180.0,2025,10,4
2025-10-07,futures,601332.414351,7244.968847602409,1510785.0,2025,10,4
2025-10-07,options,10994.849926,132.46807139759036,21009.0,2025,10,4
2025-10-07,totals,612327.264277,7377.436919,1531794.0,2025,10,4
2025-10-08,futures,667897.024867,8151.557210260829,1844128.0,2025,10,4
2025-10-08,options,14576.164492,177.89933827953658,25455.0,2025,10,4
2025-10-08,totals,682473.189359,8329.456548540365,1869583.0,2025,10,4
2025-10-09,futures,763955.940398,9368.198043331642,2154290.0,2025,10,4
2025-10-09,options,18178.221134,222.91491780281012,38254.0,2025,10,4
2025-10-09,totals,782134.161532,9591.112961134453,2192544.0,2025,10,4
2025-10-10,futures,676882.378059,8314.456255031611,1899856.0,2025,10,4
2025-10-10,options,13445.429069,165.15636312604178,24960.0,2025,10,4
2025-10-10,totals,690327.807128,8479.612618157651,1924816.0,2025,10,4
2025-10-11,futures,,,,2025,10,4
2025-10-11,options,,,,2025,10,4
2025-10-11,totals,,,,2025,10,4
2025-10-12,futures,,,,2025,10,4
2025-10-12,options,,,,2025,10,4
2025-10-12,totals,,,,2025,10,4
2025-10-13,futures,696900.615858,8583.598134962765,1945677.0,2025,10,4
2025-10-13,options,13643.290667,168.04192973747934,26245.0,2025,10,4
2025-10-13,totals,710543.906525,8751.640064700245,1971922.0,2025,10,4
2025-10-14,futures,653947.142612,8087.919858957044,1613235.0,2025,10,4
2025-10-14,options,12072.181375,149.30692271825546,21715.0,2025,10,4
2025-10-14,totals,666019.323987,8237.2267816753,1634950.0,2025,10,4
2025-10-15,futures,634480.129262,7935.078262232221,1564841.0,2025,10,4
2025-10-15,options,16590.110893,207.48298054375437,24370.0,2025,10,4
2025-10-15,totals,651070.240155,8142.561242775976,1589211.0,2025,10,4
2025-10-16,futures,827731.974586,10499.01666162686,1977961.0,2025,10,4
2025-10-16,options,22769.526608,288.81044417103215,39468.0,2025,10,4
2025-10-16,totals,850501.501194,10787.82710579789,2017429.0,2025,10,4
2025-10-17,futures,1146540.943552,14497.779491805539,2717448.0,2025,10,4
2025-10-17,options,18074.678439,228.55067136294494,36858.0,2025,10,4
2025-10-17,totals,1164615.621991,14726.330163168484,2754306.0,2025,10,4
2025-10-18,futures,,,,2025,10,4
2025-10-18,options,,,,2025,10,4
2025-10-18,totals,,,,2025,10,4
2025-10-19,futures,,,,2025,10,4
2025-10-19,options,,,,2025,10,4
2025-10-19,totals,,,,2025,10,4
2025-10-20,futures,787053.086193,9718.696500677916,2029878.0,2025,10,4
2025-10-20,options,10933.598426,135.01036540821946,21725.0,2025,10,4
2025-10-20,totals,797986.684619,9853.706866086135,2051603.0,2025,10,4
2025-10-21,futures,943465.460406,11596.439700067112,2347613.0,2025,10,4
2025-10-21,options,14981.708098,184.14502899523345,28780.0,2025,10,4
2025-10-21,totals,958447.168504,11780.584729062346,2376393.0,2025,10,4
2025-10-22,futures,881312.686994,10833.92466878515,2142661.0,2025,10,4
2025-10-22,options,14507.870628,178.3443944558837,27123.0,2025,10,4
2025-10-22,totals,895820.557622,11012.269063241034,2169784.0,2025,10,4
2025-10-23,futures,801116.943733,9811.008815551791,2119274.0,2025,10,4
2025-10-23,options,18447.731558,225.92314188125883,32074.0,2025,10,4
2025-10-23,totals,819564.675291,10036.93195743305,2151348.0,2025,10,4
2025-10-24,futures,824457.770948,10144.800242995483,2122932.0,2025,10,4
2025-10-24,options,16256.474509,200.032909338124,27829.0,2025,10,4
2025-10-24,totals,840714.245457,10344.833152333607,2150761.0,2025,10,4
2025-10-25,futures,,,,2025,10,4
2025-10-25,options,,,,2025,10,4
2025-10-25,totals,,,,2025,10,4
2025-10-26,futures,,,,2025,10,4
2025-10-26,options,,,,2025,10,4
2025-10-26,totals,,,,2025,10,4
2025-10-27,futures,676799.250888,8358.507902034426,1825558.0,2025,10,4
2025-10-27,options,11905.407549,147.0324367893315,23613.0,2025,10,4
2025-10-27,totals,688704.658437,8505.540338823756,1849171.0,2025,10,4
2025-10-28,futures,652100.308758,8256.022788663135,1751662.0,2025,10,4
2025-10-28,options,10373.974569,131.34140453606264,21026.0,2025,10,4
2025-10-28,totals,662474.283327,8387.364193199197,1772688.0,2025,10,4
2025-10-29,futures,524425.526978,6570.315833114082,1417683.0,2025,10,4
2025-10-29,options,9127.409559,114.35363165174509,18392.0,2025,10,4
2025-10-29,totals,533552.936537,6684.669464765827,1436075.0,2025,10,4
2025-10-30,futures,613190.503061,7715.854149739214,1643121.0,2025,10,4
2025-10-30,options,12151.218589,152.90033016867682,23921.0,2025,10,4
2025-10-30,totals,625341.72165,7868.7544799078905,1667042.0,2025,10,4
2025-10-31,futures,586596.481299,7286.577900133783,1559389.0,2025,10,4
2025-10-31,options,8276.819383,102.81290652479328,18338.0,2025,10,4
2025-10-31,totals,594873.300682,7389.390806658577,1577727.0,2025,10,4
2025-11-01,futures,231743.590494,2861.8940828348295,648798.0,2025,11,4
2025-11-01,options,3905.491623,48.23047464915358,8679.0,2025,11,4
2025-11-01,totals,235649.082117,2910.124557483983,657477.0,2025,11,4
2025-11-03,futures,262448.401547,3244.6662844048606,818863.0,2025,11,4
2025-11-03,options,5061.979304,62.58157216134787,12506.0,2025,11,4
2025-11-03,totals,267510.380851,3307.247856566208,831369.0,2025,11,4
2025-11-05,futures,520018.505011,6429.021859268774,1534960.0,2025,11,4
2025-11-05,options,10736.317621,132.7337777566232,23529.0,2025,11,4
2025-11-05,totals,530754.822632,6561.755637025397,1558489.0,2025,11,4
2025-11-06,futures,399182.755793,4916.740126902208,1212097.0,2025,11,4
2025-11-06,options,12442.160257,153.2502787586912,19274.0,2025,11,4
2025-11-06,totals,411624.91605,5069.990405660899,1231371.0,2025,11,4
2025-11-07,futures,419408.386739,5153.925110308259,1268263.0,2025,11,4
2025-11-07,options,8229.820048,101.1326371618342,16567.0,2025,11,4
2025-11-07,totals,427638.206787,5255.057747470093,1284830.0,2025,11,4
2025-11-08,futures,,,,2025,11,4
2025-11-08,options,,,,2025,11,4
2025-11-08,totals,,,,2025,11,4
2025-11-09,futures,,,,2025,11,4
2025-11-09,options,,,,2025,11,4
2025-11-09,totals,,,,2025,11,4
2025-11-10,futures,506438.483487,6234.953758317872,1527855.0,2025,11,4
2025-11-10,options,9845.137927,121.20717860233891,17571.0,2025,11,4
2025-11-10,totals,516283.621414,6356.160936920211,1545426.0,2025,11,4
2025-11-11,futures,458818.976012,5663.508860432621,1330878.0,2025,11,4
2025-11-11,options,9464.391321,116.82529909940602,16026.0,2025,11,4
2025-11-11,totals,468283.367333,5780.334159532027,1346904.0,2025,11,4
2025-11-12,futures,445422.721789,5474.969600214857,1351579.0,2025,11,4
2025-11-12,options,9783.295067,120.25260603371348,17057.0,2025,11,4
2025-11-12,totals,455206.016856,5595.222206248571,1368636.0,2025,11,4
2025-11-13,futures,618324.6609,7606.854149340839,1531968.0,2025,11,4
2025-11-13,options,12765.607941,157.04713700649071,27114.0,2025,11,4
2025-11-13,totals,631090.268841,7763.90128634733,1559082.0,2025,11,4
2025-11-14,futures,729927.949405,9056.065674185185,1885984.0,2025,11,4
2025-11-14,options,9147.4756,113.49084502673665,20492.0,2025,11,4
2025-11-14,totals,739075.425005,9169.556519211921,1906476.0,2025,11,4
2025-11-15,futures,,,,2025,11,4
2025-11-15,options,,,,2025,11,4
2025-11-15,totals,,,,2025,11,4
2025-11-16,futures,,,,2025,11,4
2025-11-16,options,,,,2025,11,4
2025-11-16,totals,,,,2025,11,4
2025-11-17,futures,497248.833757,6129.219079043383,1480873.0,2025,11,4
2025-11-17,options,8892.174934,109.60727217371154,15243.0,2025,11,4
2025-11-17,totals,506141.008691,6238.826351217095,1496116.0,2025,11,4
2025-11-18,futures,634896.031835,7825.643617728047,1880039.0,2025,11,4
2025-11-18,options,8652.737047,106.65248017384401,21071.0,2025,11,4
2025-11-18,totals,643548.768882,7932.296097901891,1901110.0,2025,11,4
2025-11-19,futures,692657.534861,8545.556702584798,2038038.0,2025,11,4
2025-11-19,options,14951.753651,184.4649804514729,32230.0,2025,11,4
2025-11-19,totals,707609.288512,8730.02168303627,2070268.0,2025,11,4
2025-11-20,futures,638743.859479,7891.104301684604,1881519.0,2025,11,4
2025-11-20,options,14606.87962,180.45482378114468,30596.0,2025,11,4
2025-11-20,totals,653350.739099,8071.55912546575,1912115.0,2025,11,4
2025-11-21,futures,885492.314524,10968.280455035852,2660237.0,2025,11,4
2025-11-21,options,17881.881589,221.49654956330878,31707.0,2025,11,4
2025-11-21,totals,903374.196113,11189.777004599162,2691944.0,2025,11,4
2025-11-22,futures,,,,2025,11,4
2025-11-22,options,,,,2025,11,4
2025-11-22,totals,,,,2025,11,4
2025-11-23,futures,,,,2025,11,4
2025-11-23,options,,,,2025,11,4
2025-11-23,totals,,,,2025,11,4
2025-11-24,futures,555456.221738,7028.902667498474,1751473.0,2025,11,4
2025-11-24,options,10610.632183,134.26998912996712,21568.0,2025,11,4
2025-11-24,totals,566066.853921,7163.172656628441,1773041.0,2025,11,4
2025-11-25,futures,675725.851212,8562.140633348623,1948049.0,2025,11,4
2025-11-25,options,10321.483448,130.7837974054805,19968.0,2025,11,4
2025-11-25,totals,686047.33466,8692.924430754105,1968017.0,2025,11,4
2025-11-26,futures,461349.633911,5842.716183342515,1427679.0,2025,11,4
2025-11-26,options,9447.371315,119.64528681699309,16819.0,2025,11,4
2025-11-26,totals,470797.005226,5962.361470159508,1444498.0,2025,11,4
2025-11-27,futures,463473.897084,5897.057121132502,1468358.0,2025,11,4
2025-11-27,options,10619.385437,135.11682730637543,23910.0,2025,11,4
2025-11-27,totals,474093.282521,6032.173948438878,1492268.0,2025,11,4
2025-11-28,futures,462951.534225,5916.29085415647,1442784.0,2025,11,4
2025-11-28,options,10896.758188,139.25516180768636,19907.0,2025,11,4
2025-11-28,totals,473848.292413,6055.546015964157,1462691.0,2025,11,4
2025-11-29,futures,,,,2025,11,4
2025-11-29,options,,,,2025,11,4
2025-11-29,totals,,,,2025,11,4
2025-11-30,futures,,,,2025,11,4
2025-11-30,options,,,,2025,11,4
2025-11-30,totals,,,,2025,11,4
2025-12-01,futures,617842.296825,7897.928333252375,1801676.0,2025,12,4
2025-12-01,options,10233.495612,130.8156067617387,16559.0,2025,12,4
2025-12-01,totals,628075.792437,8028.743940014114,1818235.0,2025,12,4
2025-12-02,futures,576812.348058,7423.3243897316315,1586690.0,2025,12,4
2025-12-02,options,11283.25193,145.21055162819312,17294.0,2025,12,4
2025-12-02,totals,588095.599988,7568.534941359824,1603984.0,2025,12,4
2025-12-03,futures,620287.023501,8007.516139955669,1741378.0,2025,12,4
2025-12-03,options,11234.763751,145.033748339532,19853.0,2025,12,4
2025-12-03,totals,631521.787252,8152.5498882952015,1761231.0,2025,12,4
2025-12-04,futures,616380.674565,7906.817144182072,1631011.0,2025,12,4
2025-12-04,options,15516.02623,199.03671102525027,26142.0,2025,12,4
2025-12-04,totals,631896.700795,8105.853855207323,1657153.0,2025,12,4
2025-12-05,futures,769058.922771,9991.567227714926,2218357.0,2025,12,4
2025-12-05,options,15158.224502,196.93474021317175,27088.0,2025,12,4
2025-12-05,totals,784217.147273,10188.501967928098,2245445.0,2025,12,4
2025-12-06,futures,,,,2025,12,4
2025-12-06,options,,,,2025,12,4
2025-12-06,totals,,,,2025,12,4
2025-12-07,futures,,,,2025,12,4
2025-12-07,options,,,,2025,12,4
2025-12-07,totals,,,,2025,12,4
2025-12-08,futures,658420.022423,8652.75341352832,1934856.0,2025,12,4
2025-12-08,options,7450.317326,97.90977868075808,15850.0,2025,12,4
2025-12-08,totals,665870.339749,8750.663192209078,1950706.0,2025,12,4
2025-12-09,futures,648590.964228,8393.467914894278,1943304.0,2025,12,4
2025-12-09,options,10108.818908,130.81903979770502,18390.0,2025,12,4
2025-12-09,totals,658699.783136,8524.286954691983,1961694.0,2025,12,4
2025-12-10,futures,710349.920339,9248.336384288696,2117251.0,2025,12,4
2025-12-10,options,13124.533472,170.8736736086157,24270.0,2025,12,4
2025-12-10,totals,723474.453811,9419.210057897311,2141521.0,2025,12,4
2025-12-11,futures,878355.669286,11275.45474168098,2531667.0,2025,12,4
2025-12-11,options,23083.815777,296.3270223671948,27605.0,2025,12,4
2025-12-11,totals,901439.485063,11571.781764048175,2559272.0,2025,12,4
2025-12-12,futures,798283.055805,10061.571314838204,2161231.0,2025,12,4
2025-12-12,options,25773.183872,324.84558660344493,21223.0,2025,12,4
2025-12-12,totals,824056.239677,10386.41690144165,2182454.0,2025,12,4
2025-12-13,futures,,,,2025,12,4
2025-12-13,options,,,,2025,12,4
2025-12-13,totals,,,,2025,12,4
2025-12-14,futures,,,,2025,12,4
2025-12-14,options,,,,2025,12,4
2025-12-14,totals,,,,2025,12,4
2025-12-15,futures,877091.513227,11000.826709616002,2556653.0,2025,12,4
2025-12-15,options,12348.715864,154.88245098432702,17881.0,2025,12,4
2025-12-15,totals,889440.229091,11155.709160600329,2574534.0,2025,12,4
2025-12-16,futures,684909.330216,8620.687735177691,1985552.0,2025,12,4
2025-12-16,options,9203.659852,115.84289205092543,15007.0,2025,12,4
2025-12-16,totals,694112.990068,8736.530627228616,2000559.0,2025,12,4
2025-12-17,futures,903815.630687,11378.740462531883,2656219.0,2025,12,4
2025-12-17,options,15283.81686,192.41820944678474,24170.0,2025,12,4
2025-12-17,totals,919099.447547,11571.158671978668,2680389.0,2025,12,4
2025-12-18,futures,809094.114596,10065.775921284587,2142216.0,2025,12,4
2025-12-18,options,16874.560556,209.9329883417288,24374.0,2025,12,4
2025-12-18,totals,825968.675152,10275.708909626313,2166590.0,2025,12,4
2025-12-20,futures,,,,2025,12,4
2025-12-20,options,,,,2025,12,4
2025-12-20,totals,,,,2025,12,4
2025-12-21,futures,,,,2025,12,4
2025-12-21,options,,,,2025,12,4
2025-12-21,totals,,,,2025,12,4
2025-12-22,futures,665352.295689,8242.514998253264,1814132.0,2025,12,4
2025-12-22,options,15116.402722,187.26496769158348,21319.0,2025,12,4
2025-12-22,totals,680468.698411,8429.779965944848,1835451.0,2025,12,4
2025-12-23,futures,627053.271987,7905.899695478512,1632157.0,2025,12,4
2025-12-23,options,10027.976967,126.43292618256916,17219.0,2025,12,4
2025-12-23,totals,637081.248954,8032.332621661081,1649376.0,2025,12,4
2025-12-24,futures,791307.983248,10069.453244868615,1941011.0,2025,12,4
2025-12-24,options,12222.250155,155.52904695552587,20447.0,2025,12,4
2025-12-24,totals,803530.233403,10224.98229182414,1961458.0,2025,12,4
2025-12-25,futures,361090.75928,4603.588612488015,1062528.0,2025,12,4
2025-12-25,options,9824.675896,125.2559499622626,18191.0,2025,12,4
2025-12-25,totals,370915.435176,4728.844562450277,1080719.0,2025,12,4
2025-12-26,futures,562731.816608,7225.218613843081,1480680.0,2025,12,4
2025-12-26,options,12723.579081,163.36492392571554,19121.0,2025,12,4
2025-12-26,totals,575455.395689,7388.583537768796,1499801.0,2025,12,4
2025-12-27,futures,,,,2025,12,4
2025-12-27,options,,,,2025,12,4
2025-12-27,totals,,,,2025,12,4
2025-12-28,futures,,,,2025,12,4
2025-12-28,options,,,,2025,12,4
2025-12-28,totals,,,,2025,12,4
2025-12-29,futures,824351.281526,10610.463089984465,2263283.0,2025,12,4
2025-12-29,options,11916.967268,153.3867225967052,19469.0,2025,12,4
2025-12-29,totals,836268.248794,10763.84981258117,2282752.0,2025,12,4
2025-12-30,futures,622193.232947,8033.835351674573,1577550.0,2025,12,4
2025-12-30,options,9808.84579,126.65302014549378,19460.0,2025,12,4
2025-12-30,totals,632002.078737,8160.488371820066,1597010.0,2025,12,4
2026-01-03,futures,,,,2026,1,1
2026-01-03,options,,,,2026,1,1
2026-01-03,totals,,,,2026,1,1
2026-01-04,futures,,,,2026,1,1
2026-01-04,options,,,,2026,1,1
2026-01-04,totals,,,,2026,1,1
2026-01-05,futures,374828.773514,4791.570825741084,1177772.0,2026,1,1
2026-01-05,options,8428.493559,107.74446012678537,14538.0,2026,1,1
2026-01-05,totals,383257.267073,4899.3152858678695,1192310.0,2026,1,1
2026-01-06,futures,317682.669155,4061.0516505873316,1060303.0,2026,1,1
2026-01-06,options,5545.260022,70.88705035492997,11326.0,2026,1,1
2026-01-06,totals,323227.929177,4131.938700942262,1071629.0,2026,1,1
2026-01-08,futures,381980.886534,4882.9988550456565,1239665.0,2026,1,1
2026-01-08,options,8423.01544,107.6744313642273,16231.0,2026,1,1
2026-01-08,totals,390403.901974,4990.673286409883,1255896.0,2026,1,1
2026-01-09,futures,353890.131627,4523.904646712696,1201468.0,2026,1,1
2026-01-09,options,6416.651007,82.02635426267503,11794.0,2026,1,1
2026-01-09,totals,360306.782634,4605.931000975372,1213262.0,2026,1,1
2026-01-10,futures,,,,2026,1,1
2026-01-10,options,,,,2026,1,1
2026-01-10,totals,,,,2026,1,1
2026-01-11,futures,,,,2026,1,1
2026-01-11,options,,,,2026,1,1
2026-01-11,totals,,,,2026,1,1
2026-01-12,futures,477753.798003,6107.298377702243,1509089.0,2026,1,1
2026-01-12,options,6738.976544,86.14675736033861,13430.0,2026,1,1
2026-01-12,totals,484492.774547,6193.445135062581,1522519.0,2026,1,1
2026-01-13,futures,498953.718908,6332.5991436618,1548113.0,2026,1,1
2026-01-13,options,5427.870567,68.88921196883412,12072.0,2026,1,1
2026-01-13,totals,504381.589475,6401.488355630633,1560185.0,2026,1,1
2026-01-14,futures,680598.55715,8631.265094917486,1947923.0,2026,1,1
2026-01-14,options,8265.690717,104.82444757123092,16472.0,2026,1,1
2026-01-14,totals,688864.247867,8736.089542488719,1964395.0,2026,1,1
2026-01-15,futures,767121.993726,9763.411658052388,2093555.0,2026,1,1
2026-01-15,options,12124.205452,154.3087146800796,23035.0,2026,1,1
2026-01-15,totals,779246.199178,9917.720372732467,2116590.0,2026,1,1
2026-01-16,futures,648925.699998,8263.621892802566,1774983.0,2026,1,1
2026-01-16,options,9492.939259,120.88604394610839,17000.0,2026,1,1
2026-01-16,totals,658418.639257,8384.507936748676,1791983.0,2026,1,1
2026-01-17,futures,,,,2026,1,1
2026-01-17,options,,,,2026,1,1
2026-01-17,totals,,,,2026,1,1
2026-01-18,futures,,,,2026,1,1
2026-01-18,options,,,,2026,1,1
2026-01-18,totals,,,,2026,1,1
2026-01-19,futures,473857.246934,6088.11210298433,1572530.0,2026,1,1
2026-01-19,options,6799.754038,87.36315657071789,14404.0,2026,1,1
2026-01-19,totals,480657.000972,6175.475259555048,1586934.0,2026,1,1
2026-01-20,futures,592717.07106,7622.527553994028,1852900.0,2026,1,1
2026-01-20,options,5851.909174,75.2573885589504,12446.0,2026,1,1
2026-01-20,totals,598568.980234,7697.784942552978,1865346.0,2026,1,1
2026-01-21,futures,798157.192573,10255.83384931776,2349709.0,2026,1,1
2026-01-21,options,14188.212166,182.30988575606457,23490.0,2026,1,1
2026-01-21,totals,812345.404739,10438.143735073825,2373199.0,2026,1,1
2026-01-22,futures,832749.672565,10742.953027249892,2447984.0,2026,1,1
2026-01-22,options,16423.007736,211.8663104730771,28447.0,2026,1,1
2026-01-22,totals,849172.680301,10954.81933772297,2476431.0,2026,1,1
2026-01-23,futures,787690.832929,10359.146230828714,2221365.0,2026,1,1
2026-01-23,options,9268.016514,121.88632179614982,18577.0,2026,1,1
2026-01-23,totals,796958.849443,10481.032552624865,2239942.0,2026,1,1
2026-01-24,futures,,,,2026,1,1
2026-01-24,options,,,,2026,1,1
2026-01-24,totals,,,,2026,1,1
2026-01-25,futures,,,,2026,1,1
2026-01-25,options,,,,2026,1,1
2026-01-25,totals,,,,2026,1,1
2026-01-26,futures,1001525.363377,13191.052219926085,2982805.0,2026,1,1
2026-01-26,options,11905.330179,156.80464801921906,22378.0,2026,1,1
2026-01-26,totals,1013430.693556,13347.856867945304,3005183.0,2026,1,1
2026-01-27,futures,1123509.374277,14781.053758342641,3035674.0,2026,1,1
2026-01-27,options,9515.303625,125.18472709547812,16087.0,2026,1,1
2026-01-27,totals,1133024.677902,14906.23848543812,3051761.0,2026,1,1
2026-01-28,futures,932310.927778,12178.808465603073,2526633.0,2026,1,1
2026-01-28,options,9414.033933,122.97583643253792,16600.0,2026,1,1
2026-01-28,totals,941724.961711,12301.78430203561,2543233.0,2026,1,1
2026-01-29,futures,1275686.653063,16726.763009865444,3263439.0,2026,1,1
2026-01-29,options,14616.238822,191.64766071995194,28220.0,2026,1,1
2026-01-29,totals,1290302.891885,16918.4106705854,3291659.0,2026,1,1
2026-01-30,futures,1316839.213262,17321.111228554782,3645198.0,2026,1,1
2026-01-30,options,14712.561808,193.52242625133016,22489.0,2026,1,1
2026-01-30,totals,1331551.77507,17514.633654806115,3667687.0,2026,1,1
2026-01-31,futures,,,,2026,1,1
2026-01-31,options,,,,2026,1,1
2026-01-31,totals,,,,2026,1,1
2026-02-01,futures,,,,2026,2,1
2026-02-01,options,,,,2026,2,1
2026-02-01,totals,,,,2026,2,1
2026-02-02,futures,1180717.78822,15590.594131993183,3764893.0,2026,2,1
2026-02-02,options,12827.11162,169.37348886280301,22477.0,2026,2,1
2026-02-02,totals,1193544.89984,15759.967620855985,3787370.0,2026,2,1
2026-02-03,futures,668598.974785,8680.589579706137,2284994.0,2026,2,1
2026-02-03,options,8381.266018,108.81609635131643,12480.0,2026,2,1
2026-02-03,totals,676980.240803,8789.405676057453,2297474.0,2026,2,1
2026-02-04,futures,859070.775684,11159.415493344522,2668669.0,2026,2,1
2026-02-04,options,12558.795584,163.14001358764486,17771.0,2026,2,1
2026-02-04,totals,871629.571268,11322.555506932167,2686440.0,2026,2,1
2026-02-05,futures,904966.920509,11766.539685360329,3042216.0,2026,2,1
2026-02-05,options,12518.603804,162.7690969988376,22441.0,2026,2,1
2026-02-05,totals,917485.524313,11929.308782359167,3064657.0,2026,2,1
2026-02-06,futures,730785.440404,9546.224481877096,2628079.0,2026,2,1
2026-02-06,options,9992.944108,130.53747709735697,18802.0,2026,2,1
2026-02-06,totals,740778.384512,9676.761958974454,2646881.0,2026,2,1
2026-02-07,futures,,,,2026,2,1
2026-02-07,options,,,,2026,2,1
2026-02-07,totals,,,,2026,2,1
2026-02-08,futures,,,,2026,2,1
2026-02-08,options,,,,2026,2,1
2026-02-08,totals,,,,2026,2,1
2026-02-09,futures,580753.018795,7536.961336140888,2181721.0,2026,2,1
2026-02-09,options,8087.170643,104.95458565421653,14767.0,2026,2,1
2026-02-09,totals,588840.189438,7641.915921795105,2196488.0,2026,2,1
2026-02-10,futures,482728.558954,6216.707219736717,1649447.0,2026,2,1
2026-02-10,options,6306.656693,81.21880810352066,10993.0,2026,2,1
2026-02-10,totals,489035.215647,6297.926027840238,1660440.0,2026,2,1
2026-02-11,futures,614843.436144,7963.354528727831,2048982.0,2026,2,1
2026-02-11,options,10150.360721,131.46585986625928,16565.0,2026,2,1
2026-02-11,totals,624993.796865,8094.82038859409,2065547.0,2026,2,1
2026-02-12,futures,417301.4425,5386.981474166331,1547771.0,2026,2,1
2026-02-12,options,9118.949096,117.71732575311627,14901.0,2026,2,1
2026-02-12,totals,426420.391596,5504.698799919448,1562672.0,2026,2,1
2026-02-13,futures,736545.730886,9542.23105775509,2563794.0,2026,2,1
2026-02-13,options,11162.765959,144.61789344198579,19349.0,2026,2,1
2026-02-13,totals,747708.496845,9686.848951197077,2583143.0,2026,2,1
2026-02-14,futures,,,,2026,2,1
2026-02-14,options,,,,2026,2,1
2026-02-14,totals,,,,2026,2,1
2026-02-15,futures,,,,2026,2,1
2026-02-15,options,,,,2026,2,1
2026-02-15,totals,,,,2026,2,1
2026-02-16,futures,344653.160486,4464.743044650908,1340950.0,2026,2,1
2026-02-16,options,8566.015929,110.96680496253614,15353.0,2026,2,1
2026-02-16,totals,353219.176415,4575.709849613443,1356303.0,2026,2,1
2026-02-17,futures,437920.538857,5715.478560547429,1610360.0,2026,2,1
2026-02-17,options,7377.414447,96.28562801405897,14356.0,2026,2,1
2026-02-17,totals,445297.953304,5811.7641885614885,1624716.0,2026,2,1
2026-02-18,futures,508830.756727,6630.675664193779,1809788.0,2026,2,1
2026-02-18,options,11811.869282,153.92283811730425,22718.0,2026,2,1
2026-02-18,totals,520642.626009,6784.5985023110825,1832506.0,2026,2,1
2026-02-19,futures,506820.855882,6655.349744486058,1867273.0,2026,2,1
2026-02-19,options,11127.093509,146.1161238385133,21989.0,2026,2,1
2026-02-19,totals,517947.949391,6801.465868324571,1889262.0,2026,2,1
2026-02-20,futures,484727.544304,6324.691831394628,1730678.0,2026,2,1
2026-02-20,options,8591.65242,112.103292906492,17250.0,2026,2,1
2026-02-20,totals,493319.196724,6436.795124301119,1747928.0,2026,2,1
2026-02-21,futures,,,,2026,2,1
2026-02-21,options,,,,2026,2,1
2026-02-21,totals,,,,2026,2,1
2026-02-22,futures,,,,2026,2,1
2026-02-22,options,,,,2026,2,1
2026-02-22,totals,,,,2026,2,1
2026-02-23,futures,,,,2026,2,1
2026-02-23,options,,,,2026,2,1
2026-02-23,totals,,,,2026,2,1
2026-02-24,futures,600256.866528,7820.742763736142,2462689.0,2026,2,1
2026-02-24,options,7586.898069,98.8496450120453,16249.0,2026,2,1
2026-02-24,totals,607843.764597,7919.592408748186,2478938.0,2026,2,1
2026-02-25,futures,609867.11085,7958.158509516637,1937843.0,2026,2,1
2026-02-25,options,11649.298159,152.0117409589974,20559.0,2026,2,1
2026-02-25,totals,621516.409009,8110.170250475636,1958402.0,2026,2,1
2026-02-26,futures,519899.382764,6798.932135670178,1921031.0,2026,2,1
2026-02-26,options,14685.827298,192.05243642422042,23754.0,2026,2,1
2026-02-26,totals,534585.210062,6990.984572094398,1944785.0,2026,2,1
2026-02-27,futures,526573.052724,6827.810719200019,1846649.0,2026,2,1
2026-02-27,options,12915.62589,167.47049329761495,17498.0,2026,2,1
2026-02-27,totals,539488.678614,6995.2812124976335,1864147.0,2026,2,1
2026-02-28,futures,,,,2026,2,1
2026-02-28,options,,,,2026,2,1
2026-02-28,totals,,,,2026,2,1
2026-03-01,futures,,,,2026,3,1
2026-03-01,options,,,,2026,3,1
2026-03-01,totals,,,,2026,3,1
2026-03-02,futures,909794.622413,11773.679787314168,3435754.0,2026,3,1
2026-03-02,options,9564.572189,123.7754186293896,23142.0,2026,3,1
2026-03-02,totals,919359.194602,11897.455205943555,3458896.0,2026,3,1
2026-03-03,futures,961897.584339,12464.107896490243,3447515.0,2026,3,1
2026-03-03,options,7905.817891,102.442264964353,18533.0,2026,3,1
2026-03-03,totals,969803.40223,12566.550161454596,3466048.0,2026,3,1
2026-03-04,futures,892280.859999,11497.086818190603,3075999.0,2026,3,1
2026-03-04,options,15539.394801,200.2259368529287,26964.0,2026,3,1
2026-03-04,totals,907820.2548,11697.312755043531,3102963.0,2026,3,1
2026-03-05,futures,730090.230288,9384.084635113475,2599923.0,2026,3,1
2026-03-05,options,14455.809848,185.80517510722885,26859.0,2026,3,1
2026-03-05,totals,744546.040136,9569.889810220706,2626782.0,2026,3,1
2026-03-06,futures,850198.916785,10873.499383361044,2910999.0,2026,3,1
2026-03-06,options,15978.328612,204.35258488297737,23915.0,2026,3,1
2026-03-06,totals,866177.245397,11077.85196824402,2934914.0,2026,3,1
2026-03-07,futures,,,,2026,3,1
2026-03-07,options,,,,2026,3,1
2026-03-07,totals,,,,2026,3,1
2026-03-08,futures,,,,2026,3,1
2026-03-08,options,,,,2026,3,1
2026-03-08,totals,,,,2026,3,1
2026-03-09,futures,785633.543424,9925.881786784586,2919055.0,2026,3,1
2026-03-09,options,10948.408232,138.3248039418825,24036.0,2026,3,1
2026-03-09,totals,796581.951656,10064.20659072647,2943091.0,2026,3,1
2026-03-10,futures,1005118.047701,12698.901423891344,3315552.0,2026,3,1
2026-03-10,options,11506.485812,145.37568934933668,21642.0,2026,3,1
2026-03-10,totals,1016624.533513,12844.277113240682,3337194.0,2026,3,1
2026-03-11,futures,855642.317783,10866.734372323455,2884878.0,2026,3,1
2026-03-11,options,11452.456018,145.44722119492604,19537.0,2026,3,1
2026-03-11,totals,867094.773801,11012.18159351838,2904415.0,2026,3,1
2026-03-12,futures,721778.845142,9128.583562781405,2617360.0,2026,3,1
2026-03-12,options,14629.883088,185.0291279405069,24517.0,2026,3,1
2026-03-12,totals,736408.72823,9313.612690721911,2641877.0,2026,3,1
2026-03-13,futures,852384.037192,10780.514742440282,2915023.0,2026,3,1
2026-03-13,options,17978.868921,227.38748380805671,24152.0,2026,3,1
2026-03-13,totals,870362.906113,11007.90222624834,2939175.0,2026,3,1
2026-03-14,futures,,,,2026,3,1
2026-03-14,options,,,,2026,3,1
2026-03-14,totals,,,,2026,3,1
2026-03-15,futures,,,,2026,3,1
2026-03-15,options,,,,2026,3,1
2026-03-15,totals,,,,2026,3,1
2026-03-16,futures,998268.045589,12443.29159579136,3643324.0,2026,3,1
2026-03-16,options,18629.472067,232.21413750507944,25822.0,2026,3,1
2026-03-16,totals,1016897.517656,12675.505733296439,3669146.0,2026,3,1
2026-03-17,futures,938417.32134,11578.009114429431,2733566.0,2026,3,1
2026-03-17,options,20180.484606,248.98286656541444,30457.0,2026,3,1
2026-03-17,totals,958597.805946,11826.991980994846,2764023.0,2026,3,1
2026-03-18,futures,1170578.627608,14290.982057299265,3541224.0,2026,3,1
2026-03-18,options,32104.848259,391.95129622281934,36765.0,2026,3,1
2026-03-18,totals,1202683.475867,14682.933353522083,3577989.0,2026,3,1
2026-03-19,futures,1609678.904511,19364.34859064383,4331681.0,2026,3,1
2026-03-19,options,34634.92983,416.65629881902026,44486.0,2026,3,1
2026-03-19,totals,1644313.834341,19781.00488946285,4376167.0,2026,3,1
2026-03-20,futures,1212382.856591,14290.580702622294,3381675.0,2026,3,1
2026-03-20,options,20131.803193,237.29728332502336,26820.0,2026,3,1
2026-03-20,totals,1232514.659784,14527.877985947318,3408495.0,2026,3,1
2026-03-21,futures,,,,2026,3,1
2026-03-21,options,,,,2026,3,1
2026-03-21,totals,,,,2026,3,1
2026-03-22,futures,,,,2026,3,1
2026-03-22,options,,,,2026,3,1
2026-03-22,totals,,,,2026,3,1
2026-03-23,futures,1369527.592279,16304.249284853724,4239348.0,2026,3,1
2026-03-23,options,15343.883509,182.66919420892353,26534.0,2026,3,1
2026-03-23,totals,1384871.475788,16486.918479062646,4265882.0,2026,3,1
2026-03-24,futures,834639.365598,10193.906730006118,2506156.0,2026,3,1
2026-03-24,options,22218.108533,271.36190244307573,27428.0,2026,3,1
2026-03-24,totals,856857.474131,10465.268632449193,2533584.0,2026,3,1
2026-03-25,futures,671949.699896,8299.732954580262,2215811.0,2026,3,1
2026-03-25,options,13512.006325,166.89648673919595,21104.0,2026,3,1
2026-03-25,totals,685461.706221,8466.62944131946,2236915.0,2026,3,1
2026-03-26,futures,1010907.039016,12523.749479875916,2921524.0,2026,3,1
2026-03-26,options,18550.304593,229.81279042656516,28018.0,2026,3,1
2026-03-26,totals,1029457.343609,12753.56227030248,2949542.0,2026,3,1
2026-03-27,futures,862020.614343,10495.627912625378,2527584.0,2026,3,1
2026-03-27,options,15791.064181,192.26585911113168,22175.0,2026,3,1
2026-03-27,totals,877811.678524,10687.89377173651,2549759.0,2026,3,1
2026-03-28,futures,,,,2026,3,1
2026-03-28,options,,,,2026,3,1
2026-03-28,totals,,,,2026,3,1
2026-03-29,futures,,,,2026,3,1
2026-03-29,options,,,,2026,3,1
2026-03-29,totals,,,,2026,3,1
2026-03-30,futures,720286.472244,8876.612063250284,2378486.0,2026,3,1
2026-03-30,options,14586.259495,179.75704387122693,21212.0,2026,3,1
2026-03-30,totals,734872.731739,9056.36910712151,2399698.0,2026,3,1
2026-03-31,futures,802671.356377,9873.502916852716,2400590.0,2026,3,1
2026-03-31,options,14077.91627,173.16968676002978,19519.0,2026,3,1
2026-03-31,totals,816749.272647,10046.672603612746,2420109.0,2026,3,1
2026-04-01,futures,703259.209367,8655.455349967508,2184760.0,2026,4,2
2026-04-01,options,16736.1573,205.98246039404114,24562.0,2026,4,2
2026-04-01,totals,719995.366667,8861.437810361549,2209322.0,2026,4,2
2026-04-02,futures,714269.136695,8859.327896057472,2182506.0,2026,4,2
2026-04-02,options,14540.05289,180.34532021720742,19601.0,2026,4,2
2026-04-02,totals,728809.189585,9039.67321627468,2202107.0,2026,4,2
2026-04-03,futures,355807.688929,4429.148707246816,1186642.0,2026,4,2
2026-04-03,options,9907.35471,123.32827162368734,18878.0,2026,4,2
2026-04-03,totals,365715.043639,4552.476978870504,1205520.0,2026,4,2
2026-04-04,futures,,,,2026,4,2
2026-04-04,options,,,,2026,4,2
2026-04-04,totals,,,,2026,4,2
2026-04-05,futures,,,,2026,4,2
2026-04-05,options,,,,2026,4,2
2026-04-05,totals,,,,2026,4,2
2026-04-06,futures,629659.576023,7897.467756809605,2219029.0,2026,4,2
2026-04-06,options,12555.770317,157.48000191899342,19562.0,2026,4,2
2026-04-06,totals,642215.34634,8054.947758728597,2238591.0,2026,4,2
2026-04-07,futures,703704.981497,8938.46741994241,2232805.0,2026,4,2
2026-04-07,options,10587.895412,134.4875490075285,18918.0,2026,4,2
2026-04-07,totals,714292.876909,9072.954968949938,2251723.0,2026,4,2
2026-04-08,futures,698516.501254,8870.095864029785,2231917.0,2026,4,2
2026-04-08,options,10478.153086,133.0565880461615,18471.0,2026,4,2
2026-04-08,totals,708994.65434,9003.152452075947,2250388.0,2026,4,2
2026-04-09,futures,597010.105587,7624.2314354001,1990709.0,2026,4,2
2026-04-09,options,15187.474907,193.95454536979452,23193.0,2026,4,2
2026-04-09,totals,612197.580494,7818.185980769895,2013902.0,2026,4,2
2026-04-10,futures,559449.327985,7187.484139659234,1676230.0,2026,4,2
2026-04-10,options,17605.736324,226.18840396420194,19933.0,2026,4,2
2026-04-10,totals,577055.064309,7413.672543623436,1696163.0,2026,4,2
2026-04-11,futures,,,,2026,4,2
2026-04-11,options,,,,2026,4,2
2026-04-11,totals,,,,2026,4,2
2026-04-12,futures,,,,2026,4,2
2026-04-12,options,,,,2026,4,2
2026-04-12,totals,,,,2026,4,2
2026-04-13,futures,635610.167368,8257.63737869678,2308408.0,2026,4,2
2026-04-13,options,13221.515747,171.769566065239,19444.0,2026,4,2
2026-04-13,totals,648831.683115,8429.406944762019,2327852.0,2026,4,2
2026-04-14,futures,598443.361391,7848.5507514337905,1910563.0,2026,4,2
2026-04-14,options,16569.304733,217.30549205300008,22268.0,2026,4,2
2026-04-14,totals,615012.666124,8065.856243486791,1932831.0,2026,4,2
2026-04-15,futures,592982.082154,7817.495928372171,1916459.0,2026,4,2
2026-04-15,options,15510.433116,204.47961478223726,22538.0,2026,4,2
2026-04-15,totals,608492.51527,8021.975543154408,1938997.0,2026,4,2
2026-04-16,futures,628950.537139,8359.85752750729,1939749.0,2026,4,2
2026-04-16,options,14842.41153,197.28172316992448,24294.0,2026,4,2
2026-04-16,totals,643792.948669,8557.139250677215,1964043.0,2026,4,2
2026-04-17,futures,738467.662127,9705.684246228942,2247145.0,2026,4,2
2026-04-17,options,11831.043406,155.4954637706493,17322.0,2026,4,2
2026-04-17,totals,750298.705533,9861.179709999591,2264467.0,2026,4,2
2026-04-18,futures,,,,2026,4,2
2026-04-18,options,,,,2026,4,2
2026-04-18,totals,,,,2026,4,2
2026-04-19,futures,,,,2026,4,2
2026-04-19,options,,,,2026,4,2
2026-04-19,totals,,,,2026,4,2
2026-04-20,futures,590856.385582,7768.957189110297,2162215.0,2026,4,2
2026-04-20,options,11259.262995,148.0439821309999,16761.0,2026,4,2
2026-04-20,totals,602115.648577,7917.001171241297,2178976.0,2026,4,2
2026-04-21,futures,775936.534736,10313.230654279147,2234034.0,2026,4,2
2026-04-21,options,15147.360584,201.32860938102266,21712.0,2026,4,2
2026-04-21,totals,791083.89532,10514.55926366017,2255746.0,2026,4,2
2026-04-22,futures,534731.945459,7168.978363755317,1743030.0,2026,4,2
2026-04-22,options,7870.561221,105.5180704708559,15396.0,2026,4,2
2026-04-22,totals,542602.50668,7274.496434226174,1758426.0,2026,4,2
2026-04-23,futures,826859.649765,11024.868829325529,2427318.0,2026,4,2
2026-04-23,options,12602.230898,168.03086551243675,24268.0,2026,4,2
2026-04-23,totals,839461.880663,11192.899694837964,2451586.0,2026,4,2
2026-04-24,futures,675005.763843,9019.932729822582,2054037.0,2026,4,2
2026-04-24,options,9999.406663,133.61956337216992,19034.0,2026,4,2
2026-04-24,totals,685005.170506,9153.552293194753,2073071.0,2026,4,2
2026-04-25,futures,,,,2026,4,2
2026-04-25,options,,,,2026,4,2
2026-04-25,totals,,,,2026,4,2
2026-04-26,futures,,,,2026,4,2
2026-04-26,options,,,,2026,4,2
2026-04-26,totals,,,,2026,4,2
2026-04-27,futures,470860.430729,6234.307736791862,1691904.0,2026,4,2
2026-04-27,options,6559.931248,86.855100711928,14365.0,2026,4,2
2026-04-27,totals,477420.361977,6321.162837503791,1706269.0,2026,4,2
2026-04-28,futures,663767.312344,8872.933710975149,1939750.0,2026,4,2
2026-04-28,options,10434.799246,139.48755878039944,19306.0,2026,4,2
2026-04-28,totals,674202.11159,9012.421269755549,1959056.0,2026,4,2
2026-04-29,futures,674665.492752,9032.30741608173,2151476.0,2026,4,2
2026-04-29,options,11161.856122,149.43304038974654,24470.0,2026,4,2
2026-04-29,totals,685827.348874,9181.740456471476,2175946.0,2026,4,2
2026-04-30,futures,641670.307413,8569.246339011706,1980716.0,2026,4,2
2026-04-30,options,12427.367293,165.96244278224265,19304.0,2026,4,2
2026-04-30,totals,654097.674706,8735.208781793948,2000020.0,2026,4,2
2026-05-02,futures,,,,2026,5,2
2026-05-02,options,,,,2026,5,2
2026-05-02,totals,,,,2026,5,2
2026-05-03,futures,,,,2026,5,2
2026-05-03,options,,,,2026,5,2
2026-05-03,totals,,,,2026,5,2
2026-05-04,futures,813937.185742,10881.309517495662,2798385.0,2026,5,2
2026-05-04,options,9523.128931,127.31217505287334,18424.0,2026,5,2
2026-05-04,totals,823460.314673,11008.621692548535,2816809.0,2026,5,2
2026-05-05,futures,472339.372803,6261.225958034858,1703509.0,2026,5,2
2026-05-05,options,7546.42263,100.03370453930869,13804.0,2026,5,2
2026-05-05,totals,479885.795433,6361.259662574166,1717313.0,2026,5,2
2026-05-06,futures,950862.86683,12620.15250992769,2680489.0,2026,5,2
2026-05-06,options,18515.955765,245.74961729276603,27164.0,2026,5,2
2026-05-06,totals,969378.822595,12865.902127220457,2707653.0,2026,5,2
2026-05-07,futures,652006.885471,8667.46895923674,1993832.0,2026,5,2
2026-05-07,options,16992.112669,225.88505181815526,16704.0,2026,5,2
2026-05-07,totals,668998.99814,8893.354011054895,2010536.0,2026,5,2
2026-05-08,futures,435649.376574,5838.16834926944,1470306.0,2026,5,2
2026-05-08,options,10785.189744,144.53309654533783,13841.0,2026,5,2
2026-05-08,totals,446434.566318,5982.701445814778,1484147.0,2026,5,2
2026-05-09,futures,,,,2026,5,2
2026-05-09,options,,,,2026,5,2
2026-05-09,totals,,,,2026,5,2
2026-05-10,futures,,,,2026,5,2
2026-05-10,options,,,,2026,5,2
2026-05-10,totals,,,,2026,5,2
2026-05-11,futures,355920.292298,4790.552050344364,1349611.0,2026,5,2
2026-05-11,options,9118.278738,122.72857111323175,15073.0,2026,5,2
2026-05-11,totals,365038.571036,4913.280621457596,1364684.0,2026,5,2
2026-05-12,futures,542720.26652,7304.808806360478,1845111.0,2026,5,2
2026-05-12,options,10691.184853,143.8992904491879,17365.0,2026,5,2
2026-05-12,totals,553411.451373,7448.708096809667,1862476.0,2026,5,2
2026-05-13,futures,589127.225264,7984.07359026831,1770938.0,2026,5,2
2026-05-13,options,10157.116958,137.6530667400302,17361.0,2026,5,2
2026-05-13,totals,599284.342222,8121.72665700834,1788299.0,2026,5,2
2026-05-14,futures,550299.276014,7503.1942954105425,1802369.0,2026,5,2
2026-05-14,options,15741.013607,214.62482079845108,21193.0,2026,5,2
2026-05-14,totals,566040.289621,7717.819116208994,1823562.0,2026,5,2
2026-05-15,futures,552491.338621,7554.042516882354,1840247.0,2026,5,2
2026-05-15,options,10115.975702,138.31259462526577,16554.0,2026,5,2
2026-05-15,totals,562607.314323,7692.35511150762,1856801.0,2026,5,2
2026-05-16,futures,,,,2026,5,2
2026-05-16,options,,,,2026,5,2
2026-05-16,totals,,,,2026,5,2
2026-05-17,futures,,,,2026,5,2
2026-05-17,options,,,,2026,5,2
2026-05-17,totals,,,,2026,5,2
2026-05-18,futures,610180.455953,8344.06284849065,2161921.0,2026,5,2
2026-05-18,options,14531.651492,198.71664547536838,24321.0,2026,5,2
2026-05-18,totals,624712.107445,8542.779493966018,2186242.0,2026,5,2
2026-05-19,futures,603815.109051,8345.785940383996,1917399.0,2026,5,2
2026-05-19,options,21231.664516,293.4589157384205,30326.0,2026,5,2
2026-05-19,totals,625046.773567,8639.244856122417,1947725.0,2026,5,2
2026-05-20,futures,736435.681777,10329.763282262116,2288147.0,2026,5,2
2026-05-20,options,14262.141788,200.05080173818882,27175.0,2026,5,2
2026-05-20,totals,750697.823565,10529.814084000305,2315322.0,2026,5,2
2026-05-21,futures,712349.306929,10040.032007049946,2238797.0,2026,5,2
2026-05-21,options,11633.100654,163.9598744201976,24622.0,2026,5,2
2026-05-21,totals,723982.407583,10203.991881470145,2263419.0,2026,5,2
2026-05-22,futures,672610.932026,9501.469582315067,2073206.0,2026,5,2
2026-05-22,options,9759.892906,137.87067851199743,20051.0,2026,5,2
2026-05-22,totals,682370.824932,9639.340260827064,2093257.0,2026,5,2
2026-05-23,futures,,,,2026,5,2
2026-05-23,options,,,,2026,5,2
2026-05-23,totals,,,,2026,5,2
2026-05-24,futures,,,,2026,5,2
2026-05-24,options,,,,2026,5,2
2026-05-24,totals,,,,2026,5,2
2026-05-25,futures,697598.649554,9796.495520987515,2402875.0,2026,5,2
2026-05-25,options,11670.641697,163.8927901950596,24217.0,2026,5,2
2026-05-25,totals,709269.291251,9960.388311182573,2427092.0,2026,5,2
2026-05-26,futures,595670.990988,8325.706412489866,2124948.0,2026,5,2
2026-05-26,options,12574.720728,175.75714544488858,21811.0,2026,5,2
2026-05-26,totals,608245.711716,8501.463557934756,2146759.0,2026,5,2
2026-05-27,futures,658779.079116,9192.09520449852,2340117.0,2026,5,2
2026-05-27,options,8563.916719,119.49428920857285,16552.0,2026,5,2
2026-05-27,totals,667342.995835,9311.589493707092,2356669.0,2026,5,2
2026-05-28,futures,663271.377075,9354.868141512416,2369572.0,2026,5,2
2026-05-28,options,14151.52611,199.59501545813046,19971.0,2026,5,2
2026-05-28,totals,677422.903185,9554.463156970545,2389543.0,2026,5,2
2026-05-29,futures,552565.190276,7742.098600645916,1866666.0,2026,5,2
2026-05-29,options,8179.729251,114.60778113112377,12534.0,2026,5,2
2026-05-29,totals,560744.919527,7856.7063817770395,1879200.0,2026,5,2
2026-05-30,futures,,,,2026,5,2
2026-05-30,options,,,,2026,5,2
2026-05-30,totals,,,,2026,5,2
