date,instrument_type,value_rub_mm,value_usd_mm,num_trades,year,month,quarter
2015-01-05,futures,90698.541623,1612.77404482,545411.0,2015,1,1
2015-01-05,options,3144.422515,55.9131704589,10289.0,2015,1,1
2015-01-05,totals,93842.964138,1668.68721528,555700.0,2015,1,1
2015-01-06,futures,95840.403131,1704.20507154,591717.0,2015,1,1
2015-01-06,options,22052.054565,392.12296693,10997.0,2015,1,1
2015-01-06,totals,117892.457696,2096.32803847,602714.0,2015,1,1
2015-01-08,futures,151026.82793,2685.5133919299997,891796.0,2015,1,1
2015-01-08,options,5847.276459,103.974502095,17918.0,2015,1,1
2015-01-08,totals,156874.104389,2789.48789402,909714.0,2015,1,1
2015-01-09,futures,154043.813269,2739.16051306,893840.0,2015,1,1
2015-01-09,options,6112.524754,108.69106708,15250.0,2015,1,1
2015-01-09,totals,160156.338023,2847.85158013,909090.0,2015,1,1
2015-01-12,futures,157218.257282,2795.6075167100003,803737.0,2015,1,1
2015-01-12,options,4833.612783,85.94984108499999,11628.0,2015,1,1
2015-01-12,totals,162051.870065,2881.5573578000003,815365.0,2015,1,1
2015-01-13,futures,187270.545781,2985.04288237,950826.0,2015,1,1
2015-01-13,options,27353.808747,436.012464028,14723.0,2015,1,1
2015-01-13,totals,214624.354528,3421.05534639,965549.0,2015,1,1
2015-01-14,futures,193267.591891,2980.56971725,969636.0,2015,1,1
2015-01-14,options,7296.5259,112.52690596400001,13871.0,2015,1,1
2015-01-14,totals,200564.117791,3093.09662322,983507.0,2015,1,1
2015-01-15,futures,295457.335775,4469.96875525,1348510.0,2015,1,1
2015-01-15,options,11222.080675,169.778658074,25428.0,2015,1,1
2015-01-15,totals,306679.41645,4639.747413319999,1373938.0,2015,1,1
2015-01-16,futures,189411.942907,2921.50444764,944696.0,2015,1,1
2015-01-16,options,5258.7084,81.1107248237,10692.0,2015,1,1
2015-01-16,totals,194670.651307,3002.61517246,955388.0,2015,1,1
2015-01-19,futures,224174.604751,3439.6429968899997,1050408.0,2015,1,1
2015-01-19,options,4772.454525,73.22658069650001,10042.0,2015,1,1
2015-01-19,totals,228947.059276,3512.86957759,1060450.0,2015,1,1
2015-01-20,futures,191929.35673,2953.97728186,865081.0,2015,1,1
2015-01-20,options,4015.652252,61.804747988399996,7913.0,2015,1,1
2015-01-20,totals,195945.008982,3015.78202985,872994.0,2015,1,1
2015-01-21,futures,228732.757078,3519.7127556,908630.0,2015,1,1
2015-01-21,options,4033.657113,62.0694410967,8352.0,2015,1,1
2015-01-21,totals,232766.414191,3581.7821967,916982.0,2015,1,1
2015-01-22,futures,243068.946754,3707.8175654,1083631.0,2015,1,1
2015-01-22,options,7323.407168,111.71257414300001,11330.0,2015,1,1
2015-01-22,totals,250392.353922,3819.53013955,1094961.0,2015,1,1
2015-01-23,futures,254636.668452,3893.52704055,1122108.0,2015,1,1
2015-01-23,options,6614.466833,101.13863659,11459.0,2015,1,1
2015-01-23,totals,261251.135285,3994.66567714,1133567.0,2015,1,1
2015-01-26,futures,229915.048013,3626.82075329,1011390.0,2015,1,1
2015-01-26,options,6194.279611,97.71235958230001,11481.0,2015,1,1
2015-01-26,totals,236109.327624,3724.53311287,1022871.0,2015,1,1
2015-01-27,futures,289802.497762,4418.145306060001,1327744.0,2015,1,1
2015-01-27,options,7703.299848,117.43962984299999,14450.0,2015,1,1
2015-01-27,totals,297505.79761,4535.584935899999,1342194.0,2015,1,1
2015-01-28,futures,249016.494486,3671.9810203,1094868.0,2015,1,1
2015-01-28,options,6779.175371,99.965278794,11733.0,2015,1,1
2015-01-28,totals,255795.669857,3771.94629909,1106601.0,2015,1,1
2015-01-29,futures,240400.197248,3580.0156253,1062231.0,2015,1,1
2015-01-29,options,10909.912751,162.469326424,10764.0,2015,1,1
2015-01-29,totals,251310.109999,3742.4849517199996,1072995.0,2015,1,1
2015-01-30,futures,309334.678408,4500.703160149999,1296932.0,2015,1,1
2015-01-30,options,7046.896532,102.52969261,14947.0,2015,1,1
2015-01-30,totals,316381.57494,4603.23285276,1311879.0,2015,1,1
2015-02-02,futures,393771.90062,5712.709155060001,1614656.0,2015,2,1
2015-02-02,options,10161.026348,147.412723335,17846.0,2015,2,1
2015-02-02,totals,403932.926968,5860.12187839,1632502.0,2015,2,1
2015-02-03,futures,388978.829925,5583.64190866,1470708.0,2015,2,1
2015-02-03,options,10799.318723,155.020078132,16656.0,2015,2,1
2015-02-03,totals,399778.148648,5738.66198679,1487364.0,2015,2,1
2015-02-04,futures,403443.575418,5952.89217366,1508931.0,2015,2,1
2015-02-04,options,11543.914154,170.332805894,16773.0,2015,2,1
2015-02-04,totals,414987.489572,6123.22497956,1525704.0,2015,2,1
2015-02-05,futures,474127.579248,7244.45091827,1832355.0,2015,2,1
2015-02-05,options,12366.705294,188.95755793200001,22721.0,2015,2,1
2015-02-05,totals,486494.284542,7433.4084762,1855076.0,2015,2,1
2015-02-06,futures,363812.021652,5302.5087945,1514276.0,2015,2,1
2015-02-06,options,10560.181425,153.913151697,19071.0,2015,2,1
2015-02-06,totals,374372.203077,5456.4219462,1533347.0,2015,2,1
2015-02-09,futures,407239.690932,6166.26224853,1754398.0,2015,2,1
2015-02-09,options,15666.553177,237.216748689,26217.0,2015,2,1
2015-02-09,totals,422906.244109,6403.478997220001,1780615.0,2015,2,1
2015-02-10,futures,278184.358641,4228.9019384,1177673.0,2015,2,1
2015-02-10,options,11332.608896,172.27601135299997,14499.0,2015,2,1
2015-02-10,totals,289516.967537,4401.17794975,1192172.0,2015,2,1
2015-02-11,futures,299604.111472,4577.81975116,1218256.0,2015,2,1
2015-02-11,options,9231.629931,141.05526665099998,14839.0,2015,2,1
2015-02-11,totals,308835.741403,4718.875017810001,1233095.0,2015,2,1
2015-02-12,futures,474805.258063,7187.64819157,2115372.0,2015,2,1
2015-02-12,options,18046.599442,273.191178153,29813.0,2015,2,1
2015-02-12,totals,492851.857505,7460.83936973,2145185.0,2015,2,1
2015-02-13,futures,349876.325324,5293.184587520001,1503862.0,2015,2,1
2015-02-13,options,15626.418813,236.407876819,26335.0,2015,2,1
2015-02-13,totals,365502.744137,5529.5924643299995,1530197.0,2015,2,1
2015-02-16,futures,264800.378379,4068.45657573,1152533.0,2015,2,1
2015-02-16,options,11563.950744,177.671315025,24169.0,2015,2,1
2015-02-16,totals,276364.329123,4246.12789075,1176702.0,2015,2,1
2015-02-17,futures,302401.634725,4825.82496146,1370379.0,2015,2,1
2015-02-17,options,9792.155159,156.266439617,15683.0,2015,2,1
2015-02-17,totals,312193.789884,4982.09140108,1386062.0,2015,2,1
2015-02-18,futures,346471.869713,5513.96857679,1449189.0,2015,2,1
2015-02-18,options,7246.43133,115.324209958,12762.0,2015,2,1
2015-02-18,totals,353718.301043,5629.29278675,1461951.0,2015,2,1
2015-02-19,futures,304855.253551,4885.49302887,1369978.0,2015,2,1
2015-02-19,options,8407.799135,134.740154823,14004.0,2015,2,1
2015-02-19,totals,313263.052686,5020.2331837,1383982.0,2015,2,1
2015-02-20,futures,275568.878767,4435.309416550001,1137515.0,2015,2,1
2015-02-20,options,9444.179823,152.005044575,10782.0,2015,2,1
2015-02-20,totals,285013.05859,4587.31446113,1148297.0,2015,2,1
2015-02-24,futures,258215.16925,4183.41748686,989593.0,2015,2,1
2015-02-24,options,21239.044663,344.09981065600005,12408.0,2015,2,1
2015-02-24,totals,279454.213913,4527.51729751,1002001.0,2015,2,1
2015-02-25,futures,233012.273979,3669.00505885,860027.0,2015,2,1
2015-02-25,options,13361.841595,210.395201808,10830.0,2015,2,1
2015-02-25,totals,246374.115574,3879.4002606599997,870857.0,2015,2,1
2015-02-26,futures,309161.083895,4939.4171632,1154809.0,2015,2,1
2015-02-26,options,11828.290984,188.97871220300001,15103.0,2015,2,1
2015-02-26,totals,320989.374879,5128.3958754,1169912.0,2015,2,1
2015-02-27,futures,275157.807127,4532.26368127,1062687.0,2015,2,1
2015-02-27,options,9523.545183,156.867138899,12485.0,2015,2,1
2015-02-27,totals,284681.35231,4689.13082017,1075172.0,2015,2,1
2015-03-02,futures,240845.454346,3930.77164937,870176.0,2015,3,1
2015-03-02,options,5858.08138,95.6081162949,10078.0,2015,3,1
2015-03-02,totals,246703.535726,4026.37976567,880254.0,2015,3,1
2015-03-03,futures,278273.346913,4472.064946979999,994314.0,2015,3,1
2015-03-03,options,7836.3025,125.935358571,13198.0,2015,3,1
2015-03-03,totals,286109.649413,4598.00030555,1007512.0,2015,3,1
2015-03-04,futures,266980.473284,4280.94125516,927910.0,2015,3,1
2015-03-04,options,11736.027278,188.183213282,15975.0,2015,3,1
2015-03-04,totals,278716.500562,4469.12446844,943885.0,2015,3,1
2015-03-05,futures,279595.350532,4518.749251020001,1103237.0,2015,3,1
2015-03-05,options,10140.288677,163.884777687,16091.0,2015,3,1
2015-03-05,totals,289735.639209,4682.634028699999,1119328.0,2015,3,1
2015-03-06,futures,276895.301221,4477.195685729999,1051023.0,2015,3,1
2015-03-06,options,19379.258488,313.348518781,19279.0,2015,3,1
2015-03-06,totals,296274.559709,4790.54420451,1070302.0,2015,3,1
2015-03-10,futures,315408.526949,5257.352042189999,1089973.0,2015,3,1
2015-03-10,options,21803.246488,363.424995383,26547.0,2015,3,1
2015-03-10,totals,337211.773437,5620.77703758,1116520.0,2015,3,1
2015-03-11,futures,364480.548759,6008.09609443,1250257.0,2015,3,1
2015-03-11,options,12956.192909,213.569838721,19901.0,2015,3,1
2015-03-11,totals,377436.741668,6221.66593315,1270158.0,2015,3,1
2015-03-12,futures,348098.255901,5553.60437113,1154251.0,2015,3,1
2015-03-12,options,13083.162955,208.730465446,18851.0,2015,3,1
2015-03-12,totals,361181.418856,5762.334836569999,1173102.0,2015,3,1
2015-03-13,futures,374726.097433,6147.1320701899995,1279682.0,2015,3,1
2015-03-13,options,11797.448555,193.52928674,19462.0,2015,3,1
2015-03-13,totals,386523.545988,6340.661356930001,1299144.0,2015,3,1
2015-03-16,futures,357787.170369,5835.0689187299995,1176633.0,2015,3,1
2015-03-16,options,15795.845666,257.610824881,20421.0,2015,3,1
2015-03-16,totals,373583.016035,6092.67974361,1197054.0,2015,3,1
2015-03-17,futures,259829.715373,4180.7074752300005,1042832.0,2015,3,1
2015-03-17,options,7852.963904,126.355620445,11842.0,2015,3,1
2015-03-17,totals,267682.679277,4307.06309567,1054674.0,2015,3,1
2015-03-18,futures,222271.081873,3599.47339918,852370.0,2015,3,1
2015-03-18,options,25255.566163,408.990399556,10441.0,2015,3,1
2015-03-18,totals,247526.648036,4008.4637987399997,862811.0,2015,3,1
2015-03-19,futures,331732.566763,5407.363639470001,1241446.0,2015,3,1
2015-03-19,options,20635.162871,336.360793551,15598.0,2015,3,1
2015-03-19,totals,352367.729634,5743.72443302,1257044.0,2015,3,1
2015-03-20,futures,295196.930964,4933.8623412,1226885.0,2015,3,1
2015-03-20,options,5885.065912,98.361812177,10319.0,2015,3,1
2015-03-20,totals,301081.996876,5032.22415338,1237204.0,2015,3,1
2015-03-23,futures,243248.760192,4051.8432056399997,951135.0,2015,3,1
2015-03-23,options,5057.733243,84.247673289,7777.0,2015,3,1
2015-03-23,totals,248306.493435,4136.09087893,958912.0,2015,3,1
2015-03-24,futures,269361.22178,4531.252679439999,1093785.0,2015,3,1
2015-03-24,options,6628.657031,111.508700972,10422.0,2015,3,1
2015-03-24,totals,275989.878811,4642.76138041,1104207.0,2015,3,1
2015-03-25,futures,297447.914109,5061.13413263,1205227.0,2015,3,1
2015-03-25,options,9406.603631,160.055191013,14656.0,2015,3,1
2015-03-25,totals,306854.51774,5221.18932365,1219883.0,2015,3,1
2015-03-26,futures,319355.199321,5564.85250934,1438307.0,2015,3,1
2015-03-26,options,8461.070098,147.43648222,15244.0,2015,3,1
2015-03-26,totals,327816.269419,5712.288991560001,1453551.0,2015,3,1
2015-03-27,futures,243185.651055,4309.73151296,1140734.0,2015,3,1
2015-03-27,options,5937.912687,105.231576441,9709.0,2015,3,1
2015-03-27,totals,249123.563742,4414.963089399999,1150443.0,2015,3,1
2015-03-30,futures,235291.44179,4075.87045068,1047802.0,2015,3,1
2015-03-30,options,5251.854522,90.9760189094,10282.0,2015,3,1
2015-03-30,totals,240543.296312,4166.84646959,1058084.0,2015,3,1
2015-03-31,futures,227995.493471,3899.73870329,994986.0,2015,3,1
2015-03-31,options,4525.545178,77.4069847411,9419.0,2015,3,1
2015-03-31,totals,232521.038649,3977.14568804,1004405.0,2015,3,1
2015-04-01,futures,263040.145408,4562.70850664,1127540.0,2015,4,2
2015-04-01,options,9778.24371,169.613941197,15379.0,2015,4,2
2015-04-01,totals,272818.389118,4732.32244784,1142919.0,2015,4,2
2015-04-02,futures,281496.343235,4823.97561136,1205858.0,2015,4,2
2015-04-02,options,11363.101321,194.728368447,18508.0,2015,4,2
2015-04-02,totals,292859.444556,5018.70397981,1224366.0,2015,4,2
2015-04-03,futures,216264.305586,3794.76305726,949555.0,2015,4,2
2015-04-03,options,9608.125709,168.592595025,15772.0,2015,4,2
2015-04-03,totals,225872.431295,3963.35565229,965327.0,2015,4,2
2015-04-06,futures,205449.863758,3620.04503269,807943.0,2015,4,2
2015-04-06,options,12381.702056,218.166701132,20139.0,2015,4,2
2015-04-06,totals,217831.565814,3838.21173382,828082.0,2015,4,2
2015-04-07,futures,282884.039987,5005.370858689999,1258685.0,2015,4,2
2015-04-07,options,11241.317743,198.90469694499998,20293.0,2015,4,2
2015-04-07,totals,294125.35773,5204.275555640001,1278978.0,2015,4,2
2015-04-08,futures,295888.042385,5347.42580142,1236573.0,2015,4,2
2015-04-08,options,14359.237752,259.506797993,21693.0,2015,4,2
2015-04-08,totals,310247.280137,5606.93259942,1258266.0,2015,4,2
2015-04-09,futures,335692.399825,6213.41921308,1467913.0,2015,4,2
2015-04-09,options,12668.107193,234.477338979,23927.0,2015,4,2
2015-04-09,totals,348360.507018,6447.89655206,1491840.0,2015,4,2
2015-04-10,futures,368986.026681,7022.63365741,1649613.0,2015,4,2
2015-04-10,options,17883.193608,340.357380097,29343.0,2015,4,2
2015-04-10,totals,386869.220289,7362.9910375,1678956.0,2015,4,2
2015-04-13,futures,320822.397179,6282.28349721,1419099.0,2015,4,2
2015-04-13,options,13402.490268,262.445029314,22455.0,2015,4,2
2015-04-13,totals,334224.887447,6544.72852653,1441554.0,2015,4,2
2015-04-14,futures,247401.057117,4719.41278694,1117755.0,2015,4,2
2015-04-14,options,8746.537513,166.848603888,16170.0,2015,4,2
2015-04-14,totals,256147.59463,4886.26139083,1133925.0,2015,4,2
2015-04-15,futures,237623.791183,4571.89511058,1062109.0,2015,4,2
2015-04-15,options,12095.840423,232.724650225,21045.0,2015,4,2
2015-04-15,totals,249719.631606,4804.61976081,1083154.0,2015,4,2
2015-04-16,futures,270486.228713,5355.81296099,1340950.0,2015,4,2
2015-04-16,options,10505.291066,208.01197280199997,17775.0,2015,4,2
2015-04-16,totals,280991.519779,5563.8249338000005,1358725.0,2015,4,2
2015-04-17,futures,334546.38028,6734.7167338,1570785.0,2015,4,2
2015-04-17,options,13021.390584,262.132195213,20197.0,2015,4,2
2015-04-17,totals,347567.770864,6996.8489290200005,1590982.0,2015,4,2
2015-04-20,futures,375643.308499,7434.138641760001,1631145.0,2015,4,2
2015-04-20,options,12590.454837,249.17038239,23492.0,2015,4,2
2015-04-20,totals,388233.763336,7683.3090241499995,1654637.0,2015,4,2
2015-04-21,futures,259260.471222,5032.16127153,1246275.0,2015,4,2
2015-04-21,options,6596.123295,128.02860394,12817.0,2015,4,2
2015-04-21,totals,265856.594517,5160.1898754700005,1259092.0,2015,4,2
2015-04-22,futures,254389.907083,4713.298311060001,1284264.0,2015,4,2
2015-04-22,options,6751.818421,125.096686127,12045.0,2015,4,2
2015-04-22,totals,261141.725504,4838.39499718,1296309.0,2015,4,2
2015-04-23,futures,298194.813849,5557.58149396,1537317.0,2015,4,2
2015-04-23,options,10143.423516,189.047227516,18602.0,2015,4,2
2015-04-23,totals,308338.237365,5746.6287214700005,1555919.0,2015,4,2
2015-04-24,futures,292356.477723,5665.70243121,1466002.0,2015,4,2
2015-04-24,options,6812.261505,132.01775747,16604.0,2015,4,2
2015-04-24,totals,299168.739228,5797.72018868,1482606.0,2015,4,2
2015-04-27,futures,243287.185626,4841.79618857,1233488.0,2015,4,2
2015-04-27,options,5572.674023,110.90494460400001,12241.0,2015,4,2
2015-04-27,totals,248859.859649,4952.70113318,1245729.0,2015,4,2
2015-04-28,futures,266793.869334,5183.5836976400005,1292812.0,2015,4,2
2015-04-28,options,6012.813239,116.823976355,12894.0,2015,4,2
2015-04-28,totals,272806.682573,5300.407674,1305706.0,2015,4,2
2015-04-29,futures,240975.15501,4607.19436928,1127215.0,2015,4,2
2015-04-29,options,17422.854326,333.106856365,10962.0,2015,4,2
2015-04-29,totals,258398.009336,4940.301225640001,1138177.0,2015,4,2
2015-04-30,futures,279845.286403,5412.56460282,1323281.0,2015,4,2
2015-04-30,options,9826.48726,190.056791012,15976.0,2015,4,2
2015-04-30,totals,289671.773663,5602.62139383,1339257.0,2015,4,2
2015-05-05,futures,238242.572952,4658.7439078,1065056.0,2015,5,2
2015-05-05,options,8018.546709,156.79966500999998,16950.0,2015,5,2
2015-05-05,totals,246261.119661,4815.54357281,1082006.0,2015,5,2
2015-05-06,futures,248252.034845,4796.45490007,1174184.0,2015,5,2
2015-05-06,options,10647.279169,205.715108738,18717.0,2015,5,2
2015-05-06,totals,258899.314014,5002.170008810001,1192901.0,2015,5,2
2015-05-07,futures,256776.325792,5137.41708533,1180666.0,2015,5,2
2015-05-07,options,15276.909339,305.650666225,22955.0,2015,5,2
2015-05-07,totals,272053.235131,5443.06775155,1203621.0,2015,5,2
2015-05-08,futures,238657.793781,4738.893674350001,1179362.0,2015,5,2
2015-05-08,options,9115.331983,180.998023947,15256.0,2015,5,2
2015-05-08,totals,247773.125764,4919.8916983,1194618.0,2015,5,2
2015-05-12,futures,225963.320711,4452.38272099,1071796.0,2015,5,2
2015-05-12,options,12262.336761,241.61716220899999,18661.0,2015,5,2
2015-05-12,totals,238225.657472,4693.999883189999,1090457.0,2015,5,2
2015-05-13,futures,250823.975196,4926.42446471,1134845.0,2015,5,2
2015-05-13,options,14373.309427,282.305641415,23145.0,2015,5,2
2015-05-13,totals,265197.284623,5208.73010612,1157990.0,2015,5,2
2015-05-14,futures,236670.195333,4777.68347713,1137432.0,2015,5,2
2015-05-14,options,15868.17523,320.332344771,20963.0,2015,5,2
2015-05-14,totals,252538.370563,5098.0158218999995,1158395.0,2015,5,2
2015-05-15,futures,195069.837924,3895.36673078,897395.0,2015,5,2
2015-05-15,options,13033.487209,260.266851095,17437.0,2015,5,2
2015-05-15,totals,208103.325133,4155.63358188,914832.0,2015,5,2
2015-05-18,futures,206492.382439,4128.89800224,932127.0,2015,5,2
2015-05-18,options,9241.130335,184.780107275,13197.0,2015,5,2
2015-05-18,totals,215733.512774,4313.6781095100005,945324.0,2015,5,2
2015-05-19,futures,233206.999308,4738.29429183,1006351.0,2015,5,2
2015-05-19,options,9206.027198,187.047842698,16595.0,2015,5,2
2015-05-19,totals,242413.026506,4925.342134529999,1022946.0,2015,5,2
2015-05-20,futures,220380.332524,4481.30621245,979125.0,2015,5,2
2015-05-20,options,11700.134713,237.91545178,15010.0,2015,5,2
2015-05-20,totals,232080.467237,4719.22166423,994135.0,2015,5,2
2015-05-21,futures,223314.980537,4484.966039399999,1064187.0,2015,5,2
2015-05-21,options,15910.356252,319.537038193,12479.0,2015,5,2
2015-05-21,totals,239225.336789,4804.50307759,1076666.0,2015,5,2
2015-05-22,futures,195132.931329,3908.88156603,914210.0,2015,5,2
2015-05-22,options,6348.707915,127.176623485,9565.0,2015,5,2
2015-05-22,totals,201481.639244,4036.05818952,923775.0,2015,5,2
2015-05-25,futures,141057.209038,2833.0372712199996,699026.0,2015,5,2
2015-05-25,options,5167.76148,103.79094398299999,9062.0,2015,5,2
2015-05-25,totals,146224.970518,2936.82821521,708088.0,2015,5,2
2015-05-26,futures,237958.416134,4772.40697964,996333.0,2015,5,2
2015-05-26,options,5704.76171,114.412614793,13093.0,2015,5,2
2015-05-26,totals,243663.177844,4886.8195944300005,1009426.0,2015,5,2
2015-05-27,futures,278036.330158,5525.1117329300005,1118086.0,2015,5,2
2015-05-27,options,12854.168753,255.436829259,16813.0,2015,5,2
2015-05-27,totals,290890.498911,5780.54856219,1134899.0,2015,5,2
2015-05-28,futures,264923.118238,5192.75857128,1073360.0,2015,5,2
2015-05-28,options,18454.618487,361.729013932,14563.0,2015,5,2
2015-05-28,totals,283377.736725,5554.48758522,1087923.0,2015,5,2
2015-05-29,futures,312722.879479,5980.46840985,1324965.0,2015,5,2
2015-05-29,options,12795.965713,244.708250473,15403.0,2015,5,2
2015-05-29,totals,325518.845192,6225.176660319999,1340368.0,2015,5,2
2015-06-01,futures,271640.489408,5128.040108439999,1171020.0,2015,6,2
2015-06-01,options,10140.246534,191.427982806,17164.0,2015,6,2
2015-06-01,totals,281780.735942,5319.46809124,1188184.0,2015,6,2
2015-06-02,futures,272520.477558,5159.291375979999,1208638.0,2015,6,2
2015-06-02,options,13490.629482,255.40131503799998,16146.0,2015,6,2
2015-06-02,totals,286011.10704,5414.692691020001,1224784.0,2015,6,2
2015-06-03,futures,338009.195093,6324.86850232,1389770.0,2015,6,2
2015-06-03,options,22568.101845,422.29702206,21908.0,2015,6,2
2015-06-03,totals,360577.296938,6747.1655243800005,1411678.0,2015,6,2
2015-06-04,futures,361923.37361,6821.14954315,1406856.0,2015,6,2
2015-06-04,options,20577.349528,387.820153565,30964.0,2015,6,2
2015-06-04,totals,382500.723138,7208.96969671,1437820.0,2015,6,2
2015-06-05,futures,424769.85214,7724.380298890001,1774928.0,2015,6,2
2015-06-05,options,21698.384078,394.58207696600005,31730.0,2015,6,2
2015-06-05,totals,446468.236218,8118.96237585,1806658.0,2015,6,2
2015-06-08,futures,319671.26071,5683.41847748,1484393.0,2015,6,2
2015-06-08,options,14855.141893,264.10878392,19567.0,2015,6,2
2015-06-08,totals,334526.402603,5947.5272614,1503960.0,2015,6,2
2015-06-09,futures,275372.418775,4913.54784721,1171840.0,2015,6,2
2015-06-09,options,12880.039547,229.822183607,16204.0,2015,6,2
2015-06-09,totals,288252.458322,5143.37003082,1188044.0,2015,6,2
2015-06-10,futures,365311.375386,6533.91835783,1385198.0,2015,6,2
2015-06-10,options,23027.945943,411.875262797,24216.0,2015,6,2
2015-06-10,totals,388339.321329,6945.79362062,1409414.0,2015,6,2
2015-06-11,futures,351087.589347,6404.14851267,1331295.0,2015,6,2
2015-06-11,options,12470.472804,227.472466368,17340.0,2015,6,2
2015-06-11,totals,363558.062151,6631.62097904,1348635.0,2015,6,2
2015-06-15,futures,366037.212425,6712.76878009,1359572.0,2015,6,2
2015-06-15,options,25325.433243,464.443974124,29789.0,2015,6,2
2015-06-15,totals,391362.645668,7177.21275421,1389361.0,2015,6,2
2015-06-16,futures,227180.217626,4110.52740607,975273.0,2015,6,2
2015-06-16,options,12591.281437,227.82268617,12572.0,2015,6,2
2015-06-16,totals,239771.499063,4338.35009224,987845.0,2015,6,2
2015-06-17,futures,247591.679274,4581.5609894399995,1083745.0,2015,6,2
2015-06-17,options,9961.984255,184.341568238,9635.0,2015,6,2
2015-06-17,totals,257553.663529,4765.90255767,1093380.0,2015,6,2
2015-06-18,futures,345254.426347,6405.47433941,1447769.0,2015,6,2
2015-06-18,options,12112.036174,224.713518467,13689.0,2015,6,2
2015-06-18,totals,357366.462521,6630.18785788,1461458.0,2015,6,2
2015-06-19,futures,258361.803607,4844.57752014,1136801.0,2015,6,2
2015-06-19,options,16790.353327,314.83821194800004,10764.0,2015,6,2
2015-06-19,totals,275152.156934,5159.41573209,1147565.0,2015,6,2
2015-06-22,futures,256510.144364,4767.793377100001,1046856.0,2015,6,2
2015-06-22,options,17136.859641,318.525437281,11224.0,2015,6,2
2015-06-22,totals,273647.004005,5086.31881438,1058080.0,2015,6,2
2015-06-23,futures,259602.082699,4847.22010981,1110265.0,2015,6,2
2015-06-23,options,7949.021678,148.421990033,11144.0,2015,6,2
2015-06-23,totals,267551.104377,4995.64209984,1121409.0,2015,6,2
2015-06-24,futures,284650.74305,5251.0739732600005,1145352.0,2015,6,2
2015-06-24,options,7198.267794,132.789523964,10626.0,2015,6,2
2015-06-24,totals,291849.010844,5383.86349723,1155978.0,2015,6,2
2015-06-25,futures,227814.454581,4212.96606135,891927.0,2015,6,2
2015-06-25,options,8797.995091,162.701066508,10087.0,2015,6,2
2015-06-25,totals,236612.449672,4375.66712786,902014.0,2015,6,2
2015-06-26,futures,230630.067034,4223.79276873,883003.0,2015,6,2
2015-06-26,options,7922.826613,145.099805009,11067.0,2015,6,2
2015-06-26,totals,238552.893647,4368.8925737399995,894070.0,2015,6,2
2015-06-29,futures,269547.74649,4917.62380347,1034172.0,2015,6,2
2015-06-29,options,10460.954569,190.849450108,14940.0,2015,6,2
2015-06-29,totals,280008.701059,5108.47325358,1049112.0,2015,6,2
2015-06-30,futures,297227.75599,5353.14019145,1128622.0,2015,6,2
2015-06-30,options,9172.223431,165.193851866,13379.0,2015,6,2
2015-06-30,totals,306399.979421,5518.33404331,1142001.0,2015,6,2
2015-07-01,futures,285908.8959,5120.025785569999,1118588.0,2015,7,3
2015-07-01,options,8164.204676,146.20370005700002,12782.0,2015,7,3
2015-07-01,totals,294073.100576,5266.22948563,1131370.0,2015,7,3
2015-07-02,futures,265729.048193,4790.01665945,982530.0,2015,7,3
2015-07-02,options,6674.929762,120.321902999,11335.0,2015,7,3
2015-07-02,totals,272403.977955,4910.33856245,993865.0,2015,7,3
2015-07-03,futures,210943.203361,3790.15916416,792542.0,2015,7,3
2015-07-03,options,7591.882075,136.408478497,11345.0,2015,7,3
2015-07-03,totals,218535.085436,3926.56764266,803887.0,2015,7,3
2015-07-06,futures,232797.039826,4186.62815374,875601.0,2015,7,3
2015-07-06,options,9991.818171,179.693123646,14612.0,2015,7,3
2015-07-06,totals,242788.857997,4366.32127739,890213.0,2015,7,3
2015-07-07,futures,324025.283829,5743.98849571,1234826.0,2015,7,3
2015-07-07,options,14821.976197,262.74881933,18970.0,2015,7,3
2015-07-07,totals,338847.260026,6006.73731504,1253796.0,2015,7,3
2015-07-08,futures,440909.743379,7705.625793069999,1664655.0,2015,7,3
2015-07-08,options,18118.415997,316.64923656699995,26374.0,2015,7,3
2015-07-08,totals,459028.159376,8022.27502964,1691029.0,2015,7,3
2015-07-09,futures,326057.402773,5698.57076297,1218168.0,2015,7,3
2015-07-09,options,9343.990452,163.30679919,16024.0,2015,7,3
2015-07-09,totals,335401.393225,5861.87756216,1234192.0,2015,7,3
2015-07-10,futures,298285.804375,5234.89353996,1098041.0,2015,7,3
2015-07-10,options,9409.691154,165.139375433,15766.0,2015,7,3
2015-07-10,totals,307695.495529,5400.03291539,1113807.0,2015,7,3
2015-07-13,futures,307238.605741,5421.682341,1130519.0,2015,7,3
2015-07-13,options,12412.35257,219.03442953299998,19698.0,2015,7,3
2015-07-13,totals,319650.958311,5640.71677053,1150217.0,2015,7,3
2015-07-14,futures,300152.838384,5302.31360612,1077223.0,2015,7,3
2015-07-14,options,15045.243713,265.779930239,20134.0,2015,7,3
2015-07-14,totals,315198.082097,5568.093536359999,1097357.0,2015,7,3
2015-07-15,futures,274871.822245,4824.22543403,1023458.0,2015,7,3
2015-07-15,options,17484.03697,306.859157666,23340.0,2015,7,3
2015-07-15,totals,292355.859215,5131.0845917,1046798.0,2015,7,3
2015-07-16,futures,258569.355233,4563.18725462,874621.0,2015,7,3
2015-07-16,options,10393.283497,183.418869357,10988.0,2015,7,3
2015-07-16,totals,268962.63873,4746.60612397,885609.0,2015,7,3
2015-07-17,futures,224508.012517,3942.16743898,796053.0,2015,7,3
2015-07-17,options,9463.825774,166.17663394800002,9675.0,2015,7,3
2015-07-17,totals,233971.838291,4108.34407293,805728.0,2015,7,3
2015-07-20,futures,225623.96513,3969.29689914,809310.0,2015,7,3
2015-07-20,options,8485.148735,149.275253376,10690.0,2015,7,3
2015-07-20,totals,234109.113865,4118.57215252,820000.0,2015,7,3
2015-07-21,futures,234409.047026,4124.480008760001,813396.0,2015,7,3
2015-07-21,options,10071.460902,177.209624272,8811.0,2015,7,3
2015-07-21,totals,244480.507928,4301.68963303,822207.0,2015,7,3
2015-07-22,futures,254850.297186,4470.86175494,852394.0,2015,7,3
2015-07-22,options,10000.473002,175.43920007,11106.0,2015,7,3
2015-07-22,totals,264850.770188,4646.3009550100005,863500.0,2015,7,3
2015-07-23,futures,258454.868065,4532.45114383,838740.0,2015,7,3
2015-07-23,options,11541.046915,202.392130133,13262.0,2015,7,3
2015-07-23,totals,269995.91498,4734.84327397,852002.0,2015,7,3
2015-07-24,futures,331944.569723,5787.2611872,1093879.0,2015,7,3
2015-07-24,options,15417.865771,268.801553947,21498.0,2015,7,3
2015-07-24,totals,347362.435494,6056.06274114,1115377.0,2015,7,3
2015-07-27,futures,385748.16571,6646.544567989999,1238154.0,2015,7,3
2015-07-27,options,14880.731243,256.398998628,21650.0,2015,7,3
2015-07-27,totals,400628.896953,6902.94356661,1259804.0,2015,7,3
2015-07-28,futures,460123.002791,7827.670611060001,1481866.0,2015,7,3
2015-07-28,options,18409.732805,313.188698589,21216.0,2015,7,3
2015-07-28,totals,478532.735596,8140.85930965,1503082.0,2015,7,3
2015-07-29,futures,474019.809875,7871.06292893,1541131.0,2015,7,3
2015-07-29,options,11146.788306,185.09157293500002,16332.0,2015,7,3
2015-07-29,totals,485166.598181,8056.15450186,1557463.0,2015,7,3
2015-07-30,futures,419510.89764,7019.1645426800005,1442006.0,2015,7,3
2015-07-30,options,9672.034107,161.83035826100001,13929.0,2015,7,3
2015-07-30,totals,429182.931747,7180.99490094,1455935.0,2015,7,3
2015-07-31,futures,481883.568378,8168.81958105,1541733.0,2015,7,3
2015-07-31,options,11797.005518,199.981107465,17187.0,2015,7,3
2015-07-31,totals,493680.573896,8368.800688520001,1558920.0,2015,7,3
2015-08-03,futures,485819.091944,8050.58665133,1529667.0,2015,8,3
2015-08-03,options,19021.820281,315.21365664200005,23416.0,2015,8,3
2015-08-03,totals,504840.912225,8365.80030798,1553083.0,2015,8,3
2015-08-04,futures,430684.112944,6894.5088893,1399829.0,2015,8,3
2015-08-04,options,13736.572925,219.898810505,18062.0,2015,8,3
2015-08-04,totals,444420.685869,7114.4076998,1417891.0,2015,8,3
2015-08-05,futures,420206.345047,6678.61358156,1361823.0,2015,8,3
2015-08-05,options,11779.200602,187.214519837,13861.0,2015,8,3
2015-08-05,totals,431985.545649,6865.8281013900005,1375684.0,2015,8,3
2015-08-06,futures,448010.044821,7143.19952073,1485678.0,2015,8,3
2015-08-06,options,18490.544247,294.81849420599997,19833.0,2015,8,3
2015-08-06,totals,466500.589068,7438.018014939999,1505511.0,2015,8,3
2015-08-07,futures,483780.261699,7575.11636685,1373539.0,2015,8,3
2015-08-07,options,15312.101734,239.759580204,19278.0,2015,8,3
2015-08-07,totals,499092.363433,7814.87594705,1392817.0,2015,8,3
2015-08-10,futures,456926.567415,7157.38225491,1340098.0,2015,8,3
2015-08-10,options,21567.724605,337.840826897,21791.0,2015,8,3
2015-08-10,totals,478494.29202,7495.2230818,1361889.0,2015,8,3
2015-08-11,futures,506856.667753,7858.5231373100005,1504043.0,2015,8,3
2015-08-11,options,22844.978071,354.19833685500004,25326.0,2015,8,3
2015-08-11,totals,529701.645824,8212.72147416,1529369.0,2015,8,3
2015-08-12,futures,479735.906413,7589.58114743,1403855.0,2015,8,3
2015-08-12,options,16726.034153,264.611407614,21432.0,2015,8,3
2015-08-12,totals,496461.940566,7854.19255505,1425287.0,2015,8,3
2015-08-13,futures,449739.129285,6917.26503855,1281824.0,2015,8,3
2015-08-13,options,22315.024087,343.218825982,23102.0,2015,8,3
2015-08-13,totals,472054.153372,7260.48386453,1304926.0,2015,8,3
2015-08-14,futures,364627.776637,5697.4158365,1019409.0,2015,8,3
2015-08-14,options,16912.680796,264.265592417,17883.0,2015,8,3
2015-08-14,totals,381540.457433,5961.68142892,1037292.0,2015,8,3
2015-08-17,futures,345252.119652,5316.78151746,1038782.0,2015,8,3
2015-08-17,options,21400.108903,329.555408962,24860.0,2015,8,3
2015-08-17,totals,366652.228555,5646.33692642,1063642.0,2015,8,3
2015-08-18,futures,336640.364759,5139.28078175,986433.0,2015,8,3
2015-08-18,options,14420.735402,220.152471505,13650.0,2015,8,3
2015-08-18,totals,351061.100161,5359.43325325,1000083.0,2015,8,3
2015-08-19,futures,418027.588926,6350.21379555,1195023.0,2015,8,3
2015-08-19,options,19578.387559,297.41325708,14708.0,2015,8,3
2015-08-19,totals,437605.976485,6647.62705263,1209731.0,2015,8,3
2015-08-20,futures,518857.883113,7894.712640680001,1503870.0,2015,8,3
2015-08-20,options,23779.980424,361.82569092299997,17404.0,2015,8,3
2015-08-20,totals,542637.863537,8256.5383316,1521274.0,2015,8,3
2015-08-21,futures,496496.406542,7414.73229923,1416423.0,2015,8,3
2015-08-21,options,19571.112011,292.277153364,20269.0,2015,8,3
2015-08-21,totals,516067.518553,7707.00945259,1436692.0,2015,8,3
2015-08-24,futures,868338.026074,12746.882429,2394081.0,2015,8,3
2015-08-24,options,32722.624619,480.35607823400005,39598.0,2015,8,3
2015-08-24,totals,901060.650693,13227.238507200002,2433679.0,2015,8,3
2015-08-25,futures,851616.371254,12037.5760109,2414956.0,2015,8,3
2015-08-25,options,25899.584553,366.08997693199996,31792.0,2015,8,3
2015-08-25,totals,877515.955807,12403.6659878,2446748.0,2015,8,3
2015-08-26,futures,759790.073917,10862.508044299999,2135183.0,2015,8,3
2015-08-26,options,15574.929063,222.67044285499998,16873.0,2015,8,3
2015-08-26,totals,775365.00298,11085.1784871,2152056.0,2015,8,3
2015-08-27,futures,720258.3973,10391.209843,2002021.0,2015,8,3
2015-08-27,options,24725.333592,356.713827643,28876.0,2015,8,3
2015-08-27,totals,744983.730892,10747.923670600001,2030897.0,2015,8,3
2015-08-28,futures,805605.119613,11944.215997,2360080.0,2015,8,3
2015-08-28,options,22769.783876,337.59370465499995,29749.0,2015,8,3
2015-08-28,totals,828374.903489,12281.809701600001,2389829.0,2015,8,3
2015-08-31,futures,674674.406905,10148.8525797,2158964.0,2015,8,3
2015-08-31,options,18831.593819,283.27600328799997,27570.0,2015,8,3
2015-08-31,totals,693506.000724,10432.128582899999,2186534.0,2015,8,3
2015-09-01,futures,824487.56982,12358.3166927,2590784.0,2015,9,3
2015-09-01,options,31550.829147,472.91815279,46472.0,2015,9,3
2015-09-01,totals,856038.398967,12831.2348455,2637256.0,2015,9,3
2015-09-02,futures,793079.26361,12135.9652883,2457719.0,2015,9,3
2015-09-02,options,28281.659562,432.775454472,42773.0,2015,9,3
2015-09-02,totals,821360.923172,12568.740742799999,2500492.0,2015,9,3
2015-09-03,futures,668635.576452,10028.189869299998,2017955.0,2015,9,3
2015-09-03,options,20650.231509,309.711971231,30047.0,2015,9,3
2015-09-03,totals,689285.807961,10337.9018406,2048002.0,2015,9,3
2015-09-04,futures,512551.982247,7648.865131680001,1581297.0,2015,9,3
2015-09-04,options,15161.309232,226.253752891,17587.0,2015,9,3
2015-09-04,totals,527713.291479,7875.11888457,1598884.0,2015,9,3
2015-09-07,futures,354160.901345,5232.487277020001,1104188.0,2015,9,3
2015-09-07,options,16617.169889,245.507422457,20708.0,2015,9,3
2015-09-07,totals,370778.071234,5477.994699479999,1124896.0,2015,9,3
2015-09-08,futures,475155.21442,6937.94993488,1320107.0,2015,9,3
2015-09-08,options,14801.779943,216.127288673,16816.0,2015,9,3
2015-09-08,totals,489956.994363,7154.07722355,1336923.0,2015,9,3
2015-09-09,futures,499727.884314,7264.20466433,1515297.0,2015,9,3
2015-09-09,options,15879.201984,230.825168534,18904.0,2015,9,3
2015-09-09,totals,515607.086298,7495.029832859999,1534201.0,2015,9,3
2015-09-10,futures,532993.861328,7881.971097060001,1641416.0,2015,9,3
2015-09-10,options,17905.754447,264.792241079,21019.0,2015,9,3
2015-09-10,totals,550899.615775,8146.76333813,1662435.0,2015,9,3
2015-09-11,futures,482491.80181,7044.07698847,1384457.0,2015,9,3
2015-09-11,options,21671.022391,316.383303444,18710.0,2015,9,3
2015-09-11,totals,504162.824201,7360.46029191,1403167.0,2015,9,3
2015-09-14,futures,458969.990242,6748.63570485,1239135.0,2015,9,3
2015-09-14,options,20324.650016,298.851039725,19436.0,2015,9,3
2015-09-14,totals,479294.640258,7047.48674458,1258571.0,2015,9,3
2015-09-15,futures,443619.805523,6527.93903099,1264911.0,2015,9,3
2015-09-15,options,22828.826229,335.92996506599997,19246.0,2015,9,3
2015-09-15,totals,466448.631752,6863.86899606,1284157.0,2015,9,3
2015-09-16,futures,435271.312012,6481.36038638,1264456.0,2015,9,3
2015-09-16,options,16142.295674,240.365107553,20422.0,2015,9,3
2015-09-16,totals,451413.607686,6721.72549393,1284878.0,2015,9,3
2015-09-17,futures,345451.099366,5239.8793726700005,1144416.0,2015,9,3
2015-09-17,options,10188.18319,154.53663641600002,13077.0,2015,9,3
2015-09-17,totals,355639.282556,5394.41600909,1157493.0,2015,9,3
2015-09-18,futures,579326.305534,8863.30966833,1892309.0,2015,9,3
2015-09-18,options,14778.83442,226.10640109099998,19195.0,2015,9,3
2015-09-18,totals,594105.139954,9089.41606942,1911504.0,2015,9,3
2015-09-21,futures,306239.137552,4665.11493807,1002718.0,2015,9,3
2015-09-21,options,8005.74104,121.95600606299999,10534.0,2015,9,3
2015-09-21,totals,314244.878592,4787.0709441300005,1013252.0,2015,9,3
2015-09-22,futures,327211.298018,4946.841402939999,1053897.0,2015,9,3
2015-09-22,options,10316.998875,155.97431231099998,13445.0,2015,9,3
2015-09-22,totals,337528.296893,5102.81571525,1067342.0,2015,9,3
2015-09-23,futures,441633.679048,6673.7541545,1377398.0,2015,9,3
2015-09-23,options,11639.648612,175.892729578,13697.0,2015,9,3
2015-09-23,totals,453273.32766,6849.64688408,1391095.0,2015,9,3
2015-09-24,futures,439376.346785,6653.08439886,1410230.0,2015,9,3
2015-09-24,options,16216.214117,245.547676701,17063.0,2015,9,3
2015-09-24,totals,455592.560902,6898.63207556,1427293.0,2015,9,3
2015-09-25,futures,360671.91995,5422.40664075,1155624.0,2015,9,3
2015-09-25,options,8285.925919,124.572103462,11421.0,2015,9,3
2015-09-25,totals,368957.845869,5546.97874421,1167045.0,2015,9,3
2015-09-28,futures,287960.269734,4384.77890713,1049908.0,2015,9,3
2015-09-28,options,6210.670364,94.5700475845,9955.0,2015,9,3
2015-09-28,totals,294170.940098,4479.34895471,1059863.0,2015,9,3
2015-09-29,futures,347442.52056,5300.662433979999,1102331.0,2015,9,3
2015-09-29,options,7910.764575,120.688430821,10381.0,2015,9,3
2015-09-29,totals,355353.285135,5421.350864800001,1112712.0,2015,9,3
2015-09-30,futures,400523.226142,6046.84753531,1163992.0,2015,9,3
2015-09-30,options,11964.706559,180.635607737,12826.0,2015,9,3
2015-09-30,totals,412487.932701,6227.48314305,1176818.0,2015,9,3
2015-10-01,futures,411345.29243,6257.49649251,1259289.0,2015,10,4
2015-10-01,options,11958.817797,181.920789654,14147.0,2015,10,4
2015-10-01,totals,423304.110227,6439.41728216,1273436.0,2015,10,4
2015-10-02,futures,404929.166386,6226.46088154,1252884.0,2015,10,4
2015-10-02,options,16172.781779,248.683477141,17888.0,2015,10,4
2015-10-02,totals,421101.948165,6475.1443586899995,1270772.0,2015,10,4
2015-10-05,futures,433405.212269,6572.58129595,1261997.0,2015,10,4
2015-10-05,options,17685.405841,268.198822606,21515.0,2015,10,4
2015-10-05,totals,451090.61811,6840.78011856,1283512.0,2015,10,4
2015-10-06,futures,433007.441176,6598.22873633,1313718.0,2015,10,4
2015-10-06,options,18711.646247,285.130716543,20673.0,2015,10,4
2015-10-06,totals,451719.087423,6883.35945287,1334391.0,2015,10,4
2015-10-07,futures,501426.669779,7702.85623092,1498087.0,2015,10,4
2015-10-07,options,26957.987742,414.12536741,32339.0,2015,10,4
2015-10-07,totals,528384.657521,8116.9815983299995,1530426.0,2015,10,4
2015-10-08,futures,424345.672631,6767.215193270001,1402363.0,2015,10,4
2015-10-08,options,19225.057106,306.589902832,30847.0,2015,10,4
2015-10-08,totals,443570.729737,7073.80509611,1433210.0,2015,10,4
2015-10-09,futures,546899.815359,8779.305543040002,1734789.0,2015,10,4
2015-10-09,options,34265.008027,550.051337476,39574.0,2015,10,4
2015-10-09,totals,581164.823386,9329.35688051,1774363.0,2015,10,4
2015-10-12,futures,368260.724052,6007.83931357,1282192.0,2015,10,4
2015-10-12,options,16777.980352,273.717514189,23947.0,2015,10,4
2015-10-12,totals,385038.704404,6281.5568277600005,1306139.0,2015,10,4
2015-10-13,futures,514650.895616,8415.72265882,1556705.0,2015,10,4
2015-10-13,options,25490.102257,416.821641558,31083.0,2015,10,4
2015-10-13,totals,540140.997873,8832.54430038,1587788.0,2015,10,4
2015-10-14,futures,423280.55931,6802.56171378,1358868.0,2015,10,4
2015-10-14,options,17898.963528,287.655082035,23957.0,2015,10,4
2015-10-14,totals,441179.522838,7090.21679582,1382825.0,2015,10,4
2015-10-15,futures,409169.5684,6481.91468963,1295855.0,2015,10,4
2015-10-15,options,23879.501623,378.29033316500005,31573.0,2015,10,4
2015-10-15,totals,433049.070023,6860.2050228,1327428.0,2015,10,4
2015-10-16,futures,432866.025638,6954.419602399999,1409498.0,2015,10,4
2015-10-16,options,14903.721626,239.442986249,20861.0,2015,10,4
2015-10-16,totals,447769.747264,7193.862588649999,1430359.0,2015,10,4
2015-10-19,futures,348376.720891,5677.7070063599995,1176463.0,2015,10,4
2015-10-19,options,10084.822772,164.358481715,13035.0,2015,10,4
2015-10-19,totals,358461.543663,5842.065488069999,1189498.0,2015,10,4
2015-10-20,futures,380539.149013,6193.47951501,1247988.0,2015,10,4
2015-10-20,options,12345.816096,200.93480338299997,14453.0,2015,10,4
2015-10-20,totals,392884.965109,6394.4143183900005,1262441.0,2015,10,4
2015-10-21,futures,472311.20973,7598.06971671,1459437.0,2015,10,4
2015-10-21,options,11361.509195,182.772581239,15394.0,2015,10,4
2015-10-21,totals,483672.718925,7780.84229795,1474831.0,2015,10,4
2015-10-22,futures,397696.946883,6349.8520200600005,1242064.0,2015,10,4
2015-10-22,options,13010.7211,207.73645437000002,14881.0,2015,10,4
2015-10-22,totals,410707.667983,6557.58847443,1256945.0,2015,10,4
2015-10-23,futures,452655.805024,7209.18069821,1377923.0,2015,10,4
2015-10-23,options,10658.964045,169.759002322,16621.0,2015,10,4
2015-10-23,totals,463314.769069,7378.93970054,1394544.0,2015,10,4
2015-10-26,futures,394605.598175,6371.944435609999,1233157.0,2015,10,4
2015-10-26,options,11222.427149,181.21557969999998,15302.0,2015,10,4
2015-10-26,totals,405828.025324,6553.160015310001,1248459.0,2015,10,4
2015-10-27,futures,429469.152846,6871.08868334,1335016.0,2015,10,4
2015-10-27,options,20137.951265,322.187631232,21874.0,2015,10,4
2015-10-27,totals,449607.104111,7193.27631458,1356890.0,2015,10,4
2015-10-28,futures,564298.297273,8886.531380479999,1685226.0,2015,10,4
2015-10-28,options,19129.325106,301.247316647,22717.0,2015,10,4
2015-10-28,totals,583427.622379,9187.77869713,1707943.0,2015,10,4
2015-10-29,futures,613575.203535,9393.9638516,1902469.0,2015,10,4
2015-10-29,options,13144.399661,201.243489885,22041.0,2015,10,4
2015-10-29,totals,626719.603196,9595.20734149,1924510.0,2015,10,4
2015-10-30,futures,413677.362545,6446.725696760001,1345497.0,2015,10,4
2015-10-30,options,10159.570412,158.326197112,14222.0,2015,10,4
2015-10-30,totals,423836.932957,6605.05189387,1359719.0,2015,10,4
2015-11-02,futures,386368.332949,6001.91276861,1276374.0,2015,11,4
2015-11-02,options,10787.791713,167.57942953900002,17016.0,2015,11,4
2015-11-02,totals,397156.124662,6169.492198149999,1293390.0,2015,11,4
2015-11-03,futures,454877.318912,7129.81676777,1415735.0,2015,11,4
2015-11-03,options,22109.18387,346.54273432499997,26231.0,2015,11,4
2015-11-03,totals,476986.502782,7476.35950209,1441966.0,2015,11,4
2015-11-05,futures,404146.498884,6329.37627946,1312245.0,2015,11,4
2015-11-05,options,11828.952218,185.25433174900002,19772.0,2015,11,4
2015-11-05,totals,415975.451102,6514.63061121,1332017.0,2015,11,4
2015-11-06,futures,454157.487151,7163.46899484,1359954.0,2015,11,4
2015-11-06,options,14951.065321,235.82456724099998,20402.0,2015,11,4
2015-11-06,totals,469108.552472,7399.29356209,1380356.0,2015,11,4
2015-11-09,futures,390484.848368,6131.67755967,1166464.0,2015,11,4
2015-11-09,options,14682.671375,230.558002346,18019.0,2015,11,4
2015-11-09,totals,405167.519743,6362.2355620200005,1184483.0,2015,11,4
2015-11-10,futures,374237.46713,5787.72029845,1147948.0,2015,11,4
2015-11-10,options,12973.603809,200.641562389,15929.0,2015,11,4
2015-11-10,totals,387211.070939,5988.36186084,1163877.0,2015,11,4
2015-11-11,futures,340339.298955,5285.52679816,1039091.0,2015,11,4
2015-11-11,options,14424.009877,224.007309693,16815.0,2015,11,4
2015-11-11,totals,354763.308832,5509.5341078500005,1055906.0,2015,11,4
2015-11-12,futures,491902.278909,7618.20677797,1353891.0,2015,11,4
2015-11-12,options,21958.607317,340.07813801599997,27072.0,2015,11,4
2015-11-12,totals,513860.886226,7958.28491599,1380963.0,2015,11,4
2015-11-13,futures,516504.753925,7891.098554939999,1453741.0,2015,11,4
2015-11-13,options,20641.630661,315.360392412,27612.0,2015,11,4
2015-11-13,totals,537146.384586,8206.45894735,1481353.0,2015,11,4
2015-11-16,futures,497842.642542,7471.266938229999,1419433.0,2015,11,4
2015-11-16,options,24746.796419,371.382252369,30208.0,2015,11,4
2015-11-16,totals,522589.438961,7842.6491906,1449641.0,2015,11,4
2015-11-17,futures,579831.260129,8724.423006809999,1741573.0,2015,11,4
2015-11-17,options,20991.881334,315.85405110100004,27373.0,2015,11,4
2015-11-17,totals,600823.141463,9040.27705792,1768946.0,2015,11,4
2015-11-18,futures,495522.019109,7567.54391972,1514426.0,2015,11,4
2015-11-18,options,20099.625912,306.958714231,24626.0,2015,11,4
2015-11-18,totals,515621.645021,7874.50263395,1539052.0,2015,11,4
2015-11-19,futures,525503.647198,8112.31577141,1604482.0,2015,11,4
2015-11-19,options,18475.508437,285.210500969,23789.0,2015,11,4
2015-11-19,totals,543979.155635,8397.52627237,1628271.0,2015,11,4
2015-11-20,futures,383218.970187,5903.669124149999,1212575.0,2015,11,4
2015-11-20,options,10763.798317,165.821393841,13103.0,2015,11,4
2015-11-20,totals,393982.768504,6069.49051799,1225678.0,2015,11,4
2015-11-23,futures,662682.97079,10215.9789415,1851987.0,2015,11,4
2015-11-23,options,18850.650169,290.603280374,23020.0,2015,11,4
2015-11-23,totals,681533.620959,10506.5822218,1875007.0,2015,11,4
2015-11-24,futures,565411.953811,8619.43942527,1745781.0,2015,11,4
2015-11-24,options,20675.423922,315.18711779299997,23946.0,2015,11,4
2015-11-24,totals,586087.377733,8934.62654306,1769727.0,2015,11,4
2015-11-25,futures,463469.623995,7062.82476639,1416810.0,2015,11,4
2015-11-25,options,16306.908039,248.501364487,15232.0,2015,11,4
2015-11-25,totals,479776.532034,7311.32613087,1432042.0,2015,11,4
2015-11-26,futures,314874.216671,4808.78904,1052188.0,2015,11,4
2015-11-26,options,12427.408314,189.79256392500002,12470.0,2015,11,4
2015-11-26,totals,327301.624985,4998.58160392,1064658.0,2015,11,4
2015-11-27,futures,316275.229898,4815.1323907,1030203.0,2015,11,4
2015-11-27,options,10743.486175,163.564210473,13504.0,2015,11,4
2015-11-27,totals,327018.716073,4978.6966011800005,1043707.0,2015,11,4
2015-11-30,futures,368019.999412,5555.91619193,1129537.0,2015,11,4
2015-11-30,options,15226.815682,229.875854395,17034.0,2015,11,4
2015-11-30,totals,383246.815094,5785.79204632,1146571.0,2015,11,4
2015-12-01,futures,384777.645633,5765.58199549,1158672.0,2015,12,4
2015-12-01,options,13790.87954,206.645182433,15848.0,2015,12,4
2015-12-01,totals,398568.525173,5972.22717792,1174520.0,2015,12,4
2015-12-02,futures,427195.59919,6447.41797553,1227609.0,2015,12,4
2015-12-02,options,35400.705311,534.282525853,20001.0,2015,12,4
2015-12-02,totals,462596.304501,6981.700501390001,1247610.0,2015,12,4
2015-12-03,futures,493371.606345,7392.42025563,1378320.0,2015,12,4
2015-12-03,options,16266.345136,243.726346879,19620.0,2015,12,4
2015-12-03,totals,509637.951481,7636.14660251,1397940.0,2015,12,4
2015-12-04,futures,593852.749212,8762.883810059999,1593969.0,2015,12,4
2015-12-04,options,27591.080458,407.133641409,24355.0,2015,12,4
2015-12-04,totals,621443.82967,9170.017451459998,1618324.0,2015,12,4
2015-12-07,futures,437375.748015,6463.38171555,1229754.0,2015,12,4
2015-12-07,options,20971.75881,309.913119442,23420.0,2015,12,4
2015-12-07,totals,458347.506825,6773.29483499,1253174.0,2015,12,4
2015-12-08,futures,532943.536552,7778.4261767,1495658.0,2015,12,4
2015-12-08,options,23530.451511,343.432028779,28993.0,2015,12,4
2015-12-08,totals,556473.988063,8121.85820547,1524651.0,2015,12,4
2015-12-09,futures,478910.293358,6910.423178319999,1350766.0,2015,12,4
2015-12-09,options,18263.337494,263.530336438,22659.0,2015,12,4
2015-12-09,totals,497173.630852,7173.95351476,1373425.0,2015,12,4
2015-12-10,futures,546928.453489,7903.59036834,1516655.0,2015,12,4
2015-12-10,options,16889.56846,244.068908382,21780.0,2015,12,4
2015-12-10,totals,563818.021949,8147.65927672,1538435.0,2015,12,4
2015-12-11,futures,466692.97544,6742.64684209,1286872.0,2015,12,4
2015-12-11,options,17242.027963,249.107896442,22476.0,2015,12,4
2015-12-11,totals,483935.003403,6991.7547385299995,1309348.0,2015,12,4
2015-12-14,futures,665939.306079,9626.80871232,1817011.0,2015,12,4
2015-12-14,options,30135.922314,435.644445129,33793.0,2015,12,4
2015-12-14,totals,696075.228393,10062.4531574,1850804.0,2015,12,4
2015-12-15,futures,583228.975425,8305.21834896,1567711.0,2015,12,4
2015-12-15,options,30989.586698,441.293719818,29111.0,2015,12,4
2015-12-15,totals,614218.562123,8746.51206878,1596822.0,2015,12,4
2015-12-16,futures,396145.984977,5592.95187707,1158781.0,2015,12,4
2015-12-16,options,12721.84178,179.612192377,12697.0,2015,12,4
2015-12-16,totals,408867.826757,5772.56406945,1171478.0,2015,12,4
2015-12-17,futures,529813.548832,7525.632358989999,1446258.0,2015,12,4
2015-12-17,options,15521.568558,220.473068044,17045.0,2015,12,4
2015-12-17,totals,545335.11739,7746.10542704,1463303.0,2015,12,4
2015-12-18,futures,477490.032131,6765.1738881599995,1291735.0,2015,12,4
2015-12-18,options,11153.800998,158.029274305,14411.0,2015,12,4
2015-12-18,totals,488643.833129,6923.20316247,1306146.0,2015,12,4
2015-12-21,futures,337619.75142,4733.77244477,1063487.0,2015,12,4
2015-12-21,options,10928.234937,153.224973353,11587.0,2015,12,4
2015-12-21,totals,348547.986357,4886.99741813,1075074.0,2015,12,4
2015-12-22,futures,235928.885615,3311.03631049,743861.0,2015,12,4
2015-12-22,options,7753.632667,108.814820329,7963.0,2015,12,4
2015-12-22,totals,243682.518282,3419.85113082,751824.0,2015,12,4
2015-12-23,futures,364656.486915,5127.26162721,979308.0,2015,12,4
2015-12-23,options,14050.969171,197.564002399,12020.0,2015,12,4
2015-12-23,totals,378707.456086,5324.82562961,991328.0,2015,12,4
2015-12-24,futures,429006.520779,6048.02710122,1180926.0,2015,12,4
2015-12-24,options,25441.682182,358.670500061,13680.0,2015,12,4
2015-12-24,totals,454448.202961,6406.69760128,1194606.0,2015,12,4
2015-12-25,futures,166241.283313,2391.39317015,504341.0,2015,12,4
2015-12-25,options,6645.890393,95.6016254127,7002.0,2015,12,4
2015-12-25,totals,172887.173706,2486.99479557,511343.0,2015,12,4
2015-12-28,futures,367244.18251,5226.26168737,943925.0,2015,12,4
2015-12-28,options,14129.547834,201.077969432,15667.0,2015,12,4
2015-12-28,totals,381373.730344,5427.3396568,959592.0,2015,12,4
2015-12-29,futures,313824.319318,4433.39223324,905054.0,2015,12,4
2015-12-29,options,13595.256557,192.060019312,14310.0,2015,12,4
2015-12-29,totals,327419.575875,4625.452252550001,919364.0,2015,12,4
2015-12-30,futures,284043.860258,3917.48972174,782436.0,2015,12,4
2015-12-30,options,15980.957388,220.406933824,14817.0,2015,12,4
2015-12-30,totals,300024.817646,4137.89665556,797253.0,2015,12,4
2016-01-04,futures,231456.515343,3173.68480339,770018.0,2016,1,1
2016-01-04,options,11878.158436,162.87089980899998,14688.0,2016,1,1
2016-01-04,totals,243334.673779,3336.5557031999997,784706.0,2016,1,1
2016-01-05,futures,206498.46329,2831.4650546599996,747699.0,2016,1,1
2016-01-05,options,7816.06078,107.172240467,11766.0,2016,1,1
2016-01-05,totals,214314.52407,2938.63729513,759465.0,2016,1,1
2016-01-06,futures,247476.922498,3393.35337767,855439.0,2016,1,1
2016-01-06,options,9224.769996,126.488175577,13048.0,2016,1,1
2016-01-06,totals,256701.692494,3519.84155324,868487.0,2016,1,1
2016-01-11,futures,353661.323149,4849.33234721,1216517.0,2016,1,1
2016-01-11,options,17280.306516,236.944058829,23284.0,2016,1,1
2016-01-11,totals,370941.629665,5086.2764060399995,1239801.0,2016,1,1
2016-01-12,futures,476888.813139,6278.92584451,1610803.0,2016,1,1
2016-01-12,options,27072.086601,356.442884674,27757.0,2016,1,1
2016-01-12,totals,503960.89974,6635.36872919,1638560.0,2016,1,1
2016-01-13,futures,512626.680523,6691.89613249,1593430.0,2016,1,1
2016-01-13,options,16793.558327,219.225319885,20881.0,2016,1,1
2016-01-13,totals,529420.23885,6911.12145238,1614311.0,2016,1,1
2016-01-14,futures,427905.822401,5598.84625823,1329339.0,2016,1,1
2016-01-14,options,11453.750064,149.864251271,16176.0,2016,1,1
2016-01-14,totals,439359.572465,5748.7105095,1345515.0,2016,1,1
2016-01-15,futures,603041.355798,7880.5242319,1792887.0,2016,1,1
2016-01-15,options,29030.319876,379.36724744199995,32799.0,2016,1,1
2016-01-15,totals,632071.675674,8259.89147935,1825686.0,2016,1,1
2016-01-18,futures,478554.378144,6250.30207202,1478711.0,2016,1,1
2016-01-18,options,34445.475332,449.885395834,32992.0,2016,1,1
2016-01-18,totals,512999.853476,6700.187467850001,1511703.0,2016,1,1
2016-01-19,futures,510856.106355,6493.84000004,1484218.0,2016,1,1
2016-01-19,options,25843.743584,328.51743132499996,26114.0,2016,1,1
2016-01-19,totals,536699.849939,6822.357431359999,1510332.0,2016,1,1
2016-01-20,futures,646824.762704,8241.2546754,1841852.0,2016,1,1
2016-01-20,options,42577.713032,542.4866158890001,34126.0,2016,1,1
2016-01-20,totals,689402.475736,8783.741291280001,1875978.0,2016,1,1
2016-01-21,futures,931612.160974,11724.0844105,2572188.0,2016,1,1
2016-01-21,options,43664.690207,549.508191487,44789.0,2016,1,1
2016-01-21,totals,975276.851181,12273.592602,2616977.0,2016,1,1
2016-01-22,futures,881200.030229,10541.767268,2733538.0,2016,1,1
2016-01-22,options,34914.148391,417.67682032700003,31905.0,2016,1,1
2016-01-22,totals,916114.17862,10959.444088299999,2765443.0,2016,1,1
2016-01-25,futures,755465.105567,9376.34328766,2456498.0,2016,1,1
2016-01-25,options,32085.768695,398.227766863,27656.0,2016,1,1
2016-01-25,totals,787550.874262,9774.57105452,2484154.0,2016,1,1
2016-01-26,futures,779444.953581,10019.0233954,2491797.0,2016,1,1
2016-01-26,options,21336.879964,274.26529424800003,25771.0,2016,1,1
2016-01-26,totals,800781.833545,10293.2886897,2517568.0,2016,1,1
2016-01-27,futures,691506.226325,8449.55151583,2258244.0,2016,1,1
2016-01-27,options,16168.206291,197.56017628400002,23401.0,2016,1,1
2016-01-27,totals,707674.432616,8647.111692120001,2281645.0,2016,1,1
2016-01-28,futures,820191.988304,10382.584485,2756803.0,2016,1,1
2016-01-28,options,24377.351858,308.58618323,33733.0,2016,1,1
2016-01-28,totals,844569.340162,10691.1706682,2790536.0,2016,1,1
2016-01-29,futures,664617.962296,8590.41356303,2165762.0,2016,1,1
2016-01-29,options,20423.712902,263.98344654199997,27959.0,2016,1,1
2016-01-29,totals,685041.675198,8854.39700957,2193721.0,2016,1,1
2016-02-01,futures,600812.623722,7765.70782684,2007559.0,2016,2,1
2016-02-01,options,17155.283706,221.737885802,19921.0,2016,2,1
2016-02-01,totals,617967.907428,7987.44571264,2027480.0,2016,2,1
2016-02-02,futures,767192.317707,10051.4673521,2350075.0,2016,2,1
2016-02-02,options,26618.078122,348.740122972,30059.0,2016,2,1
2016-02-02,totals,793810.395829,10400.2074751,2380134.0,2016,2,1
2016-02-03,futures,740083.142021,9497.09719214,2285323.0,2016,2,1
2016-02-03,options,23513.662202,301.738443421,25771.0,2016,2,1
2016-02-03,totals,763596.804223,9798.835635559999,2311094.0,2016,2,1
2016-02-04,futures,878057.308456,11078.2874496,2812792.0,2016,2,1
2016-02-04,options,30683.19586,387.124234759,36123.0,2016,2,1
2016-02-04,totals,908740.504316,11465.4116844,2848915.0,2016,2,1
2016-02-05,futures,705284.83601,9224.1241734,2360050.0,2016,2,1
2016-02-05,options,17485.220652,228.68185768200001,25166.0,2016,2,1
2016-02-05,totals,722770.056662,9452.80603108,2385216.0,2016,2,1
2016-02-08,futures,645426.310607,8345.21334258,2229288.0,2016,2,1
2016-02-08,options,18705.852274,241.862355804,26776.0,2016,2,1
2016-02-08,totals,664132.162881,8587.07569838,2256064.0,2016,2,1
2016-02-09,futures,662623.459623,8621.01730678,2196127.0,2016,2,1
2016-02-09,options,22464.258576,292.269703336,28742.0,2016,2,1
2016-02-09,totals,685087.718199,8913.28701011,2224869.0,2016,2,1
2016-02-10,futures,744035.753502,9456.41872512,2381149.0,2016,2,1
2016-02-10,options,25822.287719,328.191708479,34053.0,2016,2,1
2016-02-10,totals,769858.041221,9784.6104336,2415202.0,2016,2,1
2016-02-11,futures,710390.861123,8984.45357306,2234415.0,2016,2,1
2016-02-11,options,22316.126709,282.236463502,31363.0,2016,2,1
2016-02-11,totals,732706.987832,9266.69003656,2265778.0,2016,2,1
2016-02-12,futures,593131.507031,7497.13714609,1955361.0,2016,2,1
2016-02-12,options,19619.203789,247.985244014,27919.0,2016,2,1
2016-02-12,totals,612750.71082,7745.122390109999,1983280.0,2016,2,1
2016-02-15,futures,492801.82706,6199.14720605,1633325.0,2016,2,1
2016-02-15,options,29641.453654,372.871455649,31578.0,2016,2,1
2016-02-15,totals,522443.280714,6572.0186617,1664903.0,2016,2,1
2016-02-16,futures,641832.46077,8251.98074511,2088602.0,2016,2,1
2016-02-16,options,27396.745509,352.237429917,36155.0,2016,2,1
2016-02-16,totals,669229.206279,8604.21817503,2124757.0,2016,2,1
2016-02-17,futures,615420.318988,8071.61543692,1960555.0,2016,2,1
2016-02-17,options,41295.41907,541.614782215,34749.0,2016,2,1
2016-02-17,totals,656715.738058,8613.23021914,1995304.0,2016,2,1
2016-02-18,futures,655718.395979,8422.81142114,2000499.0,2016,2,1
2016-02-18,options,39781.59568,511.001186636,46279.0,2016,2,1
2016-02-18,totals,695499.991659,8933.81260777,2046778.0,2016,2,1
2016-02-19,futures,605784.451131,8028.15427401,1800413.0,2016,2,1
2016-02-19,options,35441.969201,469.69445318199996,32377.0,2016,2,1
2016-02-19,totals,641226.420332,8497.84872719,1832790.0,2016,2,1
2016-02-20,futures,182262.915372,2386.71177468,645063.0,2016,2,1
2016-02-20,options,5743.527025,75.2108214159,8926.0,2016,2,1
2016-02-20,totals,188006.442397,2461.9225960999997,653989.0,2016,2,1
2016-02-22,futures,299254.171091,3879.7365976399997,1047886.0,2016,2,1
2016-02-22,options,12224.914794,158.492191291,17372.0,2016,2,1
2016-02-22,totals,311479.085885,4038.2287889299996,1065258.0,2016,2,1
2016-02-24,futures,541816.1301,7024.47642242,1621093.0,2016,2,1
2016-02-24,options,20045.486365,259.883452198,24409.0,2016,2,1
2016-02-24,totals,561861.616465,7284.35987462,1645502.0,2016,2,1
2016-02-25,futures,621556.098751,8136.31780418,2004531.0,2016,2,1
2016-02-25,options,18649.670486,244.128641521,24850.0,2016,2,1
2016-02-25,totals,640205.769237,8380.4464457,2029381.0,2016,2,1
2016-02-26,futures,734350.742638,9612.81405259,2189132.0,2016,2,1
2016-02-26,options,27065.609195,354.294825763,32848.0,2016,2,1
2016-02-26,totals,761416.351833,9967.10887835,2221980.0,2016,2,1
2016-02-29,futures,503857.779301,6710.02485409,1653460.0,2016,2,1
2016-02-29,options,18751.083321,249.713788878,24624.0,2016,2,1
2016-02-29,totals,522608.862622,6959.73864297,1678084.0,2016,2,1
2016-03-01,futures,535062.29302,7049.62480626,1671451.0,2016,3,1
2016-03-01,options,25601.640143,337.310178249,33080.0,2016,3,1
2016-03-01,totals,560663.933163,7386.9349845100005,1704531.0,2016,3,1
2016-03-02,futures,483898.93358,6534.441723020001,1540878.0,2016,3,1
2016-03-02,options,30180.483663,407.549176043,28311.0,2016,3,1
2016-03-02,totals,514079.417243,6941.99089907,1569189.0,2016,3,1
2016-03-03,futures,502439.888646,6824.25526781,1619916.0,2016,3,1
2016-03-03,options,21304.566666,289.363572806,25760.0,2016,3,1
2016-03-03,totals,523744.455312,7113.61884062,1645676.0,2016,3,1
2016-03-04,futures,500718.056986,6782.573424239999,1572811.0,2016,3,1
2016-03-04,options,27534.084175,372.968270228,28424.0,2016,3,1
2016-03-04,totals,528252.141161,7155.54169447,1601235.0,2016,3,1
2016-03-07,futures,389145.603393,5317.25731352,1283514.0,2016,3,1
2016-03-07,options,25387.792766,346.896959858,32059.0,2016,3,1
2016-03-07,totals,414533.396159,5664.15427338,1315573.0,2016,3,1
2016-03-09,futures,542194.072424,7408.50049906,1601261.0,2016,3,1
2016-03-09,options,29917.668675,408.792855884,34798.0,2016,3,1
2016-03-09,totals,572111.741099,7817.293354949999,1636059.0,2016,3,1
2016-03-10,futures,634533.093095,8766.993790819999,1830352.0,2016,3,1
2016-03-10,options,28319.319751,391.272422383,31241.0,2016,3,1
2016-03-10,totals,662852.412846,9158.2662132,1861593.0,2016,3,1
2016-03-11,futures,596847.751558,8395.33330461,1722597.0,2016,3,1
2016-03-11,options,33417.930928,470.06069430400004,39209.0,2016,3,1
2016-03-11,totals,630265.682486,8865.39399891,1761806.0,2016,3,1
2016-03-14,futures,499882.723439,7110.02967625,1481995.0,2016,3,1
2016-03-14,options,32773.257398,466.14700160900003,32000.0,2016,3,1
2016-03-14,totals,532655.980837,7576.1766778599995,1513995.0,2016,3,1
2016-03-15,futures,616725.375691,8790.9971989,1786281.0,2016,3,1
2016-03-15,options,47071.994001,670.978986304,38951.0,2016,3,1
2016-03-15,totals,663797.369692,9461.976185200001,1825232.0,2016,3,1
2016-03-16,futures,460909.361636,6533.94009759,1443415.0,2016,3,1
2016-03-16,options,26408.926858,374.37804586799996,22120.0,2016,3,1
2016-03-16,totals,487318.288494,6908.31814346,1465535.0,2016,3,1
2016-03-17,futures,625452.530589,8806.01544498,1935922.0,2016,3,1
2016-03-17,options,28391.484189,399.735928862,29784.0,2016,3,1
2016-03-17,totals,653844.014778,9205.75137384,1965706.0,2016,3,1
2016-03-18,futures,505298.817165,7370.1909452,1610822.0,2016,3,1
2016-03-18,options,21476.829736,313.256890131,23972.0,2016,3,1
2016-03-18,totals,526775.646901,7683.44783533,1634794.0,2016,3,1
2016-03-21,futures,469142.610002,6858.5493826599995,1577221.0,2016,3,1
2016-03-21,options,14247.843608,208.293889531,19432.0,2016,3,1
2016-03-21,totals,483390.45361,7066.84327219,1596653.0,2016,3,1
2016-03-22,futures,457291.159422,6645.84309842,1548125.0,2016,3,1
2016-03-22,options,15773.197413,229.232936188,18619.0,2016,3,1
2016-03-22,totals,473064.356835,6875.07603461,1566744.0,2016,3,1
2016-03-23,futures,462447.00089,6823.1272373599995,1515060.0,2016,3,1
2016-03-23,options,25178.830396,371.498492041,25587.0,2016,3,1
2016-03-23,totals,487625.831286,7194.6257294,1540647.0,2016,3,1
2016-03-24,futures,476240.103196,7040.712101640001,1508819.0,2016,3,1
2016-03-24,options,15787.241927,233.397869144,20780.0,2016,3,1
2016-03-24,totals,492027.345123,7274.10997079,1529599.0,2016,3,1
2016-03-25,futures,283812.502397,4117.2345008,903141.0,2016,3,1
2016-03-25,options,12170.426505,176.55494198699998,15207.0,2016,3,1
2016-03-25,totals,295982.928902,4293.78944279,918348.0,2016,3,1
2016-03-28,futures,321648.66155,4700.0882821000005,1085760.0,2016,3,1
2016-03-28,options,10858.509416,158.669874829,14471.0,2016,3,1
2016-03-28,totals,332507.170966,4858.75815693,1100231.0,2016,3,1
2016-03-29,futures,404340.675431,5965.4248987,1265228.0,2016,3,1
2016-03-29,options,12442.761712,183.573815437,15306.0,2016,3,1
2016-03-29,totals,416783.437143,6148.99871413,1280534.0,2016,3,1
2016-03-30,futures,564670.436704,8212.80282138,1703325.0,2016,3,1
2016-03-30,options,22045.107029,320.63324983399997,21509.0,2016,3,1
2016-03-30,totals,586715.543733,8533.43607122,1724834.0,2016,3,1
2016-03-31,futures,534178.65373,7901.162794270001,1748944.0,2016,3,1
2016-03-31,options,17244.559378,255.06835589500002,22113.0,2016,3,1
2016-03-31,totals,551423.213108,8156.23115017,1771057.0,2016,3,1
2016-04-01,futures,527613.229926,7775.57548907,1599879.0,2016,4,2
2016-04-01,options,14022.305759,206.65042265,19320.0,2016,4,2
2016-04-01,totals,541635.535685,7982.22591172,1619199.0,2016,4,2
2016-04-04,futures,516743.786352,7696.39693112,1621897.0,2016,4,2
2016-04-04,options,18619.352364,277.317173769,23036.0,2016,4,2
2016-04-04,totals,535363.138716,7973.71410488,1644933.0,2016,4,2
2016-04-05,futures,469340.762632,6834.200398569999,1494812.0,2016,4,2
2016-04-05,options,12260.656357,178.530801569,20533.0,2016,4,2
2016-04-05,totals,481601.418989,7012.7312001400005,1515345.0,2016,4,2
2016-04-06,futures,473056.716023,6866.83160604,1468776.0,2016,4,2
2016-04-06,options,12177.460309,176.766477462,17717.0,2016,4,2
2016-04-06,totals,485234.176332,7043.5980835,1486493.0,2016,4,2
2016-04-07,futures,464648.019813,6781.054410850001,1456626.0,2016,4,2
2016-04-07,options,15743.099996,229.75416469299998,19250.0,2016,4,2
2016-04-07,totals,480391.119809,7010.80857554,1475876.0,2016,4,2
2016-04-08,futures,427816.362775,6310.348144060001,1383589.0,2016,4,2
2016-04-08,options,17039.751505,251.33859674599998,23940.0,2016,4,2
2016-04-08,totals,444856.11428,6561.686740810001,1407529.0,2016,4,2
2016-04-11,futures,432535.700963,6411.14663288,1416742.0,2016,4,2
2016-04-11,options,21604.127066,320.221489664,26785.0,2016,4,2
2016-04-11,totals,454139.828029,6731.36812254,1443527.0,2016,4,2
2016-04-12,futures,468926.028211,6985.86261767,1498625.0,2016,4,2
2016-04-12,options,19205.610953,286.117109169,25144.0,2016,4,2
2016-04-12,totals,488131.639164,7271.97972684,1523769.0,2016,4,2
2016-04-13,futures,528614.904882,7967.595513220001,1635340.0,2016,4,2
2016-04-13,options,30160.836845,454.6019155,35300.0,2016,4,2
2016-04-13,totals,558775.741727,8422.197428720001,1670640.0,2016,4,2
2016-04-14,futures,460264.953482,6998.50308338,1457088.0,2016,4,2
2016-04-14,options,20056.320741,304.96395931300003,23795.0,2016,4,2
2016-04-14,totals,480321.274223,7303.467042689999,1480883.0,2016,4,2
2016-04-15,futures,401819.437548,6042.81555638,1277096.0,2016,4,2
2016-04-15,options,41105.637502,618.172648063,21953.0,2016,4,2
2016-04-15,totals,442925.07505,6660.98820445,1299049.0,2016,4,2
2016-04-18,futures,642896.367315,9734.18760659,1942780.0,2016,4,2
2016-04-18,options,38392.025067,581.2992475909999,43629.0,2016,4,2
2016-04-18,totals,681288.392382,10315.4868542,1986409.0,2016,4,2
2016-04-19,futures,522584.414881,7654.40228967,1714367.0,2016,4,2
2016-04-19,options,28804.063675,421.899093558,34221.0,2016,4,2
2016-04-19,totals,551388.478556,8076.30138322,1748588.0,2016,4,2
2016-04-20,futures,511840.820359,7796.81785355,1682859.0,2016,4,2
2016-04-20,options,23843.890905,363.211504264,30115.0,2016,4,2
2016-04-20,totals,535684.711264,8160.02935781,1712974.0,2016,4,2
2016-04-21,futures,600476.335644,9093.11130898,1854802.0,2016,4,2
2016-04-21,options,70193.4289,1062.95056817,45479.0,2016,4,2
2016-04-21,totals,670669.764544,10156.0618771,1900281.0,2016,4,2
2016-04-22,futures,562946.593894,8657.33380947,1860956.0,2016,4,2
2016-04-22,options,21221.751446,326.360951966,20774.0,2016,4,2
2016-04-22,totals,584168.34534,8983.69476143,1881730.0,2016,4,2
2016-04-25,futures,426643.198857,6442.834301180001,1405094.0,2016,4,2
2016-04-25,options,11355.20176,171.477439678,13912.0,2016,4,2
2016-04-25,totals,437998.400617,6614.31174085,1419006.0,2016,4,2
2016-04-26,futures,372814.523702,5595.33725605,1264881.0,2016,4,2
2016-04-26,options,12791.336679,191.97707740599998,14290.0,2016,4,2
2016-04-26,totals,385605.860381,5787.31433346,1279171.0,2016,4,2
2016-04-27,futures,432598.491873,6509.55734364,1431293.0,2016,4,2
2016-04-27,options,12766.856788,192.110208243,16556.0,2016,4,2
2016-04-27,totals,445365.348661,6701.66755188,1447849.0,2016,4,2
2016-04-28,futures,454011.610249,6967.4504118800005,1499260.0,2016,4,2
2016-04-28,options,17634.374433,270.624421563,21461.0,2016,4,2
2016-04-28,totals,471645.984682,7238.0748334499995,1520721.0,2016,4,2
2016-04-29,futures,427115.495291,6559.57377818,1465176.0,2016,4,2
2016-04-29,options,17832.915834,273.875165811,22254.0,2016,4,2
2016-04-29,totals,444948.411125,6833.44894399,1487430.0,2016,4,2
2016-05-04,futures,454735.848267,7068.42554982,1408938.0,2016,5,2
2016-05-04,options,19742.64263,306.88013737800003,26575.0,2016,5,2
2016-05-04,totals,474478.490897,7375.3056872,1435513.0,2016,5,2
2016-05-05,futures,397376.192578,6005.21963401,1296297.0,2016,5,2
2016-05-05,options,16711.079359,252.540800749,20967.0,2016,5,2
2016-05-05,totals,414087.271937,6257.76043476,1317264.0,2016,5,2
2016-05-06,futures,425354.908858,6455.354214909999,1372276.0,2016,5,2
2016-05-06,options,13152.245586,199.603677332,18723.0,2016,5,2
2016-05-06,totals,438507.154444,6654.95789224,1390999.0,2016,5,2
2016-05-10,futures,360932.945143,5452.75234078,1241852.0,2016,5,2
2016-05-10,options,17383.907273,262.625350083,19845.0,2016,5,2
2016-05-10,totals,378316.852416,5715.37769087,1261697.0,2016,5,2
2016-05-11,futures,429988.285563,6482.7860089099995,1375479.0,2016,5,2
2016-05-11,options,20939.774225,315.701799173,24966.0,2016,5,2
2016-05-11,totals,450928.059788,6798.48780808,1400445.0,2016,5,2
2016-05-12,futures,407236.817523,6147.6389513,1341471.0,2016,5,2
2016-05-12,options,20687.432287,312.29706907,24966.0,2016,5,2
2016-05-12,totals,427924.24981,6459.93602037,1366437.0,2016,5,2
2016-05-13,futures,424656.553677,6537.13019837,1406509.0,2016,5,2
2016-05-13,options,22392.674232,344.711098125,23822.0,2016,5,2
2016-05-13,totals,447049.227909,6881.84129649,1430331.0,2016,5,2
2016-05-16,futures,346055.055819,5329.61432389,1148247.0,2016,5,2
2016-05-16,options,21833.169138,336.253925545,24926.0,2016,5,2
2016-05-16,totals,367888.224957,5665.86824944,1173173.0,2016,5,2
2016-05-17,futures,396918.738421,6112.9688994200005,1303025.0,2016,5,2
2016-05-17,options,29099.033561,448.155932041,27545.0,2016,5,2
2016-05-17,totals,426017.771982,6561.124831470001,1330570.0,2016,5,2
2016-05-18,futures,397045.564889,6154.428430649999,1266382.0,2016,5,2
2016-05-18,options,21671.266537,335.916757918,23489.0,2016,5,2
2016-05-18,totals,418716.831426,6490.345188560001,1289871.0,2016,5,2
2016-05-19,futures,524550.467685,8062.05676687,1675371.0,2016,5,2
2016-05-19,options,46054.13796,707.827172896,50757.0,2016,5,2
2016-05-19,totals,570604.605645,8769.88393976,1726128.0,2016,5,2
2016-05-20,futures,412124.153133,6224.40611278,1309588.0,2016,5,2
2016-05-20,options,16257.381467,245.53898094,18353.0,2016,5,2
2016-05-20,totals,428381.5346,6469.94509372,1327941.0,2016,5,2
2016-05-23,futures,320002.346912,4820.9460572,1064133.0,2016,5,2
2016-05-23,options,15682.977051,236.269474611,16679.0,2016,5,2
2016-05-23,totals,335685.323963,5057.21553181,1080812.0,2016,5,2
2016-05-24,futures,324716.876007,4843.08700559,1050250.0,2016,5,2
2016-05-24,options,10482.246001,156.34059437,13937.0,2016,5,2
2016-05-24,totals,335199.122008,4999.42759996,1064187.0,2016,5,2
2016-05-25,futures,445701.72061,6647.37321061,1373508.0,2016,5,2
2016-05-25,options,21895.485416,326.55800158999995,23988.0,2016,5,2
2016-05-25,totals,467597.206026,6973.9312122,1397496.0,2016,5,2
2016-05-26,futures,407766.876916,6188.14015828,1329649.0,2016,5,2
2016-05-26,options,19807.263109,300.58871185799995,20918.0,2016,5,2
2016-05-26,totals,427574.140025,6488.72887014,1350567.0,2016,5,2
2016-05-27,futures,340564.661485,5222.88772364,1202199.0,2016,5,2
2016-05-27,options,16300.755261,249.98781191100002,15152.0,2016,5,2
2016-05-27,totals,356865.416746,5472.87553555,1217351.0,2016,5,2
2016-05-30,futures,238621.897417,3613.2222929699997,856981.0,2016,5,2
2016-05-30,options,10244.567658,155.12365229,11496.0,2016,5,2
2016-05-30,totals,248866.465075,3768.34594526,868477.0,2016,5,2
2016-05-31,futures,332211.299066,5027.22050567,1154832.0,2016,5,2
2016-05-31,options,12907.735934,195.327597079,14490.0,2016,5,2
2016-05-31,totals,345119.035,5222.54810275,1169322.0,2016,5,2
2016-06-01,futures,478731.838144,7253.930349689999,1474253.0,2016,6,2
2016-06-01,options,19012.628349,288.086713311,22697.0,2016,6,2
2016-06-01,totals,497744.466493,7542.017063,1496950.0,2016,6,2
2016-06-02,futures,466817.361233,7007.62826174,1472429.0,2016,6,2
2016-06-02,options,20036.843016,300.78304505299997,23050.0,2016,6,2
2016-06-02,totals,486854.204249,7308.411306800001,1495479.0,2016,6,2
2016-06-03,futures,553046.560707,8285.45344742,1657747.0,2016,6,2
2016-06-03,options,22381.33597,335.30543438,24267.0,2016,6,2
2016-06-03,totals,575427.896677,8620.758881799999,1682014.0,2016,6,2
2016-06-06,futures,394743.86699,5904.66332784,1152705.0,2016,6,2
2016-06-06,options,22625.538086,338.437645727,23726.0,2016,6,2
2016-06-06,totals,417369.405076,6243.10097357,1176431.0,2016,6,2
2016-06-07,futures,416119.232598,6325.01941951,1314187.0,2016,6,2
2016-06-07,options,24946.487137,379.187029172,28550.0,2016,6,2
2016-06-07,totals,441065.719735,6704.20644868,1342737.0,2016,6,2
2016-06-08,futures,469201.512201,7195.36002296,1474061.0,2016,6,2
2016-06-08,options,33403.165874,512.248571499,31746.0,2016,6,2
2016-06-08,totals,502604.678075,7707.60859446,1505807.0,2016,6,2
2016-06-09,futures,441123.276782,6820.1194004,1384337.0,2016,6,2
2016-06-09,options,22623.399404,349.775886468,23022.0,2016,6,2
2016-06-09,totals,463746.676186,7169.89528687,1407359.0,2016,6,2
2016-06-10,futures,427182.652859,6701.934616760001,1298877.0,2016,6,2
2016-06-10,options,20491.862908,321.490408063,25731.0,2016,6,2
2016-06-10,totals,447674.515767,7023.42502482,1324608.0,2016,6,2
2016-06-14,futures,528989.699718,8175.06571425,1516118.0,2016,6,2
2016-06-14,options,37108.417125,573.477609697,46019.0,2016,6,2
2016-06-14,totals,566098.116843,8748.543323950002,1562137.0,2016,6,2
2016-06-15,futures,445077.122133,6740.467633689999,1303477.0,2016,6,2
2016-06-15,options,31654.383925,479.389615194,29727.0,2016,6,2
2016-06-15,totals,476731.506058,7219.85724888,1333204.0,2016,6,2
2016-06-16,futures,444290.893281,6740.29961467,1352830.0,2016,6,2
2016-06-16,options,23898.614969,362.563869084,20783.0,2016,6,2
2016-06-16,totals,468189.50825,7102.86348376,1373613.0,2016,6,2
2016-06-17,futures,403122.891168,6120.739050069999,1263728.0,2016,6,2
2016-06-17,options,16091.654341,244.324545351,15933.0,2016,6,2
2016-06-17,totals,419214.545509,6365.06359542,1279661.0,2016,6,2
2016-06-20,futures,291729.20408,4457.97823465,973946.0,2016,6,2
2016-06-20,options,16321.673154,249.415083084,16950.0,2016,6,2
2016-06-20,totals,308050.877234,4707.3933177399995,990896.0,2016,6,2
2016-06-21,futures,353564.125342,5511.44450572,1149327.0,2016,6,2
2016-06-21,options,11373.938111,177.299743433,13543.0,2016,6,2
2016-06-21,totals,364938.063453,5688.74424915,1162870.0,2016,6,2
2016-06-22,futures,358024.012716,5578.9313279,1173063.0,2016,6,2
2016-06-22,options,13614.379102,212.146904633,14903.0,2016,6,2
2016-06-22,totals,371638.391818,5791.07823253,1187966.0,2016,6,2
2016-06-23,futures,431694.118786,6775.2646703,1420239.0,2016,6,2
2016-06-23,options,21540.894747,338.075634564,21868.0,2016,6,2
2016-06-23,totals,453235.013533,7113.34030487,1442107.0,2016,6,2
2016-06-24,futures,518866.443135,8066.8029068999995,1781509.0,2016,6,2
2016-06-24,options,27486.754372,427.33584528899996,35424.0,2016,6,2
2016-06-24,totals,546353.197507,8494.13875218,1816933.0,2016,6,2
2016-06-27,futures,366874.222802,5598.6800104700005,1260227.0,2016,6,2
2016-06-27,options,14936.030457,227.931127231,20677.0,2016,6,2
2016-06-27,totals,381810.253259,5826.6111377,1280904.0,2016,6,2
2016-06-28,futures,359545.588347,5526.47125903,1246667.0,2016,6,2
2016-06-28,options,14258.298093,219.160176533,18474.0,2016,6,2
2016-06-28,totals,373803.88644,5745.631435560001,1265141.0,2016,6,2
2016-06-29,futures,389429.20915,6008.82909373,1332608.0,2016,6,2
2016-06-29,options,16310.600647,251.66990405700002,19872.0,2016,6,2
2016-06-29,totals,405739.809797,6260.4989977899995,1352480.0,2016,6,2
2016-06-30,futures,365406.605896,5686.5985433000005,1308533.0,2016,6,2
2016-06-30,options,13574.42146,211.250382601,16009.0,2016,6,2
2016-06-30,totals,378981.027356,5897.8489259,1324542.0,2016,6,2
2016-07-01,futures,358129.988679,5580.47835512,1240056.0,2016,7,3
2016-07-01,options,18464.38279,287.71700711299997,18252.0,2016,7,3
2016-07-01,totals,376594.371469,5868.19536223,1258308.0,2016,7,3
2016-07-04,futures,214907.474798,3357.06380071,797714.0,2016,7,3
2016-07-04,options,16368.783546,255.69632119800002,15068.0,2016,7,3
2016-07-04,totals,231276.258344,3612.7601219099997,812782.0,2016,7,3
2016-07-05,futures,329749.699044,5177.87243099,1133261.0,2016,7,3
2016-07-05,options,12192.954551,191.45904728600001,13411.0,2016,7,3
2016-07-05,totals,341942.653595,5369.331478270001,1146672.0,2016,7,3
2016-07-06,futures,367108.885516,5712.19223242,1249626.0,2016,7,3
2016-07-06,options,12808.034292,199.292245113,15369.0,2016,7,3
2016-07-06,totals,379916.919808,5911.48447753,1264995.0,2016,7,3
2016-07-07,futures,439157.591209,6794.90752353,1466434.0,2016,7,3
2016-07-07,options,16376.46527,253.386413669,19823.0,2016,7,3
2016-07-07,totals,455534.056479,7048.2939372,1486257.0,2016,7,3
2016-07-08,futures,483211.288295,7544.28240898,1632044.0,2016,7,3
2016-07-08,options,21529.060915,336.128976034,23959.0,2016,7,3
2016-07-08,totals,504740.34921,7880.41138501,1656003.0,2016,7,3
2016-07-11,futures,303983.120332,4731.34315866,1083424.0,2016,7,3
2016-07-11,options,13171.998349,205.015476538,16740.0,2016,7,3
2016-07-11,totals,317155.118681,4936.3586352,1100164.0,2016,7,3
2016-07-12,futures,327531.097373,5101.53977691,1086830.0,2016,7,3
2016-07-12,options,19454.958051,303.025401714,18876.0,2016,7,3
2016-07-12,totals,346986.055424,5404.56517862,1105706.0,2016,7,3
2016-07-13,futures,379484.689858,5938.45803333,1300010.0,2016,7,3
2016-07-13,options,15822.966635,247.60952374599998,18762.0,2016,7,3
2016-07-13,totals,395307.656493,6186.06755707,1318772.0,2016,7,3
2016-07-14,futures,387842.159948,6073.975420899999,1309618.0,2016,7,3
2016-07-14,options,22934.846013,359.181402516,25829.0,2016,7,3
2016-07-14,totals,410777.005961,6433.15682341,1335447.0,2016,7,3
2016-07-15,futures,308621.802508,4854.27664446,1032335.0,2016,7,3
2016-07-15,options,19436.246209,305.71046913,20552.0,2016,7,3
2016-07-15,totals,328058.048717,5159.98711359,1052887.0,2016,7,3
2016-07-18,futures,291487.15988,4614.35086568,978984.0,2016,7,3
2016-07-18,options,21874.096214,346.275132128,22722.0,2016,7,3
2016-07-18,totals,313361.256094,4960.625997810001,1001706.0,2016,7,3
2016-07-19,futures,296573.096817,4698.902277689999,1042899.0,2016,7,3
2016-07-19,options,19792.383234,313.59039527600004,20962.0,2016,7,3
2016-07-19,totals,316365.480051,5012.49267296,1063861.0,2016,7,3
2016-07-20,futures,363037.484349,5763.49692802,1188386.0,2016,7,3
2016-07-20,options,33635.814812,533.994211887,33573.0,2016,7,3
2016-07-20,totals,396673.299161,6297.49113991,1221959.0,2016,7,3
2016-07-21,futures,339722.444765,5356.85196174,1159444.0,2016,7,3
2016-07-21,options,26295.479937,414.635522192,25181.0,2016,7,3
2016-07-21,totals,366017.924702,5771.48748393,1184625.0,2016,7,3
2016-07-22,futures,300073.397641,4707.97159028,965500.0,2016,7,3
2016-07-22,options,14691.39187,230.499124845,15241.0,2016,7,3
2016-07-22,totals,314764.789511,4938.47071512,980741.0,2016,7,3
2016-07-25,futures,289849.438344,4484.958892479999,903743.0,2016,7,3
2016-07-25,options,16265.412586,251.68138063,17127.0,2016,7,3
2016-07-25,totals,306114.85093,4736.64027311,920870.0,2016,7,3
2016-07-26,futures,371500.375335,5722.57442166,1171568.0,2016,7,3
2016-07-26,options,16928.143688,260.760334327,21974.0,2016,7,3
2016-07-26,totals,388428.519023,5983.334755989999,1193542.0,2016,7,3
2016-07-27,futures,347293.329118,5282.76700493,1106304.0,2016,7,3
2016-07-27,options,10391.150293,158.062425358,12834.0,2016,7,3
2016-07-27,totals,357684.479411,5440.82943029,1119138.0,2016,7,3
2016-07-28,futures,442577.818201,6711.1442756199995,1426325.0,2016,7,3
2016-07-28,options,13727.7958,208.16501508000002,16763.0,2016,7,3
2016-07-28,totals,456305.614001,6919.3092907,1443088.0,2016,7,3
2016-07-29,futures,477383.488491,7220.77501972,1457547.0,2016,7,3
2016-07-29,options,20180.295911,305.241760802,22200.0,2016,7,3
2016-07-29,totals,497563.784402,7526.016780520001,1479747.0,2016,7,3
2016-08-01,futures,349075.389625,5206.1020477600005,1130063.0,2016,8,3
2016-08-01,options,14388.833935,214.59472664199998,19416.0,2016,8,3
2016-08-01,totals,363464.22356,5420.69677441,1149479.0,2016,8,3
2016-08-02,futures,434723.501402,6591.1837472,1307983.0,2016,8,3
2016-08-02,options,20529.695522,311.266805276,23595.0,2016,8,3
2016-08-02,totals,455253.196924,6902.45055248,1331578.0,2016,8,3
2016-08-03,futures,433510.636473,6481.76234529,1336900.0,2016,8,3
2016-08-03,options,15606.684196,233.347949152,21373.0,2016,8,3
2016-08-03,totals,449117.320669,6715.11029445,1358273.0,2016,8,3
2016-08-04,futures,376405.280148,5639.706334060001,1201562.0,2016,8,3
2016-08-04,options,15561.469368,233.158571334,18645.0,2016,8,3
2016-08-04,totals,391966.749516,5872.8649054,1220207.0,2016,8,3
2016-08-05,futures,451612.491211,6801.9973342700005,1304233.0,2016,8,3
2016-08-05,options,19962.742918,300.670434843,22584.0,2016,8,3
2016-08-05,totals,471575.234129,7102.667769109999,1326817.0,2016,8,3
2016-08-08,futures,320529.139179,4888.89474013,1000657.0,2016,8,3
2016-08-08,options,19181.001859,292.559669736,19915.0,2016,8,3
2016-08-08,totals,339710.141038,5181.45440987,1020572.0,2016,8,3
2016-08-09,futures,335690.111816,5158.12273553,1053318.0,2016,8,3
2016-08-09,options,17105.685768,262.84130381299997,16416.0,2016,8,3
2016-08-09,totals,352795.797584,5420.96403934,1069734.0,2016,8,3
2016-08-10,futures,403555.039283,6229.16238505,1272085.0,2016,8,3
2016-08-10,options,17858.051033,275.651866379,18115.0,2016,8,3
2016-08-10,totals,421413.090316,6504.814251430001,1290200.0,2016,8,3
2016-08-11,futures,411061.709447,6342.20403166,1212972.0,2016,8,3
2016-08-11,options,17263.371154,266.353736232,18420.0,2016,8,3
2016-08-11,totals,428325.080601,6608.55776789,1231392.0,2016,8,3
2016-08-12,futures,442544.242458,6813.645674390001,1350653.0,2016,8,3
2016-08-12,options,22565.205818,347.425866755,22647.0,2016,8,3
2016-08-12,totals,465109.448276,7161.07154115,1373300.0,2016,8,3
2016-08-15,futures,349387.53188,5430.63540826,1084409.0,2016,8,3
2016-08-15,options,24908.992732,387.167959849,24774.0,2016,8,3
2016-08-15,totals,374296.524612,5817.80336811,1109183.0,2016,8,3
2016-08-16,futures,399213.919558,6217.5493175,1290627.0,2016,8,3
2016-08-16,options,27645.028452,430.556950454,29501.0,2016,8,3
2016-08-16,totals,426858.94801,6648.10626795,1320128.0,2016,8,3
2016-08-17,futures,390816.18598,6111.14355558,1260886.0,2016,8,3
2016-08-17,options,22605.811949,353.484238797,25251.0,2016,8,3
2016-08-17,totals,413421.997929,6464.62779437,1286137.0,2016,8,3
2016-08-18,futures,431011.190523,6735.149701189999,1356181.0,2016,8,3
2016-08-18,options,46180.427591,721.633451589,37222.0,2016,8,3
2016-08-18,totals,477191.618114,7456.78315278,1393403.0,2016,8,3
2016-08-19,futures,314732.705661,4952.6222513,1022301.0,2016,8,3
2016-08-19,options,16467.470106,259.131502391,16876.0,2016,8,3
2016-08-19,totals,331200.175767,5211.75375369,1039177.0,2016,8,3
2016-08-22,futures,343834.692026,5377.534122720001,1094656.0,2016,8,3
2016-08-22,options,18345.535364,286.922014292,14791.0,2016,8,3
2016-08-22,totals,362180.22739,5664.45613701,1109447.0,2016,8,3
2016-08-23,futures,347526.429201,5412.526658770001,1122062.0,2016,8,3
2016-08-23,options,15644.320469,243.651401683,13847.0,2016,8,3
2016-08-23,totals,363170.74967,5656.17806045,1135909.0,2016,8,3
2016-08-24,futures,359171.169854,5545.46923892,1096118.0,2016,8,3
2016-08-24,options,9809.575641,151.456198408,12315.0,2016,8,3
2016-08-24,totals,368980.745495,5696.92543733,1108433.0,2016,8,3
2016-08-25,futures,332266.562721,5126.46284323,1036229.0,2016,8,3
2016-08-25,options,10175.110958,156.98939979,12019.0,2016,8,3
2016-08-25,totals,342441.673679,5283.45224302,1048248.0,2016,8,3
2016-08-26,futures,438336.506148,6749.25601382,1358516.0,2016,8,3
2016-08-26,options,12261.201327,188.79099877000002,15971.0,2016,8,3
2016-08-26,totals,450597.707475,6938.04701259,1374487.0,2016,8,3
2016-08-29,futures,302792.634651,4677.20094305,981311.0,2016,8,3
2016-08-29,options,14194.851345,219.266139593,14441.0,2016,8,3
2016-08-29,totals,316987.485996,4896.467082640001,995752.0,2016,8,3
2016-08-30,futures,363574.892011,5586.498240819999,1127189.0,2016,8,3
2016-08-30,options,13191.24626,202.68966764500001,13664.0,2016,8,3
2016-08-30,totals,376766.138271,5789.18790847,1140853.0,2016,8,3
2016-08-31,futures,322882.444961,4974.524320279999,1025776.0,2016,8,3
2016-08-31,options,12803.318858,197.255756804,13795.0,2016,8,3
2016-08-31,totals,335685.763819,5171.7800770799995,1039571.0,2016,8,3
2016-09-01,futures,362265.631062,5551.66590393,1112005.0,2016,9,3
2016-09-01,options,14362.046564,220.096187392,16393.0,2016,9,3
2016-09-01,totals,376627.677626,5771.76209132,1128398.0,2016,9,3
2016-09-02,futures,510315.23471,7820.13213545,1554990.0,2016,9,3
2016-09-02,options,23189.385556,355.35693793400003,23578.0,2016,9,3
2016-09-02,totals,533504.620266,8175.48907338,1578568.0,2016,9,3
2016-09-05,futures,425464.037619,6459.30427366,1336229.0,2016,9,3
2016-09-05,options,20343.866149,308.856236815,22471.0,2016,9,3
2016-09-05,totals,445807.903768,6768.16051047,1358700.0,2016,9,3
2016-09-06,futures,347490.598258,5365.45692167,1084278.0,2016,9,3
2016-09-06,options,24207.210636,373.773410022,22953.0,2016,9,3
2016-09-06,totals,371697.808894,5739.23033169,1107231.0,2016,9,3
2016-09-07,futures,383261.071221,5911.73105325,1260030.0,2016,9,3
2016-09-07,options,18971.768286,292.63601271600004,23290.0,2016,9,3
2016-09-07,totals,402232.839507,6204.36706597,1283320.0,2016,9,3
2016-09-08,futures,381424.437198,5924.54282977,1224557.0,2016,9,3
2016-09-08,options,24047.52332,373.522427944,21941.0,2016,9,3
2016-09-08,totals,405471.960518,6298.06525772,1246498.0,2016,9,3
2016-09-09,futures,440589.40091,6887.11489081,1295166.0,2016,9,3
2016-09-09,options,29246.224669,457.165126991,23610.0,2016,9,3
2016-09-09,totals,469835.625579,7344.2800178,1318776.0,2016,9,3
2016-09-12,futures,473625.259649,7381.74424382,1425002.0,2016,9,3
2016-09-12,options,38388.683015,598.3115007079999,34690.0,2016,9,3
2016-09-12,totals,512013.942664,7980.05574453,1459692.0,2016,9,3
2016-09-13,futures,497612.070884,7649.2273466199995,1444773.0,2016,9,3
2016-09-13,options,26274.959844,403.89522909500005,25964.0,2016,9,3
2016-09-13,totals,523887.030728,8053.12257571,1470737.0,2016,9,3
2016-09-14,futures,581678.550292,8975.10808934,1652586.0,2016,9,3
2016-09-14,options,26803.162692,413.56395585900003,28245.0,2016,9,3
2016-09-14,totals,608481.712984,9388.6720452,1680831.0,2016,9,3
2016-09-15,futures,512042.247847,7880.761721229999,1384281.0,2016,9,3
2016-09-15,options,34184.993591,526.135860987,24720.0,2016,9,3
2016-09-15,totals,546227.241438,8406.897582220001,1409001.0,2016,9,3
2016-09-16,futures,397269.779376,6091.506499470001,1176316.0,2016,9,3
2016-09-16,options,21175.261313,324.689288268,17068.0,2016,9,3
2016-09-16,totals,418445.040689,6416.19578774,1193384.0,2016,9,3
2016-09-19,futures,336819.658806,5182.31927264,997746.0,2016,9,3
2016-09-19,options,18391.683202,282.975093116,13695.0,2016,9,3
2016-09-19,totals,355211.342008,5465.29436576,1011441.0,2016,9,3
2016-09-20,futures,351593.702549,5416.0247353,1081502.0,2016,9,3
2016-09-20,options,13414.429099,206.63874035100002,15436.0,2016,9,3
2016-09-20,totals,365008.131648,5622.66347565,1096938.0,2016,9,3
2016-09-21,futures,327527.662942,5058.240729409999,996969.0,2016,9,3
2016-09-21,options,15536.977385,239.948501188,17086.0,2016,9,3
2016-09-21,totals,343064.640327,5298.18923059,1014055.0,2016,9,3
2016-09-22,futures,413052.151685,6409.63328003,1170990.0,2016,9,3
2016-09-22,options,26464.85359,410.67454951999997,24613.0,2016,9,3
2016-09-22,totals,439517.005275,6820.30782955,1195603.0,2016,9,3
2016-09-23,futures,395427.398585,6198.4851065600005,1194816.0,2016,9,3
2016-09-23,options,12001.489209,188.128218694,15344.0,2016,9,3
2016-09-23,totals,407428.887794,6386.61332526,1210160.0,2016,9,3
2016-09-26,futures,415722.430703,6509.47527258,1261889.0,2016,9,3
2016-09-26,options,15551.393955,243.507222434,17411.0,2016,9,3
2016-09-26,totals,431273.824658,6752.98249501,1279300.0,2016,9,3
2016-09-27,futures,371328.366219,5788.38492889,1124560.0,2016,9,3
2016-09-27,options,12962.650067,202.06592092699998,14820.0,2016,9,3
2016-09-27,totals,384291.016286,5990.45084981,1139380.0,2016,9,3
2016-09-28,futures,405413.716413,6365.211955850001,1196661.0,2016,9,3
2016-09-28,options,16671.821544,261.756505815,15060.0,2016,9,3
2016-09-28,totals,422085.537957,6626.96846166,1211721.0,2016,9,3
2016-09-29,futures,494702.618524,7735.66311849,1489214.0,2016,9,3
2016-09-29,options,26612.616266,416.141387627,25378.0,2016,9,3
2016-09-29,totals,521315.23479,8151.804506109999,1514592.0,2016,9,3
2016-09-30,futures,434948.871966,6886.66809112,1419452.0,2016,9,3
2016-09-30,options,19556.936566,309.650489264,20697.0,2016,9,3
2016-09-30,totals,454505.808532,7196.3185803900005,1440149.0,2016,9,3
2016-10-03,futures,354290.401203,5588.52926372,1129576.0,2016,10,4
2016-10-03,options,22961.760202,362.195725314,21992.0,2016,10,4
2016-10-03,totals,377252.161405,5950.72498904,1151568.0,2016,10,4
2016-10-04,futures,354525.627819,5668.08416327,1110713.0,2016,10,4
2016-10-04,options,18267.608123,292.058830668,15529.0,2016,10,4
2016-10-04,totals,372793.235942,5960.1429939399995,1126242.0,2016,10,4
2016-10-05,futures,361880.42203,5796.36537545,1092964.0,2016,10,4
2016-10-05,options,20816.758191,333.429301676,15835.0,2016,10,4
2016-10-05,totals,382697.180221,6129.79467713,1108799.0,2016,10,4
2016-10-06,futures,287335.175783,4600.43222091,878455.0,2016,10,4
2016-10-06,options,16531.328299,264.677845843,13347.0,2016,10,4
2016-10-06,totals,303866.504082,4865.11006675,891802.0,2016,10,4
2016-10-07,futures,408682.634881,6550.450951770001,1189096.0,2016,10,4
2016-10-07,options,22657.619446,363.16107462699995,19251.0,2016,10,4
2016-10-07,totals,431340.254327,6913.612026399999,1208347.0,2016,10,4
2016-10-10,futures,350064.108192,5618.72696851,997812.0,2016,10,4
2016-10-10,options,21837.31179,350.50120764499997,20417.0,2016,10,4
2016-10-10,totals,371901.419982,5969.22817616,1018229.0,2016,10,4
2016-10-11,futures,408119.477783,6541.5923117600005,1149128.0,2016,10,4
2016-10-11,options,19196.676933,307.696253358,18380.0,2016,10,4
2016-10-11,totals,427316.154716,6849.2885651199995,1167508.0,2016,10,4
2016-10-12,futures,343639.577745,5525.2317362799995,1023998.0,2016,10,4
2016-10-12,options,23175.990499,372.636699955,20747.0,2016,10,4
2016-10-12,totals,366815.568244,5897.868436229999,1044745.0,2016,10,4
2016-10-13,futures,359894.709898,5750.10880308,1068756.0,2016,10,4
2016-10-13,options,24375.093791,389.445683776,21570.0,2016,10,4
2016-10-13,totals,384269.803689,6139.55448686,1090326.0,2016,10,4
2016-10-14,futures,283281.893537,4471.94230995,878711.0,2016,10,4
2016-10-14,options,17237.551033,272.11528708,15654.0,2016,10,4
2016-10-14,totals,300519.44457,4744.05759703,894365.0,2016,10,4
2016-10-17,futures,309577.330008,4914.4407193100005,868070.0,2016,10,4
2016-10-17,options,21384.596419,339.473602298,20685.0,2016,10,4
2016-10-17,totals,330961.926427,5253.914321609999,888755.0,2016,10,4
2016-10-18,futures,245741.627402,3891.33390448,730232.0,2016,10,4
2016-10-18,options,17370.715628,275.066358854,17243.0,2016,10,4
2016-10-18,totals,263112.34303,4166.4002633400005,747475.0,2016,10,4
2016-10-19,futures,304180.534865,4836.70750302,862211.0,2016,10,4
2016-10-19,options,25065.616197,398.562827111,21246.0,2016,10,4
2016-10-19,totals,329246.151062,5235.27033013,883457.0,2016,10,4
2016-10-20,futures,281221.680519,4493.50043412,799426.0,2016,10,4
2016-10-20,options,26977.515316,431.06021043699997,24273.0,2016,10,4
2016-10-20,totals,308199.195835,4924.560644560001,823699.0,2016,10,4
2016-10-21,futures,240146.975577,3847.31310421,713058.0,2016,10,4
2016-10-21,options,16500.415195,264.347545715,15579.0,2016,10,4
2016-10-21,totals,256647.390772,4111.66064993,728637.0,2016,10,4
2016-10-24,futures,256025.492417,4099.69419354,771910.0,2016,10,4
2016-10-24,options,14325.711776,229.395271666,15412.0,2016,10,4
2016-10-24,totals,270351.204193,4329.0894652,787322.0,2016,10,4
2016-10-25,futures,282238.450983,4535.05108842,813564.0,2016,10,4
2016-10-25,options,23969.678862,385.148507702,18821.0,2016,10,4
2016-10-25,totals,306208.129845,4920.19959613,832385.0,2016,10,4
2016-10-26,futures,410821.814408,6621.03233638,1115696.0,2016,10,4
2016-10-26,options,18853.14605,303.847763828,21551.0,2016,10,4
2016-10-26,totals,429674.960458,6924.88010021,1137247.0,2016,10,4
2016-10-27,futures,349108.833553,5607.30028498,969156.0,2016,10,4
2016-10-27,options,17061.609311,274.039375567,15680.0,2016,10,4
2016-10-27,totals,366170.442864,5881.33966055,984836.0,2016,10,4
2016-10-28,futures,263304.288661,4176.78785437,766422.0,2016,10,4
2016-10-28,options,9327.059694,147.954861826,9210.0,2016,10,4
2016-10-28,totals,272631.348355,4324.742716199999,775632.0,2016,10,4
2016-10-31,futures,303651.911402,4827.25040661,866346.0,2016,10,4
2016-10-31,options,16141.321422,256.603688209,14492.0,2016,10,4
2016-10-31,totals,319793.232824,5083.854094810001,880838.0,2016,10,4
2016-11-01,futures,305152.108258,4827.0271833100005,872276.0,2016,11,4
2016-11-01,options,13148.7163,207.992044912,14557.0,2016,11,4
2016-11-01,totals,318300.824558,5035.0192282200005,886833.0,2016,11,4
2016-11-02,futures,402071.533869,6361.63971155,1163757.0,2016,11,4
2016-11-02,options,24860.621109,393.34869837400004,22662.0,2016,11,4
2016-11-02,totals,426932.154978,6754.98840992,1186419.0,2016,11,4
2016-11-03,futures,318252.173097,5018.43638885,916217.0,2016,11,4
2016-11-03,options,17985.195235,283.603902369,19049.0,2016,11,4
2016-11-03,totals,336237.368332,5302.040291220001,935266.0,2016,11,4
2016-11-04,futures,,,,2016,11,4
2016-11-04,options,,,,2016,11,4
2016-11-04,totals,,,,2016,11,4
2016-11-07,futures,273628.842438,4308.82385032,846507.0,2016,11,4
2016-11-07,options,20220.031638,318.404133862,19053.0,2016,11,4
2016-11-07,totals,293848.874076,4627.22798418,865560.0,2016,11,4
2016-11-08,futures,241096.898379,3772.5975141999998,744702.0,2016,11,4
2016-11-08,options,16393.657071,256.52204707100003,14496.0,2016,11,4
2016-11-08,totals,257490.55545,4029.11956127,759198.0,2016,11,4
2016-11-09,futures,657190.676623,10311.0730544,1835607.0,2016,11,4
2016-11-09,options,43425.486966,681.329459555,39779.0,2016,11,4
2016-11-09,totals,700616.163589,10992.4025139,1875386.0,2016,11,4
2016-11-10,futures,627751.907986,9825.08057224,1795116.0,2016,11,4
2016-11-10,options,55049.434014,861.590570675,48751.0,2016,11,4
2016-11-10,totals,682801.342,10686.671142899999,1843867.0,2016,11,4
2016-11-11,futures,597332.677794,9348.98263645,1689610.0,2016,11,4
2016-11-11,options,56223.590307,879.967544183,52915.0,2016,11,4
2016-11-11,totals,653556.268101,10228.9501806,1742525.0,2016,11,4
2016-11-14,futures,485238.840545,7440.407756680001,1447863.0,2016,11,4
2016-11-14,options,34337.694934,526.516903401,39403.0,2016,11,4
2016-11-14,totals,519576.535479,7966.92466008,1487266.0,2016,11,4
2016-11-15,futures,497702.964628,7557.087245770001,1499916.0,2016,11,4
2016-11-15,options,40443.992897,614.098779015,40171.0,2016,11,4
2016-11-15,totals,538146.957525,8171.18602479,1540087.0,2016,11,4
2016-11-16,futures,571608.028622,8719.545000850001,1673728.0,2016,11,4
2016-11-16,options,51530.095506,786.061364019,49024.0,2016,11,4
2016-11-16,totals,623138.124128,9505.60636487,1722752.0,2016,11,4
2016-11-17,futures,435589.282535,6748.47795358,1325226.0,2016,11,4
2016-11-17,options,36908.165232,571.809154545,34339.0,2016,11,4
2016-11-17,totals,472497.447767,7320.28710812,1359565.0,2016,11,4
2016-11-18,futures,439501.444216,6770.372580560001,1287151.0,2016,11,4
2016-11-18,options,19379.620231,298.53656036900003,22127.0,2016,11,4
2016-11-18,totals,458881.064447,7068.90914093,1309278.0,2016,11,4
2016-11-21,futures,333029.212317,5115.475372100001,954622.0,2016,11,4
2016-11-21,options,21869.892511,335.931180788,25316.0,2016,11,4
2016-11-21,totals,354899.104828,5451.40655289,979938.0,2016,11,4
2016-11-22,futures,438323.000193,6810.69952753,1234991.0,2016,11,4
2016-11-22,options,26755.053879,415.722270409,30836.0,2016,11,4
2016-11-22,totals,465078.054072,7226.42179794,1265827.0,2016,11,4
2016-11-23,futures,483431.416551,7597.75408625,1357893.0,2016,11,4
2016-11-23,options,16811.16692,264.20937446,23879.0,2016,11,4
2016-11-23,totals,500242.583471,7861.96346071,1381772.0,2016,11,4
2016-11-24,futures,318866.327243,4981.60917567,969246.0,2016,11,4
2016-11-24,options,19992.511818,312.340538364,22538.0,2016,11,4
2016-11-24,totals,338858.839061,5293.94971404,991784.0,2016,11,4
2016-11-25,futures,311304.401563,4816.8732322,955326.0,2016,11,4
2016-11-25,options,20396.920043,315.605489935,20326.0,2016,11,4
2016-11-25,totals,331701.321606,5132.47872213,975652.0,2016,11,4
2016-11-28,futures,407208.858847,6301.84530555,1190908.0,2016,11,4
2016-11-28,options,31645.560211,489.737442407,28889.0,2016,11,4
2016-11-28,totals,438854.419058,6791.58274796,1219797.0,2016,11,4
2016-11-29,futures,437926.004482,6746.11385116,1239757.0,2016,11,4
2016-11-29,options,36725.185384,565.740054872,28099.0,2016,11,4
2016-11-29,totals,474651.189866,7311.85390603,1267856.0,2016,11,4
2016-11-30,futures,666655.467997,10264.9394794,1845103.0,2016,11,4
2016-11-30,options,31287.997672,481.762196447,35746.0,2016,11,4
2016-11-30,totals,697943.465669,10746.7016759,1880849.0,2016,11,4
2016-12-01,futures,501371.026462,7685.23696947,1414289.0,2016,12,4
2016-12-01,options,43261.326646,663.128759622,44287.0,2016,12,4
2016-12-01,totals,544632.353108,8348.3657291,1458576.0,2016,12,4
2016-12-02,futures,403524.31455,6336.68151496,1174989.0,2016,12,4
2016-12-02,options,27910.847142,438.29366106199996,28204.0,2016,12,4
2016-12-02,totals,431435.161692,6774.97517603,1203193.0,2016,12,4
2016-12-05,futures,331905.537371,5173.67187981,1001680.0,2016,12,4
2016-12-05,options,33805.562739,526.9538155619999,34097.0,2016,12,4
2016-12-05,totals,365711.10011,5700.625695369999,1035777.0,2016,12,4
2016-12-06,futures,368846.513894,5770.0606952299995,1048430.0,2016,12,4
2016-12-06,options,24198.116097,378.543901949,28185.0,2016,12,4
2016-12-06,totals,393044.629991,6148.60459718,1076615.0,2016,12,4
2016-12-07,futures,296578.896437,4643.17926103,909574.0,2016,12,4
2016-12-07,options,23646.494096,370.20473237199997,27069.0,2016,12,4
2016-12-07,totals,320225.390533,5013.3839934,936643.0,2016,12,4
2016-12-08,futures,426792.097701,6677.87120453,1227395.0,2016,12,4
2016-12-08,options,35378.299544,553.552254277,36941.0,2016,12,4
2016-12-08,totals,462170.397245,7231.4234588,1264336.0,2016,12,4
2016-12-09,futures,378668.207723,5973.61745325,1119776.0,2016,12,4
2016-12-09,options,35463.429612,559.4474470299999,36200.0,2016,12,4
2016-12-09,totals,414131.637335,6533.06490028,1155976.0,2016,12,4
2016-12-12,futures,520118.356908,8216.35625767,1492558.0,2016,12,4
2016-12-12,options,70917.774308,1120.29443102,65567.0,2016,12,4
2016-12-12,totals,591036.131216,9336.65068869,1558125.0,2016,12,4
2016-12-13,futures,479637.115457,7788.79506234,1331053.0,2016,12,4
2016-12-13,options,45205.671492,734.0918781299999,43964.0,2016,12,4
2016-12-13,totals,524842.786949,8522.88694047,1375017.0,2016,12,4
2016-12-14,futures,493613.824119,8082.88696587,1317953.0,2016,12,4
2016-12-14,options,49999.313949,818.734774583,44259.0,2016,12,4
2016-12-14,totals,543613.138068,8901.62174046,1362212.0,2016,12,4
2016-12-15,futures,701385.818592,11534.452243700001,1750285.0,2016,12,4
2016-12-15,options,55882.28826,918.997174051,47423.0,2016,12,4
2016-12-15,totals,757268.106852,12453.449417799999,1797708.0,2016,12,4
2016-12-16,futures,343163.617835,5567.51190579,1019029.0,2016,12,4
2016-12-16,options,27192.212264,441.168462088,28810.0,2016,12,4
2016-12-16,totals,370355.830099,6008.68036788,1047839.0,2016,12,4
2016-12-19,futures,317895.317255,5147.97725165,919601.0,2016,12,4
2016-12-19,options,28356.177544,459.198198327,23160.0,2016,12,4
2016-12-19,totals,346251.494799,5607.17544997,942761.0,2016,12,4
2016-12-20,futures,273161.145607,4420.5768218,873095.0,2016,12,4
2016-12-20,options,25523.131791,413.041776363,23436.0,2016,12,4
2016-12-20,totals,298684.277398,4833.61859816,896531.0,2016,12,4
2016-12-21,futures,268200.354438,4340.04331037,844380.0,2016,12,4
2016-12-21,options,19099.828401,309.07521600700005,22376.0,2016,12,4
2016-12-21,totals,287300.182839,4649.11852638,866756.0,2016,12,4
2016-12-22,futures,309212.528163,5059.999609930001,960275.0,2016,12,4
2016-12-22,options,27657.291697,452.58801779400005,26399.0,2016,12,4
2016-12-22,totals,336869.81986,5512.5876277200005,986674.0,2016,12,4
2016-12-23,futures,261799.189714,4301.37289,817637.0,2016,12,4
2016-12-23,options,20990.363317,344.872647702,21397.0,2016,12,4
2016-12-23,totals,282789.553031,4646.2455377,839034.0,2016,12,4
2016-12-26,futures,131740.456965,2164.90378364,436177.0,2016,12,4
2016-12-26,options,14262.40146,234.37543481999998,12799.0,2016,12,4
2016-12-26,totals,146002.858425,2399.27921846,448976.0,2016,12,4
2016-12-27,futures,166146.346592,2727.8067818600002,532555.0,2016,12,4
2016-12-27,options,14365.25778,235.850191107,14318.0,2016,12,4
2016-12-27,totals,180511.604372,2963.65697296,546873.0,2016,12,4
2016-12-28,futures,207161.860073,3403.9810261,634331.0,2016,12,4
2016-12-28,options,23385.878856,384.265172539,16668.0,2016,12,4
2016-12-28,totals,230547.738929,3788.24619864,650999.0,2016,12,4
2016-12-29,futures,254151.416456,4189.2929498,750051.0,2016,12,4
2016-12-29,options,20923.504608,344.891606593,21971.0,2016,12,4
2016-12-29,totals,275074.921064,4534.184556390001,772022.0,2016,12,4
2016-12-30,futures,299786.172064,4973.80538656,863530.0,2016,12,4
2016-12-30,options,42257.642883,701.104024737,25203.0,2016,12,4
2016-12-30,totals,342043.814947,5674.9094113,888733.0,2016,12,4
2017-01-03,futures,234729.953645,3869.79805504,694011.0,2017,1,1
2017-01-03,options,25982.377078,428.349900473,28870.0,2017,1,1
2017-01-03,totals,260712.330723,4298.14795552,722881.0,2017,1,1
2017-01-04,futures,287502.575918,4739.81650757,830004.0,2017,1,1
2017-01-04,options,32124.372615,529.607886572,23662.0,2017,1,1
2017-01-04,totals,319626.948533,5269.42439414,853666.0,2017,1,1
2017-01-05,futures,276543.645032,4559.14570365,855842.0,2017,1,1
2017-01-05,options,22774.110779,375.457875015,29671.0,2017,1,1
2017-01-05,totals,299317.755811,4934.60357867,885513.0,2017,1,1
2017-01-06,futures,255429.551826,4211.05516151,846809.0,2017,1,1
2017-01-06,options,16083.939142,265.16256422600003,22304.0,2017,1,1
2017-01-06,totals,271513.490968,4476.21772573,869113.0,2017,1,1
2017-01-09,futures,249595.443494,4114.87305639,767314.0,2017,1,1
2017-01-09,options,23853.120637,393.246615587,23647.0,2017,1,1
2017-01-09,totals,273448.564131,4508.11967197,790961.0,2017,1,1
2017-01-10,futures,274894.248856,4589.518330180001,862192.0,2017,1,1
2017-01-10,options,18109.959387,302.35623666600003,20797.0,2017,1,1
2017-01-10,totals,293004.208243,4891.87456684,882989.0,2017,1,1
2017-01-11,futures,325794.64108,5434.14025717,1018939.0,2017,1,1
2017-01-11,options,21592.328663,360.15246305,24293.0,2017,1,1
2017-01-11,totals,347386.969743,5794.29272022,1043232.0,2017,1,1
2017-01-12,futures,434469.402021,7221.73024599,1273563.0,2017,1,1
2017-01-12,options,27182.017076,451.818226903,33338.0,2017,1,1
2017-01-12,totals,461651.419097,7673.54847289,1306901.0,2017,1,1
2017-01-13,futures,285166.169365,4792.885944770001,897954.0,2017,1,1
2017-01-13,options,22871.244349,384.40487461699996,24018.0,2017,1,1
2017-01-13,totals,308037.413714,5177.29081939,921972.0,2017,1,1
2017-01-16,futures,224763.409236,3785.80780253,760375.0,2017,1,1
2017-01-16,options,26180.617581,440.97385179400004,26131.0,2017,1,1
2017-01-16,totals,250944.026817,4226.781654320001,786506.0,2017,1,1
2017-01-17,futures,340260.793578,5708.43199805,1043500.0,2017,1,1
2017-01-17,options,24386.665735,409.126251495,28342.0,2017,1,1
2017-01-17,totals,364647.459313,6117.55824954,1071842.0,2017,1,1
2017-01-18,futures,285339.310956,4803.57080134,906277.0,2017,1,1
2017-01-18,options,30793.064278,518.388664899,28404.0,2017,1,1
2017-01-18,totals,316132.375234,5321.9594662399995,934681.0,2017,1,1
2017-01-19,futures,457215.426355,7725.452010800001,1407835.0,2017,1,1
2017-01-19,options,44053.877313,744.3670870520001,42982.0,2017,1,1
2017-01-19,totals,501269.303668,8469.81909785,1450817.0,2017,1,1
2017-01-20,futures,273844.944113,4613.9048848,888362.0,2017,1,1
2017-01-20,options,24112.418199,406.260573745,25880.0,2017,1,1
2017-01-20,totals,297957.362312,5020.16545854,914242.0,2017,1,1
2017-01-23,futures,271586.839931,4551.50335817,848388.0,2017,1,1
2017-01-23,options,18798.847913,315.048473731,20821.0,2017,1,1
2017-01-23,totals,290385.687844,4866.551831899999,869209.0,2017,1,1
2017-01-24,futures,270702.353586,4549.3594246,802899.0,2017,1,1
2017-01-24,options,20475.636477,344.10868079799997,20658.0,2017,1,1
2017-01-24,totals,291177.990063,4893.468105399999,823557.0,2017,1,1
2017-01-25,futures,286915.656773,4845.1732747,882627.0,2017,1,1
2017-01-25,options,18310.440413,309.21023110000004,21591.0,2017,1,1
2017-01-25,totals,305226.097186,5154.3835058,904218.0,2017,1,1
2017-01-26,futures,456640.310856,7720.18263832,1335441.0,2017,1,1
2017-01-26,options,22701.33849,383.799842262,32407.0,2017,1,1
2017-01-26,totals,479341.649346,8103.98248059,1367848.0,2017,1,1
2017-01-27,futures,395025.890572,6623.99456989,1220334.0,2017,1,1
2017-01-27,options,35874.470374,601.5613219960001,36503.0,2017,1,1
2017-01-27,totals,430900.360946,7225.55589188,1256837.0,2017,1,1
2017-01-30,futures,318022.63748,5272.293541069999,954623.0,2017,1,1
2017-01-30,options,25609.428631,424.562308619,26549.0,2017,1,1
2017-01-30,totals,343632.066111,5696.85584969,981172.0,2017,1,1
2017-01-31,futures,307186.13227,5105.999692,917951.0,2017,1,1
2017-01-31,options,17492.912221,290.76444223699997,19982.0,2017,1,1
2017-01-31,totals,324679.044491,5396.764134229999,937933.0,2017,1,1
2017-02-01,futures,312109.70661,5194.4609663599995,894999.0,2017,2,1
2017-02-01,options,24256.494509,403.70232402,24265.0,2017,2,1
2017-02-01,totals,336366.201119,5598.16329038,919264.0,2017,2,1
2017-02-02,futures,388084.710683,6434.84254961,1103630.0,2017,2,1
2017-02-02,options,29261.513691,485.185909627,29501.0,2017,2,1
2017-02-02,totals,417346.224374,6920.028459239999,1133131.0,2017,2,1
2017-02-03,futures,412351.627594,6874.15400968,1325753.0,2017,2,1
2017-02-03,options,30381.575145,506.47945255400003,30755.0,2017,2,1
2017-02-03,totals,442733.202739,7380.63346224,1356508.0,2017,2,1
2017-02-06,futures,263264.584212,4438.512252850001,882050.0,2017,2,1
2017-02-06,options,25628.475334,432.083571485,27575.0,2017,2,1
2017-02-06,totals,288893.059546,4870.59582434,909625.0,2017,2,1
2017-02-07,futures,306358.916865,5217.98601762,878288.0,2017,2,1
2017-02-07,options,22324.509811,380.23694964099997,23430.0,2017,2,1
2017-02-07,totals,328683.426676,5598.222967260001,901718.0,2017,2,1
2017-02-08,futures,318410.297056,5379.16110533,976546.0,2017,2,1
2017-02-08,options,24178.795356,408.471826305,25364.0,2017,2,1
2017-02-08,totals,342589.092412,5787.63293163,1001910.0,2017,2,1
2017-02-09,futures,274200.455042,4607.41209119,877447.0,2017,2,1
2017-02-09,options,23457.775538,394.162871209,26474.0,2017,2,1
2017-02-09,totals,297658.23058,5001.5749624,903921.0,2017,2,1
2017-02-10,futures,280380.711056,4750.3233636800005,878320.0,2017,2,1
2017-02-10,options,29681.509613,502.876135997,28363.0,2017,2,1
2017-02-10,totals,310062.220669,5253.1994996700005,906683.0,2017,2,1
2017-02-13,futures,311207.743757,5288.53839375,914468.0,2017,2,1
2017-02-13,options,38323.63278,651.256298761,33999.0,2017,2,1
2017-02-13,totals,349531.376537,5939.7946925100005,948467.0,2017,2,1
2017-02-14,futures,299585.907602,5159.76755156,963924.0,2017,2,1
2017-02-14,options,37510.310418,646.040009335,38310.0,2017,2,1
2017-02-14,totals,337096.21802,5805.8075609,1002234.0,2017,2,1
2017-02-15,futures,430681.657851,7459.13766568,1434511.0,2017,2,1
2017-02-15,options,45619.106645,790.094471049,48895.0,2017,2,1
2017-02-15,totals,476300.764496,8249.23213673,1483406.0,2017,2,1
2017-02-16,futures,306025.725601,5390.44361032,1044964.0,2017,2,1
2017-02-16,options,30786.485063,542.28385985,29033.0,2017,2,1
2017-02-16,totals,336812.210664,5932.72747017,1073997.0,2017,2,1
2017-02-17,futures,354600.667668,6204.66009459,1124565.0,2017,2,1
2017-02-17,options,32077.795457,561.2843842159999,32794.0,2017,2,1
2017-02-17,totals,386678.463125,6765.944478810001,1157359.0,2017,2,1
2017-02-20,futures,277716.460399,4818.60527949,940375.0,2017,2,1
2017-02-20,options,23677.094149,410.81673987,27586.0,2017,2,1
2017-02-20,totals,301393.554548,5229.4220193599995,967961.0,2017,2,1
2017-02-21,futures,281625.934611,4847.53754707,939309.0,2017,2,1
2017-02-21,options,22541.270947,387.99572001499996,25630.0,2017,2,1
2017-02-21,totals,304167.205558,5235.53326709,964939.0,2017,2,1
2017-02-22,futures,321277.515212,5552.76647042,1064991.0,2017,2,1
2017-02-22,options,28343.014289,489.863535301,32148.0,2017,2,1
2017-02-22,totals,349620.529501,6042.630005720001,1097139.0,2017,2,1
2017-02-24,futures,242414.118767,4217.64345533,789367.0,2017,2,1
2017-02-24,options,23413.374091,407.357725302,25085.0,2017,2,1
2017-02-24,totals,265827.492858,4625.00118063,814452.0,2017,2,1
2017-02-27,futures,216417.831982,3765.34690849,723190.0,2017,2,1
2017-02-27,options,23399.570779,407.117568298,23331.0,2017,2,1
2017-02-27,totals,239817.402761,4172.46447679,746521.0,2017,2,1
2017-02-28,futures,319560.726703,5515.64932838,1089246.0,2017,2,1
2017-02-28,options,32129.930717,554.5657396900001,34031.0,2017,2,1
2017-02-28,totals,351690.65742,6070.21506807,1123277.0,2017,2,1
2017-03-01,futures,354001.631976,6107.404106020001,1122754.0,2017,3,1
2017-03-01,options,25597.654016,441.622871536,27061.0,2017,3,1
2017-03-01,totals,379599.285992,6549.02697756,1149815.0,2017,3,1
2017-03-02,futures,417633.922865,7154.00980624,1258518.0,2017,3,1
2017-03-02,options,30237.738585,517.968169041,31984.0,2017,3,1
2017-03-02,totals,447871.66145,7671.97797529,1290502.0,2017,3,1
2017-03-03,futures,359763.170698,6159.62159646,1172589.0,2017,3,1
2017-03-03,options,30283.159496,518.487767602,30354.0,2017,3,1
2017-03-03,totals,390046.330194,6678.10936406,1202943.0,2017,3,1
2017-03-06,futures,335569.119354,5696.31113538,1175579.0,2017,3,1
2017-03-06,options,26282.29447,446.14393285299997,29148.0,2017,3,1
2017-03-06,totals,361851.413824,6142.45506823,1204727.0,2017,3,1
2017-03-07,futures,301339.051859,5165.48762979,1031903.0,2017,3,1
2017-03-07,options,24367.708758,417.705894338,24745.0,2017,3,1
2017-03-07,totals,325706.760617,5583.19352413,1056648.0,2017,3,1
2017-03-09,futures,540331.447616,9274.006618540001,1661111.0,2017,3,1
2017-03-09,options,56684.575552,972.908630726,58723.0,2017,3,1
2017-03-09,totals,597016.023168,10246.9152493,1719834.0,2017,3,1
2017-03-10,futures,396650.932312,6742.11790753,1312077.0,2017,3,1
2017-03-10,options,34335.059495,583.613955293,36179.0,2017,3,1
2017-03-10,totals,430985.991807,7325.73186282,1348256.0,2017,3,1
2017-03-13,futures,332458.337823,5614.20018142,1125663.0,2017,3,1
2017-03-13,options,32835.137702,554.484622797,31046.0,2017,3,1
2017-03-13,totals,365293.475525,6168.68480421,1156709.0,2017,3,1
2017-03-14,futures,500540.222567,8464.69419741,1438860.0,2017,3,1
2017-03-14,options,37329.995142,631.291910263,38734.0,2017,3,1
2017-03-14,totals,537870.217709,9095.98610767,1477594.0,2017,3,1
2017-03-15,futures,404776.248226,6865.96750392,1237722.0,2017,3,1
2017-03-15,options,29958.28767,508.163783119,31172.0,2017,3,1
2017-03-15,totals,434734.535896,7374.13128704,1268894.0,2017,3,1
2017-03-16,futures,573849.071202,9707.69564632,1710556.0,2017,3,1
2017-03-16,options,61259.839935,1036.3210664199999,55060.0,2017,3,1
2017-03-16,totals,635108.911137,10744.0167127,1765616.0,2017,3,1
2017-03-17,futures,270389.468084,4642.38137488,1006447.0,2017,3,1
2017-03-17,options,48520.795886,833.065136418,36123.0,2017,3,1
2017-03-17,totals,318910.26397,5475.446511300001,1042570.0,2017,3,1
2017-03-20,futures,322461.126074,5565.96989136,1145840.0,2017,3,1
2017-03-20,options,46528.303661,803.120489053,38094.0,2017,3,1
2017-03-20,totals,368989.429735,6369.09038041,1183934.0,2017,3,1
2017-03-21,futures,347804.151261,6071.50166207,1245712.0,2017,3,1
2017-03-21,options,46014.569508,803.261071595,35296.0,2017,3,1
2017-03-21,totals,393818.720769,6874.76273366,1281008.0,2017,3,1
2017-03-22,futures,450122.286989,7864.82959778,1497488.0,2017,3,1
2017-03-22,options,31994.616757,559.030770334,35470.0,2017,3,1
2017-03-22,totals,482116.903746,8423.86036811,1532958.0,2017,3,1
2017-03-23,futures,328186.765605,5694.12807282,1192478.0,2017,3,1
2017-03-23,options,28673.883565,497.499541346,30860.0,2017,3,1
2017-03-23,totals,356860.64917,6191.62761416,1223338.0,2017,3,1
2017-03-24,futures,273430.484285,4753.42793266,984351.0,2017,3,1
2017-03-24,options,25812.998922,448.743783717,28258.0,2017,3,1
2017-03-24,totals,299243.483207,5202.17171638,1012609.0,2017,3,1
2017-03-27,futures,299137.959078,5209.22110308,1078971.0,2017,3,1
2017-03-27,options,29906.469555,520.7945284,30723.0,2017,3,1
2017-03-27,totals,329044.428633,5730.01563148,1109694.0,2017,3,1
2017-03-28,futures,261097.331201,4578.78325528,967130.0,2017,3,1
2017-03-28,options,23385.563663,410.105407141,23007.0,2017,3,1
2017-03-28,totals,284482.894864,4988.88866242,990137.0,2017,3,1
2017-03-29,futures,273945.948278,4811.43781971,946347.0,2017,3,1
2017-03-29,options,18621.815045,327.063443509,20369.0,2017,3,1
2017-03-29,totals,292567.763323,5138.5012632200005,966716.0,2017,3,1
2017-03-30,futures,321124.150291,5631.37603734,1046294.0,2017,3,1
2017-03-30,options,31257.166847,548.1395909270001,33916.0,2017,3,1
2017-03-30,totals,352381.317138,6179.515628270001,1080210.0,2017,3,1
2017-03-31,futures,330012.27816,5853.575215819999,1101127.0,2017,3,1
2017-03-31,options,32062.467618,568.7063125440001,27719.0,2017,3,1
2017-03-31,totals,362074.745778,6422.281528359999,1128846.0,2017,3,1
2017-04-03,futures,259801.249599,4642.5744112600005,978771.0,2017,4,2
2017-04-03,options,26017.997596,464.93421435799996,21987.0,2017,4,2
2017-04-03,totals,285819.247195,5107.50862562,1000758.0,2017,4,2
2017-04-04,futures,286153.608925,5097.17933375,990932.0,2017,4,2
2017-04-04,options,25761.987977,458.891548515,25713.0,2017,4,2
2017-04-04,totals,311915.596902,5556.07088226,1016645.0,2017,4,2
2017-04-05,futures,347678.979686,6147.59323505,1196004.0,2017,4,2
2017-04-05,options,48932.588614,865.2166748999999,39156.0,2017,4,2
2017-04-05,totals,396611.5683,7012.80990995,1235160.0,2017,4,2
2017-04-06,futures,295773.445631,5291.68507588,967108.0,2017,4,2
2017-04-06,options,30493.445223,545.558471804,23956.0,2017,4,2
2017-04-06,totals,326266.890854,5837.24354768,991064.0,2017,4,2
2017-04-07,futures,419415.150762,7431.57669472,1263745.0,2017,4,2
2017-04-07,options,45651.878549,808.901242786,42861.0,2017,4,2
2017-04-07,totals,465067.029311,8240.4779375,1306606.0,2017,4,2
2017-04-10,futures,284287.830703,4994.50687372,1039576.0,2017,4,2
2017-04-10,options,49183.096573,864.072560888,38275.0,2017,4,2
2017-04-10,totals,333470.927276,5858.579434609999,1077851.0,2017,4,2
2017-04-11,futures,278471.59529,4852.30068322,1015094.0,2017,4,2
2017-04-11,options,31482.554441,548.575951758,30876.0,2017,4,2
2017-04-11,totals,309954.149731,5400.87663498,1045970.0,2017,4,2
2017-04-12,futures,299526.616397,5258.986297949999,1118015.0,2017,4,2
2017-04-12,options,42873.29441,752.754698605,34387.0,2017,4,2
2017-04-12,totals,342399.910807,6011.74099656,1152402.0,2017,4,2
2017-04-13,futures,350955.085457,6183.620390890001,1329338.0,2017,4,2
2017-04-13,options,54845.492534,966.345039679,46531.0,2017,4,2
2017-04-13,totals,405800.577991,7149.96543057,1375869.0,2017,4,2
2017-04-14,futures,164400.303738,2904.5015050399998,592981.0,2017,4,2
2017-04-14,options,27229.697494,481.073912607,24397.0,2017,4,2
2017-04-14,totals,191630.001232,3385.57541764,617378.0,2017,4,2
2017-04-17,futures,211396.484391,3755.1889508000004,858209.0,2017,4,2
2017-04-17,options,31022.92313,551.0826658020001,29193.0,2017,4,2
2017-04-17,totals,242419.407521,4306.27161661,887402.0,2017,4,2
2017-04-18,futures,275350.636988,4895.07892353,1045021.0,2017,4,2
2017-04-18,options,31319.185838,556.780576848,28293.0,2017,4,2
2017-04-18,totals,306669.822826,5451.85950038,1073314.0,2017,4,2
2017-04-19,futures,294081.512605,5253.39746308,1078047.0,2017,4,2
2017-04-19,options,34095.15171,609.067132136,31899.0,2017,4,2
2017-04-19,totals,328176.664315,5862.46459522,1109946.0,2017,4,2
2017-04-20,futures,335052.359253,5964.40711937,1190549.0,2017,4,2
2017-04-20,options,40534.088048,721.564247062,33960.0,2017,4,2
2017-04-20,totals,375586.447301,6685.97136644,1224509.0,2017,4,2
2017-04-21,futures,292191.383491,5179.1831023,1073596.0,2017,4,2
2017-04-21,options,31994.777329,567.1173739769999,30128.0,2017,4,2
2017-04-21,totals,324186.16082,5746.30047628,1103724.0,2017,4,2
2017-04-24,futures,320876.557307,5706.43006946,1128788.0,2017,4,2
2017-04-24,options,32574.03038,579.2926351619999,35003.0,2017,4,2
2017-04-24,totals,353450.587687,6285.72270463,1163791.0,2017,4,2
2017-04-25,futures,235726.370935,4203.43960411,909593.0,2017,4,2
2017-04-25,options,24015.139305,428.23459782,22366.0,2017,4,2
2017-04-25,totals,259741.51024,4631.67420194,931959.0,2017,4,2
2017-04-26,futures,337328.446036,6040.40888017,1180765.0,2017,4,2
2017-04-26,options,29066.388858,520.48048552,28900.0,2017,4,2
2017-04-26,totals,366394.834894,6560.88936569,1209665.0,2017,4,2
2017-04-27,futures,360544.353101,6402.495211609999,1196904.0,2017,4,2
2017-04-27,options,27962.473447,496.553616246,26982.0,2017,4,2
2017-04-27,totals,388506.826548,6899.04882786,1223886.0,2017,4,2
2017-04-28,futures,304963.251086,5352.98409684,1081314.0,2017,4,2
2017-04-28,options,28623.834263,502.43079798900004,20109.0,2017,4,2
2017-04-28,totals,333587.085349,5855.41489483,1101423.0,2017,4,2
2017-05-01,futures,,,,2017,5,2
2017-05-01,options,,,,2017,5,2
2017-05-01,totals,,,,2017,5,2
2017-05-02,futures,214218.731698,3759.29179342,782738.0,2017,5,2
2017-05-02,options,17549.154338,307.967428252,18719.0,2017,5,2
2017-05-02,totals,231767.886036,4067.25922167,801457.0,2017,5,2
2017-05-03,futures,266515.108179,4679.660839149999,970704.0,2017,5,2
2017-05-03,options,32337.201309,567.799460403,26956.0,2017,5,2
2017-05-03,totals,298852.309488,5247.46029955,997660.0,2017,5,2
2017-05-04,futures,375511.429571,6577.2231751300005,1221734.0,2017,5,2
2017-05-04,options,41100.660189,719.8934397740001,31187.0,2017,5,2
2017-05-04,totals,416612.08976,7297.11661491,1252921.0,2017,5,2
2017-05-05,futures,435155.094589,7558.5289673199995,1362228.0,2017,5,2
2017-05-05,options,49705.148806,863.365296067,44082.0,2017,5,2
2017-05-05,totals,484860.243395,8421.89426338,1406310.0,2017,5,2
2017-05-08,futures,,,,2017,5,2
2017-05-08,options,,,,2017,5,2
2017-05-08,totals,,,,2017,5,2
2017-05-09,futures,,,,2017,5,2
2017-05-09,options,,,,2017,5,2
2017-05-09,totals,,,,2017,5,2
2017-05-10,futures,269310.637963,4600.59649875,931211.0,2017,5,2
2017-05-10,options,32618.883716,557.2238933890001,26817.0,2017,5,2
2017-05-10,totals,301929.521679,5157.82039214,958028.0,2017,5,2
2017-05-11,futures,271243.978476,4669.985718149999,976057.0,2017,5,2
2017-05-11,options,34811.868624,599.3531366469999,28094.0,2017,5,2
2017-05-11,totals,306055.8471,5269.3388548,1004151.0,2017,5,2
2017-05-12,futures,240593.199633,4212.3534280700005,887962.0,2017,5,2
2017-05-12,options,28242.609066,494.477197603,22865.0,2017,5,2
2017-05-12,totals,268835.808699,4706.83062567,910827.0,2017,5,2
2017-05-15,futures,258473.792343,4521.61836721,932760.0,2017,5,2
2017-05-15,options,37819.344729,661.5937430729999,28591.0,2017,5,2
2017-05-15,totals,296293.137072,5183.21211028,961351.0,2017,5,2
2017-05-16,futures,228368.587377,4040.07705113,836851.0,2017,5,2
2017-05-16,options,30463.619662,538.933012217,21511.0,2017,5,2
2017-05-16,totals,258832.207039,4579.010063350001,858362.0,2017,5,2
2017-05-17,futures,308142.495186,5477.08588802,1071610.0,2017,5,2
2017-05-17,options,33604.899081,597.311053816,30556.0,2017,5,2
2017-05-17,totals,341747.394267,6074.39694184,1102166.0,2017,5,2
2017-05-18,futures,449952.013962,7930.30481988,1545651.0,2017,5,2
2017-05-18,options,59563.695495,1049.79697127,47766.0,2017,5,2
2017-05-18,totals,509515.709457,8980.10179115,1593417.0,2017,5,2
2017-05-19,futures,323335.030184,5626.31973077,1108551.0,2017,5,2
2017-05-19,options,34976.252827,608.618191716,24982.0,2017,5,2
2017-05-19,totals,358311.283011,6234.937922489999,1133533.0,2017,5,2
2017-05-22,futures,290659.584947,5084.999439239999,1145570.0,2017,5,2
2017-05-22,options,29775.077787,520.905766372,21091.0,2017,5,2
2017-05-22,totals,320434.662734,5605.90520562,1166661.0,2017,5,2
2017-05-23,futures,317058.115523,5611.76725033,1078902.0,2017,5,2
2017-05-23,options,25018.660729,442.81755947000005,19981.0,2017,5,2
2017-05-23,totals,342076.776252,6054.584809800001,1098883.0,2017,5,2
2017-05-24,futures,276701.020884,4892.5831910100005,1072142.0,2017,5,2
2017-05-24,options,24835.020687,439.128863252,21842.0,2017,5,2
2017-05-24,totals,301536.041571,5331.7120542600005,1093984.0,2017,5,2
2017-05-25,futures,347874.185099,6181.75943724,1197787.0,2017,5,2
2017-05-25,options,20809.818145,369.79257218699996,24348.0,2017,5,2
2017-05-25,totals,368684.003244,6551.55200943,1222135.0,2017,5,2
2017-05-26,futures,358195.867154,6388.3579154300005,1324637.0,2017,5,2
2017-05-26,options,37138.409653,662.3567579329999,26193.0,2017,5,2
2017-05-26,totals,395334.276807,7050.714673359999,1350830.0,2017,5,2
2017-05-29,futures,198515.169154,3497.69485436,806764.0,2017,5,2
2017-05-29,options,18629.948363,328.24632396600003,17088.0,2017,5,2
2017-05-29,totals,217145.117517,3825.9411783200003,823852.0,2017,5,2
2017-05-30,futures,226030.737681,3985.6876436,855660.0,2017,5,2
2017-05-30,options,19377.694002,341.694392265,16993.0,2017,5,2
2017-05-30,totals,245408.431683,4327.38203586,872653.0,2017,5,2
2017-05-31,futures,297705.077413,5267.550134,1138242.0,2017,5,2
2017-05-31,options,27979.039941,495.05704394099996,26632.0,2017,5,2
2017-05-31,totals,325684.117354,5762.60717794,1164874.0,2017,5,2
2017-06-01,futures,317919.446893,5608.27141902,1125471.0,2017,6,2
2017-06-01,options,33259.06755,586.7079846390001,27980.0,2017,6,2
2017-06-01,totals,351178.514443,6194.97940366,1153451.0,2017,6,2
2017-06-02,futures,349169.079266,6175.9065124399995,1227708.0,2017,6,2
2017-06-02,options,34764.503284,614.895003546,26311.0,2017,6,2
2017-06-02,totals,383933.58255,6790.80151599,1254019.0,2017,6,2
2017-06-05,futures,254789.925875,4494.63243946,959636.0,2017,6,2
2017-06-05,options,21211.030839,374.174084615,17621.0,2017,6,2
2017-06-05,totals,276000.956714,4868.80652407,977257.0,2017,6,2
2017-06-06,futures,215358.550374,3803.8998426900002,851587.0,2017,6,2
2017-06-06,options,19156.053082,338.355301792,13838.0,2017,6,2
2017-06-06,totals,234514.603456,4142.25514448,865425.0,2017,6,2
2017-06-07,futures,317670.052603,5605.14749267,1132953.0,2017,6,2
2017-06-07,options,23384.347261,412.606458631,19976.0,2017,6,2
2017-06-07,totals,341054.399864,6017.7539513,1152929.0,2017,6,2
2017-06-08,futures,325664.888212,5755.037096550001,1140474.0,2017,6,2
2017-06-08,options,31045.875998,548.631966572,23580.0,2017,6,2
2017-06-08,totals,356710.76421,6303.66906312,1164054.0,2017,6,2
2017-06-09,futures,223526.413003,3922.5000834099997,849835.0,2017,6,2
2017-06-09,options,24952.640931,437.875483341,19068.0,2017,6,2
2017-06-09,totals,248479.053934,4360.37556675,868903.0,2017,6,2
2017-06-12,futures,,,,2017,6,2
2017-06-12,options,,,,2017,6,2
2017-06-12,totals,,,,2017,6,2
2017-06-13,futures,290581.913741,5097.7494428400005,1011496.0,2017,6,2
2017-06-13,options,24414.091185,428.30236105800003,19447.0,2017,6,2
2017-06-13,totals,314996.004926,5526.0518039,1030943.0,2017,6,2
2017-06-14,futures,439340.177808,7719.966012899999,1356746.0,2017,6,2
2017-06-14,options,40611.417781,713.612778529,32191.0,2017,6,2
2017-06-14,totals,479951.595589,8433.57879143,1388937.0,2017,6,2
2017-06-15,futures,528907.080854,9274.141655469999,1750410.0,2017,6,2
2017-06-15,options,70426.18374,1234.8906412899998,53702.0,2017,6,2
2017-06-15,totals,599333.264594,10509.0322968,1804112.0,2017,6,2
2017-06-16,futures,263523.532378,4587.50972479,960705.0,2017,6,2
2017-06-16,options,36042.979424,627.448778961,25609.0,2017,6,2
2017-06-16,totals,299566.511802,5214.95850375,986314.0,2017,6,2
2017-06-19,futures,256238.464922,4437.73665973,909193.0,2017,6,2
2017-06-19,options,28192.104526,488.252752404,22142.0,2017,6,2
2017-06-19,totals,284430.569448,4925.98941213,931335.0,2017,6,2
2017-06-20,futures,401393.683118,6925.536083890001,1321847.0,2017,6,2
2017-06-20,options,39332.819216,678.637632375,37411.0,2017,6,2
2017-06-20,totals,440726.502334,7604.17371626,1359258.0,2017,6,2
2017-06-21,futures,405429.409265,6921.11810909,1414135.0,2017,6,2
2017-06-21,options,33742.703415,576.024408487,36012.0,2017,6,2
2017-06-21,totals,439172.11268,7497.14251757,1450147.0,2017,6,2
2017-06-22,futures,397888.837189,6631.480619819999,1423973.0,2017,6,2
2017-06-22,options,30643.722313,510.728705217,33393.0,2017,6,2
2017-06-22,totals,428532.559502,7142.2093250299995,1457366.0,2017,6,2
2017-06-23,futures,286602.804897,4764.9440032600005,1014777.0,2017,6,2
2017-06-23,options,27604.600216,458.943080857,23094.0,2017,6,2
2017-06-23,totals,314207.405113,5223.88708412,1037871.0,2017,6,2
2017-06-26,futures,308513.526017,5171.507600479999,1081581.0,2017,6,2
2017-06-26,options,27132.114666,454.806435957,25838.0,2017,6,2
2017-06-26,totals,335645.640683,5626.314036430001,1107419.0,2017,6,2
2017-06-27,futures,322053.96205,5458.41220802,1115720.0,2017,6,2
2017-06-27,options,18189.429324,308.28809695999996,21643.0,2017,6,2
2017-06-27,totals,340243.391374,5766.70030498,1137363.0,2017,6,2
2017-06-28,futures,416415.655781,7071.7603127,1327775.0,2017,6,2
2017-06-28,options,27603.264603,468.771210713,23891.0,2017,6,2
2017-06-28,totals,444018.920384,7540.53152341,1351666.0,2017,6,2
2017-06-29,futures,322713.1569,5419.97022077,1074929.0,2017,6,2
2017-06-29,options,27594.53829,463.450505782,23946.0,2017,6,2
2017-06-29,totals,350307.69519,5883.42072655,1098875.0,2017,6,2
2017-06-30,futures,297323.917607,5032.09615907,1075437.0,2017,6,2
2017-06-30,options,13719.953295,232.20508068799998,17436.0,2017,6,2
2017-06-30,totals,311043.870902,5264.3012397600005,1092873.0,2017,6,2
2017-07-03,futures,290360.061578,4889.35243504,957416.0,2017,7,3
2017-07-03,options,18277.359581,307.771158636,21076.0,2017,7,3
2017-07-03,totals,308637.421159,5197.12359368,978492.0,2017,7,3
2017-07-04,futures,190771.54124,3235.0883293899997,715178.0,2017,7,3
2017-07-04,options,18122.261599,307.31584291900003,17948.0,2017,7,3
2017-07-04,totals,208893.802839,3542.40417231,733126.0,2017,7,3
2017-07-05,futures,376943.384435,6364.11559164,1264181.0,2017,7,3
2017-07-05,options,28309.36594,477.960576064,30201.0,2017,7,3
2017-07-05,totals,405252.750375,6842.0761677,1294382.0,2017,7,3
2017-07-06,futures,355839.996037,5972.6042367,1178727.0,2017,7,3
2017-07-06,options,18969.637565,318.39629876099997,21926.0,2017,7,3
2017-07-06,totals,374809.633602,6291.00053546,1200653.0,2017,7,3
2017-07-07,futures,410517.840338,6814.41107021,1336307.0,2017,7,3
2017-07-07,options,22451.28493,372.681207816,27031.0,2017,7,3
2017-07-07,totals,432969.125268,7187.092278020001,1363338.0,2017,7,3
2017-07-10,futures,321450.012508,5323.85345463,1096980.0,2017,7,3
2017-07-10,options,19706.992773,326.387112996,19979.0,2017,7,3
2017-07-10,totals,341157.005281,5650.24056763,1116959.0,2017,7,3
2017-07-11,futures,318967.523257,5289.5541937200005,1036262.0,2017,7,3
2017-07-11,options,27446.478421,455.154912175,23938.0,2017,7,3
2017-07-11,totals,346414.001678,5744.7091058900005,1060200.0,2017,7,3
2017-07-12,futures,395940.089875,6518.63756118,1273724.0,2017,7,3
2017-07-12,options,28576.805128,470.47985301200004,30861.0,2017,7,3
2017-07-12,totals,424516.895003,6989.1174142,1304585.0,2017,7,3
2017-07-13,futures,349494.655081,5765.079006399999,1226972.0,2017,7,3
2017-07-13,options,49469.527373,816.023162495,27606.0,2017,7,3
2017-07-13,totals,398964.182454,6581.10216889,1254578.0,2017,7,3
2017-07-14,futures,304038.328227,5051.84681918,1084666.0,2017,7,3
2017-07-14,options,36371.525549,604.342803505,33927.0,2017,7,3
2017-07-14,totals,340409.853776,5656.18962269,1118593.0,2017,7,3
2017-07-17,futures,255600.271841,4268.49884338,948874.0,2017,7,3
2017-07-17,options,27602.33743,460.95626012400004,27748.0,2017,7,3
2017-07-17,totals,283202.609271,4729.45510351,976622.0,2017,7,3
2017-07-18,futures,276534.72841,4681.81581544,945394.0,2017,7,3
2017-07-18,options,25005.052675,423.343034536,26279.0,2017,7,3
2017-07-18,totals,301539.781085,5105.158849979999,971673.0,2017,7,3
2017-07-19,futures,293951.963256,4951.145152149999,1061216.0,2017,7,3
2017-07-19,options,24298.413759,409.267460422,27450.0,2017,7,3
2017-07-19,totals,318250.377015,5360.41261258,1088666.0,2017,7,3
2017-07-20,futures,296697.44304,5008.24490546,1012068.0,2017,7,3
2017-07-20,options,45447.267442,767.148659257,37523.0,2017,7,3
2017-07-20,totals,342144.710482,5775.39356471,1049591.0,2017,7,3
2017-07-21,futures,273771.601545,4633.73297155,996994.0,2017,7,3
2017-07-21,options,25733.3208,435.550423731,25213.0,2017,7,3
2017-07-21,totals,299504.922345,5069.28339528,1022207.0,2017,7,3
2017-07-24,futures,394220.737322,6689.36049416,1328668.0,2017,7,3
2017-07-24,options,31380.41403,532.480618165,30751.0,2017,7,3
2017-07-24,totals,425601.151352,7221.841112319999,1359419.0,2017,7,3
2017-07-25,futures,307111.63264,5147.93910274,1107100.0,2017,7,3
2017-07-25,options,22337.019826,374.42286641000004,22108.0,2017,7,3
2017-07-25,totals,329448.652466,5522.36196915,1129208.0,2017,7,3
2017-07-26,futures,286296.413122,4786.084791859999,992758.0,2017,7,3
2017-07-26,options,23421.766886,391.547211749,22227.0,2017,7,3
2017-07-26,totals,309718.180008,5177.63200361,1014985.0,2017,7,3
2017-07-27,futures,315213.309466,5261.429764310001,1115027.0,2017,7,3
2017-07-27,options,19098.415265,318.784034522,22493.0,2017,7,3
2017-07-27,totals,334311.724731,5580.21379884,1137520.0,2017,7,3
2017-07-28,futures,291448.779737,4905.70272002,1088226.0,2017,7,3
2017-07-28,options,26168.108757,440.46491607499996,22643.0,2017,7,3
2017-07-28,totals,317616.888494,5346.1676361,1110869.0,2017,7,3
2017-07-31,futures,315523.77949,5299.0376713900005,1134412.0,2017,7,3
2017-07-31,options,34581.595571,580.77770862,26516.0,2017,7,3
2017-07-31,totals,350105.375061,5879.81538001,1160928.0,2017,7,3
2017-08-01,futures,330903.619261,5509.248064310001,1084775.0,2017,8,3
2017-08-01,options,30368.649591,505.610740519,23107.0,2017,8,3
2017-08-01,totals,361272.268852,6014.85880483,1107882.0,2017,8,3
2017-08-02,futures,357646.625011,5976.17569623,1164201.0,2017,8,3
2017-08-02,options,23621.246659,394.704466158,26809.0,2017,8,3
2017-08-02,totals,381267.87167,6370.88016239,1191010.0,2017,8,3
2017-08-03,futures,338609.157699,5589.27926821,1110955.0,2017,8,3
2017-08-03,options,25019.564048,412.987444237,26796.0,2017,8,3
2017-08-03,totals,363628.721747,6002.266712449999,1137751.0,2017,8,3
2017-08-04,futures,339519.345668,5588.76821461,1096156.0,2017,8,3
2017-08-04,options,17808.907828,293.14929848900005,19461.0,2017,8,3
2017-08-04,totals,357328.253496,5881.9175131,1115617.0,2017,8,3
2017-08-07,futures,276743.563885,4587.30780325,984994.0,2017,8,3
2017-08-07,options,20009.20199,331.673001305,20057.0,2017,8,3
2017-08-07,totals,296752.765875,4918.98080455,1005051.0,2017,8,3
2017-08-08,futures,269088.973092,4480.29858379,949681.0,2017,8,3
2017-08-08,options,23298.155019,387.911439615,21643.0,2017,8,3
2017-08-08,totals,292387.128111,4868.21002341,971324.0,2017,8,3
2017-08-09,futures,314305.891641,5239.42701848,1043104.0,2017,8,3
2017-08-09,options,22370.389678,372.910680996,21324.0,2017,8,3
2017-08-09,totals,336676.281319,5612.337699479999,1064428.0,2017,8,3
2017-08-10,futures,317495.379928,5295.02260512,1061944.0,2017,8,3
2017-08-10,options,28506.516532,475.41683745,34954.0,2017,8,3
2017-08-10,totals,346001.89646,5770.439442569999,1096898.0,2017,8,3
2017-08-11,futures,351352.236517,5862.73000272,1158786.0,2017,8,3
2017-08-11,options,27726.880694,462.655985737,37938.0,2017,8,3
2017-08-11,totals,379079.117211,6325.38598846,1196724.0,2017,8,3
2017-08-14,futures,254390.707197,4226.65092465,897833.0,2017,8,3
2017-08-14,options,23792.675086,395.31055697799997,21987.0,2017,8,3
2017-08-14,totals,278183.382283,4621.96148162,919820.0,2017,8,3
2017-08-15,futures,304096.968324,5085.31862279,983562.0,2017,8,3
2017-08-15,options,21924.916549,366.643531648,23318.0,2017,8,3
2017-08-15,totals,326021.884873,5451.962154430001,1006880.0,2017,8,3
2017-08-16,futures,281691.224501,4700.60414742,901890.0,2017,8,3
2017-08-16,options,23681.392571,395.17330486000003,25750.0,2017,8,3
2017-08-16,totals,305372.617072,5095.77745228,927640.0,2017,8,3
2017-08-17,futures,296766.343919,4974.95216294,953067.0,2017,8,3
2017-08-17,options,34677.193313,581.323931815,30923.0,2017,8,3
2017-08-17,totals,331443.537232,5556.27609476,983990.0,2017,8,3
2017-08-18,futures,267641.940422,4517.23979176,896091.0,2017,8,3
2017-08-18,options,24557.581496,414.480944759,24541.0,2017,8,3
2017-08-18,totals,292199.521918,4931.72073652,920632.0,2017,8,3
2017-08-21,futures,275456.554662,4640.34680333,890482.0,2017,8,3
2017-08-21,options,14634.252926,246.52892674,20011.0,2017,8,3
2017-08-21,totals,290090.807588,4886.87573007,910493.0,2017,8,3
2017-08-22,futures,250875.533195,4241.99721673,801260.0,2017,8,3
2017-08-22,options,15250.491094,257.86707835,16067.0,2017,8,3
2017-08-22,totals,266126.024289,4499.86429508,817327.0,2017,8,3
2017-08-23,futures,234536.767985,3972.5331469899998,770993.0,2017,8,3
2017-08-23,options,12100.523732,204.95605884900002,14321.0,2017,8,3
2017-08-23,totals,246637.291717,4177.48920584,785314.0,2017,8,3
2017-08-24,futures,214255.61705,3623.3936914899996,706916.0,2017,8,3
2017-08-24,options,16679.315096,282.07300200199995,16964.0,2017,8,3
2017-08-24,totals,230934.932146,3905.4666934899997,723880.0,2017,8,3
2017-08-25,futures,259495.941359,4387.84676552,843868.0,2017,8,3
2017-08-25,options,18229.778034,308.24941678799996,17939.0,2017,8,3
2017-08-25,totals,277725.719393,4696.096182310001,861807.0,2017,8,3
2017-08-28,futures,257047.560902,4345.86628878,822119.0,2017,8,3
2017-08-28,options,24690.381364,417.43674069599996,23671.0,2017,8,3
2017-08-28,totals,281737.942266,4763.30302947,845790.0,2017,8,3
2017-08-29,futures,300777.160129,5137.37123791,955731.0,2017,8,3
2017-08-29,options,14626.547129,249.826158669,15136.0,2017,8,3
2017-08-29,totals,315403.707258,5387.19739658,970867.0,2017,8,3
2017-08-30,futures,301810.467449,5156.33273165,1002563.0,2017,8,3
2017-08-30,options,29492.491652,503.86953550199996,24756.0,2017,8,3
2017-08-30,totals,331302.959101,5660.20226715,1027319.0,2017,8,3
2017-08-31,futures,338189.375034,5758.316363770001,1077846.0,2017,8,3
2017-08-31,options,35474.269145,604.016801208,30670.0,2017,8,3
2017-08-31,totals,373663.644179,6362.333164979999,1108516.0,2017,8,3
2017-09-01,futures,349357.952663,5967.299782100001,1075492.0,2017,9,3
2017-09-01,options,30367.366403,518.6977354840001,30546.0,2017,9,3
2017-09-01,totals,379725.319066,6485.99751758,1106038.0,2017,9,3
2017-09-04,futures,212637.637584,3662.64875945,753555.0,2017,9,3
2017-09-04,options,28539.928211,491.595626459,22679.0,2017,9,3
2017-09-04,totals,241177.565795,4154.244385909999,776234.0,2017,9,3
2017-09-05,futures,303703.124559,5256.043428270001,1051630.0,2017,9,3
2017-09-05,options,25681.605711,444.45915767400004,24156.0,2017,9,3
2017-09-05,totals,329384.73027,5700.502585939999,1075786.0,2017,9,3
2017-09-06,futures,283875.209572,4907.06547022,951605.0,2017,9,3
2017-09-06,options,19786.657696,342.03206718,20540.0,2017,9,3
2017-09-06,totals,303661.867268,5249.0975374,972145.0,2017,9,3
2017-09-07,futures,336366.141508,5866.3021922,1033748.0,2017,9,3
2017-09-07,options,47672.044403,831.411322597,31653.0,2017,9,3
2017-09-07,totals,384038.185911,6697.7135148,1065401.0,2017,9,3
2017-09-08,futures,282873.64983,4950.44109809,933341.0,2017,9,3
2017-09-08,options,23991.01204,419.85562125999996,20552.0,2017,9,3
2017-09-08,totals,306864.66187,5370.296719350001,953893.0,2017,9,3
2017-09-11,futures,283298.877475,4970.45222829,991482.0,2017,9,3
2017-09-11,options,24823.76279,435.530589368,21728.0,2017,9,3
2017-09-11,totals,308122.640265,5405.9828176599995,1013210.0,2017,9,3
2017-09-12,futures,316627.904398,5538.4157328599995,1076640.0,2017,9,3
2017-09-12,options,26995.510823,472.20210152600004,22569.0,2017,9,3
2017-09-12,totals,343623.415221,6010.61783438,1099209.0,2017,9,3
2017-09-13,futures,306972.623306,5360.5065398100005,1089817.0,2017,9,3
2017-09-13,options,27369.756319,477.944111631,27636.0,2017,9,3
2017-09-13,totals,334342.379625,5838.45065144,1117453.0,2017,9,3
2017-09-14,futures,337709.561701,5856.10992772,1146927.0,2017,9,3
2017-09-14,options,31181.037012,540.70006038,30047.0,2017,9,3
2017-09-14,totals,368890.598713,6396.809988100001,1176974.0,2017,9,3
2017-09-15,futures,329269.106176,5699.59644137,1061505.0,2017,9,3
2017-09-15,options,29693.923283,513.997141851,23821.0,2017,9,3
2017-09-15,totals,358963.029459,6213.59358322,1085326.0,2017,9,3
2017-09-18,futures,286788.004565,4984.70466936,941293.0,2017,9,3
2017-09-18,options,22650.29277,393.68808435399995,20278.0,2017,9,3
2017-09-18,totals,309438.297335,5378.39275371,961571.0,2017,9,3
2017-09-19,futures,318594.761271,5528.836170760001,1013685.0,2017,9,3
2017-09-19,options,25425.258512,441.225362122,22299.0,2017,9,3
2017-09-19,totals,344020.019783,5970.06153288,1035984.0,2017,9,3
2017-09-20,futures,415495.561654,7151.47276566,1132502.0,2017,9,3
2017-09-20,options,26802.062678,461.314726305,24602.0,2017,9,3
2017-09-20,totals,442297.624332,7612.787491970001,1157104.0,2017,9,3
2017-09-21,futures,433820.308738,7463.061617060001,1191244.0,2017,9,3
2017-09-21,options,39781.471939,684.3653243480001,34830.0,2017,9,3
2017-09-21,totals,473601.780677,8147.42694141,1226074.0,2017,9,3
2017-09-22,futures,256915.685679,4412.5240995799995,754529.0,2017,9,3
2017-09-22,options,27469.217728,471.78351489600004,22997.0,2017,9,3
2017-09-22,totals,284384.903407,4884.30761448,777526.0,2017,9,3
2017-09-25,futures,282510.730212,4900.21681919,868737.0,2017,9,3
2017-09-25,options,22852.571807,396.383375054,26155.0,2017,9,3
2017-09-25,totals,305363.302019,5296.60019425,894892.0,2017,9,3
2017-09-26,futures,334283.787558,5806.96570125,1005930.0,2017,9,3
2017-09-26,options,24987.481955,434.06667051700003,33899.0,2017,9,3
2017-09-26,totals,359271.269513,6241.03237176,1039829.0,2017,9,3
2017-09-27,futures,379485.182283,6597.608117770001,1143606.0,2017,9,3
2017-09-27,options,26085.799073,453.519367179,30060.0,2017,9,3
2017-09-27,totals,405570.981356,7051.12748495,1173666.0,2017,9,3
2017-09-28,futures,327461.321237,5644.89212651,977992.0,2017,9,3
2017-09-28,options,26002.193226,448.234848802,28723.0,2017,9,3
2017-09-28,totals,353463.514463,6093.1269753100005,1006715.0,2017,9,3
2017-09-29,futures,313569.012052,5366.98893552,990825.0,2017,9,3
2017-09-29,options,23530.300086,402.740243318,23310.0,2017,9,3
2017-09-29,totals,337099.312138,5769.72917883,1014135.0,2017,9,3
2017-10-02,futures,258301.871476,4452.183268600001,753166.0,2017,10,4
2017-10-02,options,17822.702538,307.198463517,19257.0,2017,10,4
2017-10-02,totals,276124.574014,4759.3817321199995,772423.0,2017,10,4
2017-10-03,futures,258896.102899,4478.13314732,770573.0,2017,10,4
2017-10-03,options,21436.882702,370.794360858,19761.0,2017,10,4
2017-10-03,totals,280332.985601,4848.92750817,790334.0,2017,10,4
2017-10-04,futures,243473.720886,4202.35116955,769508.0,2017,10,4
2017-10-04,options,24065.669464,415.372935732,22857.0,2017,10,4
2017-10-04,totals,267539.39035,4617.72410529,792365.0,2017,10,4
2017-10-05,futures,251986.573056,4360.89681873,847009.0,2017,10,4
2017-10-05,options,30663.122519,530.658089531,24251.0,2017,10,4
2017-10-05,totals,282649.695575,4891.55490826,871260.0,2017,10,4
2017-10-06,futures,365506.544627,6347.68256645,1043668.0,2017,10,4
2017-10-06,options,29250.689881,507.99116170099995,25994.0,2017,10,4
2017-10-06,totals,394757.234508,6855.67372815,1069662.0,2017,10,4
2017-10-09,futures,234237.9288,4055.28155232,695467.0,2017,10,4
2017-10-09,options,23958.799347,414.79054013800004,19378.0,2017,10,4
2017-10-09,totals,258196.728147,4470.07209246,714845.0,2017,10,4
2017-10-10,futures,249742.211628,4282.63368541,724063.0,2017,10,4
2017-10-10,options,17503.065221,300.146363823,16887.0,2017,10,4
2017-10-10,totals,267245.276849,4582.780049229999,740950.0,2017,10,4
2017-10-11,futures,252153.742405,4342.14047912,770127.0,2017,10,4
2017-10-11,options,18730.329149,322.540207452,18696.0,2017,10,4
2017-10-11,totals,270884.071554,4664.68068657,788823.0,2017,10,4
2017-10-12,futures,229187.460678,3956.89751002,684602.0,2017,10,4
2017-10-12,options,18283.766116,315.667307471,18559.0,2017,10,4
2017-10-12,totals,247471.226794,4272.56481749,703161.0,2017,10,4
2017-10-13,futures,307073.407936,5323.104689899999,909438.0,2017,10,4
2017-10-13,options,29227.850389,506.66356467400004,27475.0,2017,10,4
2017-10-13,totals,336301.258325,5829.76825458,936913.0,2017,10,4
2017-10-16,futures,235633.58691,4089.4693283200004,746309.0,2017,10,4
2017-10-16,options,23339.038412,405.053808287,22540.0,2017,10,4
2017-10-16,totals,258972.625322,4494.52313661,768849.0,2017,10,4
2017-10-17,futures,246612.962416,4320.01769986,791776.0,2017,10,4
2017-10-17,options,18517.616293,324.380476035,19076.0,2017,10,4
2017-10-17,totals,265130.578709,4644.3981759,810852.0,2017,10,4
2017-10-18,futures,259082.276311,4518.414563,846606.0,2017,10,4
2017-10-18,options,20408.016127,355.917350207,21519.0,2017,10,4
2017-10-18,totals,279490.292438,4874.33191321,868125.0,2017,10,4
2017-10-19,futures,297533.882673,5195.092945310001,963820.0,2017,10,4
2017-10-19,options,44467.395393,776.423343879,32887.0,2017,10,4
2017-10-19,totals,342001.278066,5971.51628919,996707.0,2017,10,4
2017-10-20,futures,277022.136841,4811.868155640001,825045.0,2017,10,4
2017-10-20,options,29480.917011,512.082851508,26547.0,2017,10,4
2017-10-20,totals,306503.053852,5323.95100715,851592.0,2017,10,4
2017-10-23,futures,206950.667198,3598.40358323,684805.0,2017,10,4
2017-10-23,options,20796.009424,361.595523423,18880.0,2017,10,4
2017-10-23,totals,227746.676622,3959.99910665,703685.0,2017,10,4
2017-10-24,futures,273615.764489,4760.96933891,852301.0,2017,10,4
2017-10-24,options,19534.107833,339.897405508,19682.0,2017,10,4
2017-10-24,totals,293149.872322,5100.86674442,871983.0,2017,10,4
2017-10-25,futures,261483.830974,4540.81658089,841829.0,2017,10,4
2017-10-25,options,18278.586788,317.41813500700005,19287.0,2017,10,4
2017-10-25,totals,279762.417762,4858.234715899999,861116.0,2017,10,4
2017-10-26,futures,280235.911368,4864.0245663900005,837654.0,2017,10,4
2017-10-26,options,24956.054888,433.159559968,26939.0,2017,10,4
2017-10-26,totals,305191.966256,5297.18412636,864593.0,2017,10,4
2017-10-27,futures,431786.258022,7474.96737642,1255312.0,2017,10,4
2017-10-27,options,37510.22748,649.3669529450001,35883.0,2017,10,4
2017-10-27,totals,469296.485502,8124.33432937,1291195.0,2017,10,4
2017-10-30,futures,274538.10274,4726.627149970001,852966.0,2017,10,4
2017-10-30,options,24716.917561,425.542583858,21706.0,2017,10,4
2017-10-30,totals,299255.020301,5152.16973383,874672.0,2017,10,4
2017-10-31,futures,269813.000521,4662.269585100001,846172.0,2017,10,4
2017-10-31,options,26764.595316,462.482380235,23011.0,2017,10,4
2017-10-31,totals,296577.595837,5124.75196533,869183.0,2017,10,4
2017-11-01,futures,312083.931534,5369.84184793,926008.0,2017,11,4
2017-11-01,options,24852.51744,427.622426825,22842.0,2017,11,4
2017-11-01,totals,336936.448974,5797.46427476,948850.0,2017,11,4
2017-11-02,futures,307095.620585,5280.57646258,933402.0,2017,11,4
2017-11-02,options,27678.582242,475.939284404,23286.0,2017,11,4
2017-11-02,totals,334774.202827,5756.51574699,956688.0,2017,11,4
2017-11-03,futures,356145.300015,6131.24990342,1159869.0,2017,11,4
2017-11-03,options,33227.827927,572.036516443,28880.0,2017,11,4
2017-11-03,totals,389373.127942,6703.28641986,1188749.0,2017,11,4
2017-11-07,futures,405851.035373,6945.9834634,1289673.0,2017,11,4
2017-11-07,options,54386.693035,930.807211328,47598.0,2017,11,4
2017-11-07,totals,460237.728408,7876.790674729999,1337271.0,2017,11,4
2017-11-08,futures,330252.616386,5649.62213071,1151909.0,2017,11,4
2017-11-08,options,28340.549211,484.820970598,32294.0,2017,11,4
2017-11-08,totals,358593.165597,6134.44310131,1184203.0,2017,11,4
2017-11-09,futures,406990.759809,6869.27423388,1246695.0,2017,11,4
2017-11-09,options,28388.583269,479.148380857,30964.0,2017,11,4
2017-11-09,totals,435379.343078,7348.4226147399995,1277659.0,2017,11,4
2017-11-10,futures,312568.139584,5275.171251,1144645.0,2017,11,4
2017-11-10,options,27181.039238,458.730812908,25158.0,2017,11,4
2017-11-10,totals,339749.178822,5733.90206391,1169803.0,2017,11,4
2017-11-13,futures,319847.781204,5395.47005445,1059986.0,2017,11,4
2017-11-13,options,27743.880853,468.00786853399995,25032.0,2017,11,4
2017-11-13,totals,347591.662057,5863.47792299,1085018.0,2017,11,4
2017-11-14,futures,391055.87676,6607.64919173,1173459.0,2017,11,4
2017-11-14,options,42660.525898,720.8325107000001,30925.0,2017,11,4
2017-11-14,totals,433716.402658,7328.48170243,1204384.0,2017,11,4
2017-11-15,futures,385472.046235,6465.40624708,1265719.0,2017,11,4
2017-11-15,options,49883.801241,836.685936948,40250.0,2017,11,4
2017-11-15,totals,435355.847476,7302.092184020001,1305969.0,2017,11,4
2017-11-16,futures,352976.78295,5858.63305532,1207666.0,2017,11,4
2017-11-16,options,43254.820929,717.934254992,39126.0,2017,11,4
2017-11-16,totals,396231.603879,6576.567310310001,1246792.0,2017,11,4
2017-11-17,futures,308425.325744,5141.29611607,1011990.0,2017,11,4
2017-11-17,options,30061.112097,501.103722583,28929.0,2017,11,4
2017-11-17,totals,338486.437841,5642.39983866,1040919.0,2017,11,4
2017-11-20,futures,309067.374719,5182.86797835,965369.0,2017,11,4
2017-11-20,options,23456.826504,393.356416451,26596.0,2017,11,4
2017-11-20,totals,332524.201223,5576.2243948000005,991965.0,2017,11,4
2017-11-21,futures,300835.673012,5075.28811687,992646.0,2017,11,4
2017-11-21,options,29397.039758,495.946657725,25440.0,2017,11,4
2017-11-21,totals,330232.71277,5571.234774590001,1018086.0,2017,11,4
2017-11-22,futures,275494.828636,4633.248828399999,885798.0,2017,11,4
2017-11-22,options,25192.85231,423.691268643,27016.0,2017,11,4
2017-11-22,totals,300687.680946,5056.94009704,912814.0,2017,11,4
2017-11-23,futures,245552.780476,4161.48127865,801503.0,2017,11,4
2017-11-23,options,20096.534647,340.58401838099996,22975.0,2017,11,4
2017-11-23,totals,265649.315123,4502.06529703,824478.0,2017,11,4
2017-11-24,futures,229834.310417,3931.33187627,764003.0,2017,11,4
2017-11-24,options,27533.471079,470.96193915,21000.0,2017,11,4
2017-11-24,totals,257367.781496,4402.29381542,785003.0,2017,11,4
2017-11-27,futures,244654.485859,4179.85583664,779719.0,2017,11,4
2017-11-27,options,23024.157223,393.361509863,21888.0,2017,11,4
2017-11-27,totals,267678.643082,4573.2173465,801607.0,2017,11,4
2017-11-28,futures,285057.218544,4891.39370808,892530.0,2017,11,4
2017-11-28,options,25194.23657,432.316469191,20912.0,2017,11,4
2017-11-28,totals,310251.455114,5323.710177270001,913442.0,2017,11,4
2017-11-29,futures,304369.129762,5210.68486646,912656.0,2017,11,4
2017-11-29,options,28340.682015,485.181802097,23170.0,2017,11,4
2017-11-29,totals,332709.811777,5695.86666856,935826.0,2017,11,4
2017-11-30,futures,430226.095592,7375.58687547,1144823.0,2017,11,4
2017-11-30,options,42458.686815,727.891070372,30665.0,2017,11,4
2017-11-30,totals,472684.782407,8103.477945850001,1175488.0,2017,11,4
2017-12-01,futures,316363.629896,5400.410879489999,908870.0,2017,12,4
2017-12-01,options,26935.675029,459.799100551,22610.0,2017,12,4
2017-12-01,totals,343299.304925,5860.20998004,931480.0,2017,12,4
2017-12-04,futures,380754.360199,6506.59726716,1125219.0,2017,12,4
2017-12-04,options,38989.406924,666.278301862,38183.0,2017,12,4
2017-12-04,totals,419743.767123,7172.8755690200005,1163402.0,2017,12,4
2017-12-05,futures,237049.792642,4018.39926094,720625.0,2017,12,4
2017-12-05,options,16137.602061,273.55994482200003,17079.0,2017,12,4
2017-12-05,totals,253187.394703,4291.95920576,737704.0,2017,12,4
2017-12-06,futures,273152.656032,4653.969781979999,789777.0,2017,12,4
2017-12-06,options,20165.079311,343.572239523,20501.0,2017,12,4
2017-12-06,totals,293317.735343,4997.54202151,810278.0,2017,12,4
2017-12-07,futures,278015.013776,4717.86827975,820499.0,2017,12,4
2017-12-07,options,25996.894821,441.162956569,24511.0,2017,12,4
2017-12-07,totals,304011.908597,5159.03123632,845010.0,2017,12,4
2017-12-08,futures,307703.738897,5189.38825828,873754.0,2017,12,4
2017-12-08,options,21090.885308,355.69536128,19590.0,2017,12,4
2017-12-08,totals,328794.624205,5545.08361956,893344.0,2017,12,4
2017-12-11,futures,253443.202414,4275.27833347,756206.0,2017,12,4
2017-12-11,options,24332.368604,410.45744097200003,18977.0,2017,12,4
2017-12-11,totals,277775.571018,4685.73577444,775183.0,2017,12,4
2017-12-12,futures,351538.709505,5934.6652559799995,915967.0,2017,12,4
2017-12-12,options,35478.684876,598.950023905,28189.0,2017,12,4
2017-12-12,totals,387017.394381,6533.61527989,944156.0,2017,12,4
2017-12-13,futures,316955.120609,5387.00342657,922287.0,2017,12,4
2017-12-13,options,27377.82187,465.316414331,22961.0,2017,12,4
2017-12-13,totals,344332.942479,5852.3198409,945248.0,2017,12,4
2017-12-14,futures,346160.744453,5852.78697384,1018767.0,2017,12,4
2017-12-14,options,27385.986978,463.034444024,26749.0,2017,12,4
2017-12-14,totals,373546.731431,6315.82141786,1045516.0,2017,12,4
2017-12-15,futures,270313.347528,4604.35420483,801991.0,2017,12,4
2017-12-15,options,26418.486166,449.99652801499997,16856.0,2017,12,4
2017-12-15,totals,296731.833694,5054.35073284,818847.0,2017,12,4
2017-12-18,futures,254423.398956,4319.67766616,716052.0,2017,12,4
2017-12-18,options,23750.134743,403.236994076,21361.0,2017,12,4
2017-12-18,totals,278173.533699,4722.91466024,737413.0,2017,12,4
2017-12-19,futures,279764.170959,4766.48671004,753316.0,2017,12,4
2017-12-19,options,26780.372713,456.271044962,19191.0,2017,12,4
2017-12-19,totals,306544.543672,5222.757755,772507.0,2017,12,4
2017-12-20,futures,314544.631208,5366.584337390001,794162.0,2017,12,4
2017-12-20,options,20653.101752,352.371655352,16040.0,2017,12,4
2017-12-20,totals,335197.73296,5718.95599275,810202.0,2017,12,4
2017-12-21,futures,308233.946928,5249.48391314,791838.0,2017,12,4
2017-12-21,options,35246.67014,600.2805003660001,24086.0,2017,12,4
2017-12-21,totals,343480.617068,5849.76441351,815924.0,2017,12,4
2017-12-22,futures,183197.046357,3128.3862314099997,568832.0,2017,12,4
2017-12-22,options,18392.560043,314.08274720099996,15044.0,2017,12,4
2017-12-22,totals,201589.6064,3442.4689786100002,583876.0,2017,12,4
2017-12-25,futures,121225.390048,2078.7957521900003,393539.0,2017,12,4
2017-12-25,options,18398.674398,315.503923471,15754.0,2017,12,4
2017-12-25,totals,139624.064446,2394.29967566,409293.0,2017,12,4
2017-12-26,futures,171231.240358,2942.17314001,508763.0,2017,12,4
2017-12-26,options,13200.853137,226.82306945699997,13288.0,2017,12,4
2017-12-26,totals,184432.093495,3168.99620946,522051.0,2017,12,4
2017-12-27,futures,237972.37069,4121.854264969999,697013.0,2017,12,4
2017-12-27,options,23080.407642,399.769420293,21643.0,2017,12,4
2017-12-27,totals,261052.778332,4521.6236852600005,718656.0,2017,12,4
2017-12-28,futures,178924.616615,3114.20216058,562240.0,2017,12,4
2017-12-28,options,18316.493194,318.800530403,16320.0,2017,12,4
2017-12-28,totals,197241.109809,3433.00269099,578560.0,2017,12,4
2017-12-29,futures,157691.7731,2736.32198143,447297.0,2017,12,4
2017-12-29,options,18179.161896,315.451081068,14515.0,2017,12,4
2017-12-29,totals,175870.934996,3051.7730625,461812.0,2017,12,4
2018-01-01,futures,,,,2018,1,1
2018-01-01,options,,,,2018,1,1
2018-01-01,totals,,,,2018,1,1
2018-01-02,futures,,,,2018,1,1
2018-01-02,options,,,,2018,1,1
2018-01-02,totals,,,,2018,1,1
2018-01-03,futures,118204.823894,2052.15995594,399246.0,2018,1,1
2018-01-03,options,20527.909063,356.38607267000003,14120.0,2018,1,1
2018-01-03,totals,138732.732957,2408.54602861,413366.0,2018,1,1
2018-01-04,futures,179158.740016,3110.383992,618036.0,2018,1,1
2018-01-04,options,35951.645075,624.158337558,31744.0,2018,1,1
2018-01-04,totals,215110.385091,3734.54232956,649780.0,2018,1,1
2018-01-05,futures,151097.265535,2623.20730718,530235.0,2018,1,1
2018-01-05,options,21398.464279,371.499826025,21910.0,2018,1,1
2018-01-05,totals,172495.729814,2994.7071331999996,552145.0,2018,1,1
2018-01-09,futures,185423.796627,3219.15195827,610638.0,2018,1,1
2018-01-09,options,29064.047747,504.582410252,26647.0,2018,1,1
2018-01-09,totals,214487.844374,3723.73436853,637285.0,2018,1,1
2018-01-10,futures,236136.879411,4139.38992382,721695.0,2018,1,1
2018-01-10,options,30547.42894,535.484841962,24723.0,2018,1,1
2018-01-10,totals,266684.308351,4674.8747657799995,746418.0,2018,1,1
2018-01-11,futures,224926.048276,3954.85496341,683148.0,2018,1,1
2018-01-11,options,30774.793873,541.110499337,23316.0,2018,1,1
2018-01-11,totals,255700.842149,4495.96546275,706464.0,2018,1,1
2018-01-12,futures,274976.451736,4824.5122305,779204.0,2018,1,1
2018-01-12,options,40985.385247,719.096094039,32877.0,2018,1,1
2018-01-12,totals,315961.836983,5543.60832454,812081.0,2018,1,1
2018-01-15,futures,223247.977967,3944.17816305,699975.0,2018,1,1
2018-01-15,options,34032.734384,601.264875985,29512.0,2018,1,1
2018-01-15,totals,257280.712351,4545.443039029999,729487.0,2018,1,1
2018-01-16,futures,222884.408394,3954.87346525,679393.0,2018,1,1
2018-01-16,options,24294.059313,431.075153406,22162.0,2018,1,1
2018-01-16,totals,247178.467707,4385.94861866,701555.0,2018,1,1
2018-01-17,futures,282008.168442,5001.22665616,855111.0,2018,1,1
2018-01-17,options,32880.766112,583.1184425,27055.0,2018,1,1
2018-01-17,totals,314888.934554,5584.34509866,882166.0,2018,1,1
2018-01-18,futures,257599.066185,4551.82340743,806165.0,2018,1,1
2018-01-18,options,38351.816832,677.683736043,33460.0,2018,1,1
2018-01-18,totals,295950.883017,5229.50714347,839625.0,2018,1,1
2018-01-19,futures,254816.261549,4489.38703955,775098.0,2018,1,1
2018-01-19,options,26615.780413,468.92038564300003,25604.0,2018,1,1
2018-01-19,totals,281432.041962,4958.3074252,800702.0,2018,1,1
2018-01-22,futures,176281.894884,3115.11551469,550062.0,2018,1,1
2018-01-22,options,19436.567517,343.46779097399997,16712.0,2018,1,1
2018-01-22,totals,195718.462401,3458.5833056700003,566774.0,2018,1,1
2018-01-23,futures,265601.737896,4690.447300729999,797730.0,2018,1,1
2018-01-23,options,24631.46676,434.98434043699996,22658.0,2018,1,1
2018-01-23,totals,290233.204656,5125.43164117,820388.0,2018,1,1
2018-01-24,futures,237899.912116,4217.22365326,709742.0,2018,1,1
2018-01-24,options,20796.4618,368.656422892,18769.0,2018,1,1
2018-01-24,totals,258696.373916,4585.88007615,728511.0,2018,1,1
2018-01-25,futures,361193.165848,6405.40614179,1046212.0,2018,1,1
2018-01-25,options,49333.338529,874.878318549,45833.0,2018,1,1
2018-01-25,totals,410526.504377,7280.28446034,1092045.0,2018,1,1
2018-01-26,futures,286182.191286,5116.90204843,903432.0,2018,1,1
2018-01-26,options,29859.115431,533.877276662,30009.0,2018,1,1
2018-01-26,totals,316041.306717,5650.77932509,933441.0,2018,1,1
2018-01-29,futures,254807.312536,4564.083636689999,823347.0,2018,1,1
2018-01-29,options,29745.855599,532.8048533909999,26269.0,2018,1,1
2018-01-29,totals,284553.168135,5096.88849008,849616.0,2018,1,1
2018-01-30,futures,325718.000519,5786.3452024,1018253.0,2018,1,1
2018-01-30,options,26131.14566,464.216988567,28273.0,2018,1,1
2018-01-30,totals,351849.146179,6250.56219096,1046526.0,2018,1,1
2018-01-31,futures,257607.544937,4576.32151513,830410.0,2018,1,1
2018-01-31,options,18245.611521,324.127868928,20634.0,2018,1,1
2018-01-31,totals,275853.156458,4900.449384060001,851044.0,2018,1,1
2018-02-01,futures,317780.777548,5656.0725037,1005624.0,2018,2,1
2018-02-01,options,30580.228558,544.2871379400001,28113.0,2018,2,1
2018-02-01,totals,348361.006106,6200.3596416400005,1033737.0,2018,2,1
2018-02-02,futures,340253.678535,6047.73936143,1035985.0,2018,2,1
2018-02-02,options,27128.326878,482.184501211,26934.0,2018,2,1
2018-02-02,totals,367382.005413,6529.92386264,1062919.0,2018,2,1
2018-02-05,futures,302814.066734,5403.45724426,926088.0,2018,2,1
2018-02-05,options,30142.249289,537.862580281,29003.0,2018,2,1
2018-02-05,totals,332956.316023,5941.31982454,955091.0,2018,2,1
2018-02-06,futures,489131.268676,8637.6526843,1525357.0,2018,2,1
2018-02-06,options,63634.416468,1123.7310379,57096.0,2018,2,1
2018-02-06,totals,552765.685144,9761.3837222,1582453.0,2018,2,1
2018-02-07,futures,356763.309293,6234.98432867,1148004.0,2018,2,1
2018-02-07,options,31252.155096,546.17919552,33342.0,2018,2,1
2018-02-07,totals,388015.464389,6781.163524189999,1181346.0,2018,2,1
2018-02-08,futures,471635.288957,8281.0879959,1457173.0,2018,2,1
2018-02-08,options,50278.884238,882.808972228,54480.0,2018,2,1
2018-02-08,totals,521914.173195,9163.896968129999,1511653.0,2018,2,1
2018-02-09,futures,470042.8507,8150.05220239,1571188.0,2018,2,1
2018-02-09,options,79015.910527,1370.05337844,63982.0,2018,2,1
2018-02-09,totals,549058.761227,9520.10558084,1635170.0,2018,2,1
2018-02-12,futures,510743.688415,8779.91893692,1604812.0,2018,2,1
2018-02-12,options,59511.446351,1023.02913699,56100.0,2018,2,1
2018-02-12,totals,570255.134766,9802.94807391,1660912.0,2018,2,1
2018-02-13,futures,349254.863049,6019.8607488,1122609.0,2018,2,1
2018-02-13,options,38058.692169,655.990943515,34819.0,2018,2,1
2018-02-13,totals,387313.555218,6675.8516923100005,1157428.0,2018,2,1
2018-02-14,futures,406745.714105,7040.76527659,1286921.0,2018,2,1
2018-02-14,options,47985.532182,830.629204069,43296.0,2018,2,1
2018-02-14,totals,454731.246287,7871.39448066,1330217.0,2018,2,1
2018-02-15,futures,417035.792612,7241.47450529,1331707.0,2018,2,1
2018-02-15,options,64474.018965,1119.5369147200001,54738.0,2018,2,1
2018-02-15,totals,481509.811577,8361.01142001,1386445.0,2018,2,1
2018-02-16,futures,324330.953075,5731.0591477,1123463.0,2018,2,1
2018-02-16,options,31931.032439,564.234260776,37058.0,2018,2,1
2018-02-16,totals,356261.985514,6295.29340848,1160521.0,2018,2,1
2018-02-19,futures,224023.732848,3975.19550652,822863.0,2018,2,1
2018-02-19,options,18532.169851,328.844615618,20674.0,2018,2,1
2018-02-19,totals,242555.902699,4304.040122140001,843537.0,2018,2,1
2018-02-20,futures,237940.115043,4223.00439521,882319.0,2018,2,1
2018-02-20,options,17069.214674,302.94752349000004,20282.0,2018,2,1
2018-02-20,totals,255009.329717,4525.9519187,902601.0,2018,2,1
2018-02-21,futures,257482.84958,4555.5979126,946508.0,2018,2,1
2018-02-21,options,30848.05923,545.789183494,26191.0,2018,2,1
2018-02-21,totals,288330.90881,5101.3870961,972699.0,2018,2,1
2018-02-22,futures,276955.334783,4888.56570326,986039.0,2018,2,1
2018-02-22,options,36826.841698,650.0341848459999,31013.0,2018,2,1
2018-02-22,totals,313782.176481,5538.5998881099995,1017052.0,2018,2,1
2018-02-26,futures,297937.430351,5248.999844100001,1007489.0,2018,2,1
2018-02-26,options,44732.055535,788.0800752460001,41494.0,2018,2,1
2018-02-26,totals,342669.485886,6037.079919350001,1048983.0,2018,2,1
2018-02-27,futures,272005.543567,4864.1211064,928965.0,2018,2,1
2018-02-27,options,29722.937538,531.518460716,25968.0,2018,2,1
2018-02-27,totals,301728.481105,5395.63956712,954933.0,2018,2,1
2018-02-28,futures,303132.39461,5444.99978643,1019195.0,2018,2,1
2018-02-28,options,33330.374266,598.6951048020001,30570.0,2018,2,1
2018-02-28,totals,336462.768876,6043.6948912299995,1049765.0,2018,2,1
2018-03-01,futures,394776.874364,7002.79337647,1234279.0,2018,3,1
2018-03-01,options,40937.67354,726.177463095,41579.0,2018,3,1
2018-03-01,totals,435714.547904,7728.97083957,1275858.0,2018,3,1
2018-03-02,futures,416074.895895,7372.84827593,1379146.0,2018,3,1
2018-03-02,options,49058.362747,869.314320013,43598.0,2018,3,1
2018-03-02,totals,465133.258642,8242.162595939999,1422744.0,2018,3,1
2018-03-05,futures,330030.360512,5824.585972020001,1043141.0,2018,3,1
2018-03-05,options,36399.512648,642.401779124,32873.0,2018,3,1
2018-03-05,totals,366429.87316,6466.98775114,1076014.0,2018,3,1
2018-03-06,futures,329753.564275,5775.01863879,1057999.0,2018,3,1
2018-03-06,options,39561.377926,692.843746515,34727.0,2018,3,1
2018-03-06,totals,369314.942201,6467.862385310001,1092726.0,2018,3,1
2018-03-07,futures,320095.568499,5664.9972037299995,1059098.0,2018,3,1
2018-03-07,options,39093.905253,691.877319575,35010.0,2018,3,1
2018-03-07,totals,359189.473752,6356.8745233,1094108.0,2018,3,1
2018-03-09,futures,255144.095524,4491.88652199,876313.0,2018,3,1
2018-03-09,options,29043.63572,511.32171243199997,25271.0,2018,3,1
2018-03-09,totals,284187.731244,5003.20823442,901584.0,2018,3,1
2018-03-12,futures,294544.018753,5185.533708909999,925499.0,2018,3,1
2018-03-12,options,33615.805343,591.816097628,28668.0,2018,3,1
2018-03-12,totals,328159.824096,5777.34980654,954167.0,2018,3,1
2018-03-13,futures,395119.126786,6979.3989067,1160119.0,2018,3,1
2018-03-13,options,27923.627227,493.24398675599997,28044.0,2018,3,1
2018-03-13,totals,423042.754013,7472.64289346,1188163.0,2018,3,1
2018-03-14,futures,499241.898256,8768.490499950001,1413314.0,2018,3,1
2018-03-14,options,45597.824924,800.8624597840001,43261.0,2018,3,1
2018-03-14,totals,544839.72318,9569.35295973,1456575.0,2018,3,1
2018-03-15,futures,419516.946499,7368.06422689,1322636.0,2018,3,1
2018-03-15,options,40215.700592,706.316794503,42784.0,2018,3,1
2018-03-15,totals,459732.647091,8074.381021390001,1365420.0,2018,3,1
2018-03-16,futures,311263.207877,5458.9575346599995,1026273.0,2018,3,1
2018-03-16,options,36602.623212,641.939556988,33513.0,2018,3,1
2018-03-16,totals,347865.831089,6100.89709164,1059786.0,2018,3,1
2018-03-19,futures,311782.589317,5422.85290198,1010163.0,2018,3,1
2018-03-19,options,34988.461113,608.556360694,32664.0,2018,3,1
2018-03-19,totals,346771.05043,6031.40926267,1042827.0,2018,3,1
2018-03-20,futures,314876.928475,5471.16314565,1007629.0,2018,3,1
2018-03-20,options,31628.047663,549.555058165,30837.0,2018,3,1
2018-03-20,totals,346504.976138,6020.71820382,1038466.0,2018,3,1
2018-03-21,futures,311238.231618,5393.76832205,955383.0,2018,3,1
2018-03-21,options,32653.764733,565.890767651,33544.0,2018,3,1
2018-03-21,totals,343891.996351,5959.65908971,988927.0,2018,3,1
2018-03-22,futures,383869.286958,6676.52172101,1194307.0,2018,3,1
2018-03-22,options,46172.074476,803.05684413,46278.0,2018,3,1
2018-03-22,totals,430041.361434,7479.57856514,1240585.0,2018,3,1
2018-03-23,futures,350138.126673,6160.1631038000005,1106890.0,2018,3,1
2018-03-23,options,40313.437779,709.255385448,35474.0,2018,3,1
2018-03-23,totals,390451.564452,6869.41848924,1142364.0,2018,3,1
2018-03-26,futures,346885.998243,6074.29532954,1100514.0,2018,3,1
2018-03-26,options,34520.987624,604.49448798,34613.0,2018,3,1
2018-03-26,totals,381406.985867,6678.789817520001,1135127.0,2018,3,1
2018-03-27,futures,297091.739564,5211.77918641,955199.0,2018,3,1
2018-03-27,options,32807.0947,575.5236869759999,29370.0,2018,3,1
2018-03-27,totals,329898.834264,5787.30287338,984569.0,2018,3,1
2018-03-28,futures,316039.7972,5527.61618688,1012582.0,2018,3,1
2018-03-28,options,34229.01235,598.67410498,32223.0,2018,3,1
2018-03-28,totals,350268.80955,6126.290291859999,1044805.0,2018,3,1
2018-03-29,futures,287062.0533,4987.19685093,887566.0,2018,3,1
2018-03-29,options,26946.673209,468.15091798400005,26105.0,2018,3,1
2018-03-29,totals,314008.726509,5455.34776891,913671.0,2018,3,1
2018-03-30,futures,151163.453944,2616.97800902,481162.0,2018,3,1
2018-03-30,options,28999.079658,502.039029718,23535.0,2018,3,1
2018-03-30,totals,180162.533602,3119.01703874,504697.0,2018,3,1
2018-04-02,futures,222877.422421,3892.04246268,732699.0,2018,4,2
2018-04-02,options,31314.936563,546.843468914,25870.0,2018,4,2
2018-04-02,totals,254192.358984,4438.88593159,758569.0,2018,4,2
2018-04-03,futures,265546.139413,4635.52656739,892235.0,2018,4,2
2018-04-03,options,26567.471778,463.777110553,22820.0,2018,4,2
2018-04-03,totals,292113.611191,5099.30367794,915055.0,2018,4,2
2018-04-04,futures,330733.479479,5748.1378141000005,1010815.0,2018,4,2
2018-04-04,options,38019.555316,660.7787150290001,30633.0,2018,4,2
2018-04-04,totals,368753.034795,6408.9165291300005,1041448.0,2018,4,2
2018-04-05,futures,306055.079978,5298.31557698,961472.0,2018,4,2
2018-04-05,options,32655.447664,565.319376642,29984.0,2018,4,2
2018-04-05,totals,338710.527642,5863.63495362,991456.0,2018,4,2
2018-04-06,futures,297228.027901,5162.037039180001,979100.0,2018,4,2
2018-04-06,options,37265.751977,647.2040788229999,27366.0,2018,4,2
2018-04-06,totals,334493.779878,5809.241118,1006466.0,2018,4,2
2018-04-09,futures,654413.867357,11315.539644299999,2147402.0,2018,4,2
2018-04-09,options,93146.353912,1610.6034926700002,93839.0,2018,4,2
2018-04-09,totals,747560.221269,12926.143137,2241241.0,2018,4,2
2018-04-10,futures,600486.268818,10252.2095907,2089940.0,2018,4,2
2018-04-10,options,57143.977536,975.629360678,59496.0,2018,4,2
2018-04-10,totals,657630.246354,11227.838951299998,2149436.0,2018,4,2
2018-04-11,futures,542329.098926,8695.36585638,1965178.0,2018,4,2
2018-04-11,options,42711.442308,684.808574457,46155.0,2018,4,2
2018-04-11,totals,585040.541234,9380.17443084,2011333.0,2018,4,2
2018-04-12,futures,515516.521933,8047.0746103500005,1951291.0,2018,4,2
2018-04-12,options,43924.983954,685.6572158170001,46594.0,2018,4,2
2018-04-12,totals,559441.505887,8732.73182617,1997885.0,2018,4,2
2018-04-13,futures,340307.906808,5483.00929831,1231750.0,2018,4,2
2018-04-13,options,40302.85195,649.355796822,32367.0,2018,4,2
2018-04-13,totals,380610.758758,6132.365095130001,1264117.0,2018,4,2
2018-04-16,futures,322090.476669,5243.11751977,1254192.0,2018,4,2
2018-04-16,options,25853.672011,420.856406787,27423.0,2018,4,2
2018-04-16,totals,347944.14868,5663.97392656,1281615.0,2018,4,2
2018-04-17,futures,383716.135117,6161.20475016,1416430.0,2018,4,2
2018-04-17,options,29663.868291,476.303051908,33120.0,2018,4,2
2018-04-17,totals,413380.003408,6637.507802069999,1449550.0,2018,4,2
2018-04-18,futures,317795.537825,5197.37441942,1145276.0,2018,4,2
2018-04-18,options,32788.56503,536.239276053,38925.0,2018,4,2
2018-04-18,totals,350584.102855,5733.6136954700005,1184201.0,2018,4,2
2018-04-19,futures,315257.972315,5121.65715438,1166438.0,2018,4,2
2018-04-19,options,31678.014434,514.638624588,33042.0,2018,4,2
2018-04-19,totals,346935.986749,5636.29577897,1199480.0,2018,4,2
2018-04-20,futures,267081.610248,4388.5815122700005,917693.0,2018,4,2
2018-04-20,options,18770.254734,308.42555138700004,21995.0,2018,4,2
2018-04-20,totals,285851.864982,4697.0070636499995,939688.0,2018,4,2
2018-04-23,futures,371369.99632,6056.04489598,1317414.0,2018,4,2
2018-04-23,options,23572.852853,384.40977089899997,30297.0,2018,4,2
2018-04-23,totals,394942.849173,6440.4546668699995,1347711.0,2018,4,2
2018-04-24,futures,278262.530135,4505.14494556,970863.0,2018,4,2
2018-04-24,options,16225.992051,262.703160357,20105.0,2018,4,2
2018-04-24,totals,294488.522186,4767.84810592,990968.0,2018,4,2
2018-04-25,futures,317591.077441,5150.314889,1120135.0,2018,4,2
2018-04-25,options,19185.701126,311.130913882,23033.0,2018,4,2
2018-04-25,totals,336776.778567,5461.44580288,1143168.0,2018,4,2
2018-04-26,futures,342094.699967,5540.0489716,1161231.0,2018,4,2
2018-04-26,options,18337.30946,296.963362559,25971.0,2018,4,2
2018-04-26,totals,360432.009427,5837.01233416,1187202.0,2018,4,2
2018-04-27,futures,275204.889442,4396.0546341,940006.0,2018,4,2
2018-04-27,options,13456.856517,214.95648777099998,17112.0,2018,4,2
2018-04-27,totals,288661.745959,4611.011121869999,957118.0,2018,4,2
2018-04-28,futures,90216.183558,1438.25819529,267121.0,2018,4,2
2018-04-28,options,7513.217814,119.77836645100001,7838.0,2018,4,2
2018-04-28,totals,97729.401372,1558.03656174,274959.0,2018,4,2
2018-04-30,futures,163698.310478,2640.30810597,573438.0,2018,4,2
2018-04-30,options,8650.313084,139.52185388,11160.0,2018,4,2
2018-04-30,totals,172348.623562,2779.82995985,584598.0,2018,4,2
2018-05-02,futures,256078.727508,4130.322042010001,849045.0,2018,5,2
2018-05-02,options,19907.014135,321.08242677,24240.0,2018,5,2
2018-05-02,totals,275985.741643,4451.40446878,873285.0,2018,5,2
2018-05-03,futures,290467.794255,4684.98709276,990863.0,2018,5,2
2018-05-03,options,17728.926635,285.95181323500003,22867.0,2018,5,2
2018-05-03,totals,308196.72089,4970.9389059899995,1013730.0,2018,5,2
2018-05-04,futures,332505.298919,5237.458635270001,1067532.0,2018,5,2
2018-05-04,options,20726.144352,326.467951233,22326.0,2018,5,2
2018-05-04,totals,353231.443271,5563.926586510001,1089858.0,2018,5,2
2018-05-07,futures,250696.19853,3966.6366861700003,742890.0,2018,5,2
2018-05-07,options,117407.963724,1857.6856724900001,20103.0,2018,5,2
2018-05-07,totals,368104.162254,5824.32235866,762993.0,2018,5,2
2018-05-08,futures,321771.276665,5130.70721209,966602.0,2018,5,2
2018-05-08,options,16546.461101,263.836623907,20106.0,2018,5,2
2018-05-08,totals,338317.737766,5394.543836,986708.0,2018,5,2
2018-05-10,futures,392759.58227,6233.62603711,1145180.0,2018,5,2
2018-05-10,options,33925.099796,538.437239845,38896.0,2018,5,2
2018-05-10,totals,426684.682066,6772.06327696,1184076.0,2018,5,2
2018-05-11,futures,260419.645395,4165.18820136,834361.0,2018,5,2
2018-05-11,options,30664.179357,490.447169869,29302.0,2018,5,2
2018-05-11,totals,291083.824752,4655.63537123,863663.0,2018,5,2
2018-05-14,futures,229341.246783,3714.90663028,755581.0,2018,5,2
2018-05-14,options,20858.704159,337.87266558600004,22777.0,2018,5,2
2018-05-14,totals,250199.950942,4052.7792958699997,778358.0,2018,5,2
2018-05-15,futures,371162.07134,6008.93128752,1089422.0,2018,5,2
2018-05-15,options,29301.297554,474.37358833999997,31906.0,2018,5,2
2018-05-15,totals,400463.368894,6483.30487586,1121328.0,2018,5,2
2018-05-16,futures,345386.523253,5578.2720451000005,1068656.0,2018,5,2
2018-05-16,options,26163.48379,422.56145044,27950.0,2018,5,2
2018-05-16,totals,371550.007043,6000.83349554,1096606.0,2018,5,2
2018-05-17,futures,274924.892337,4412.685882399999,833832.0,2018,5,2
2018-05-17,options,25859.010701,415.050417891,26580.0,2018,5,2
2018-05-17,totals,300783.903038,4827.73630029,860412.0,2018,5,2
2018-05-18,futures,291229.546169,4710.81332819,900368.0,2018,5,2
2018-05-18,options,18520.850268,299.585908915,20561.0,2018,5,2
2018-05-18,totals,309750.396437,5010.399237109999,920929.0,2018,5,2
2018-05-21,futures,226834.466836,3662.11716407,714737.0,2018,5,2
2018-05-21,options,20426.358338,329.772272,19569.0,2018,5,2
2018-05-21,totals,247260.825174,3991.889436,734306.0,2018,5,2
2018-05-22,futures,277201.555915,4432.90559843,842356.0,2018,5,2
2018-05-22,options,358.216813,5.728471871519999,23256.0,2018,5,2
2018-05-22,totals,277559.772728,4438.6340703000005,865612.0,2018,5,2
2018-05-23,futures,320069.232053,5224.68180495,971039.0,2018,5,2
2018-05-23,options,27034.138811,441.294441994,25571.0,2018,5,2
2018-05-23,totals,347103.370864,5665.976246939999,996610.0,2018,5,2
2018-05-24,futures,291657.752691,4735.12655661,864943.0,2018,5,2
2018-05-24,options,25181.217985,408.82250826,23221.0,2018,5,2
2018-05-24,totals,316838.970676,5143.94906487,888164.0,2018,5,2
2018-05-25,futures,337402.854545,5494.35513597,950475.0,2018,5,2
2018-05-25,options,24772.777524,403.40630077,25592.0,2018,5,2
2018-05-25,totals,362175.632069,5897.76143674,976067.0,2018,5,2
2018-05-28,futures,209849.586902,3403.00858176,602463.0,2018,5,2
2018-05-28,options,16515.102104,267.815796153,15112.0,2018,5,2
2018-05-28,totals,226364.689006,3670.82437791,617575.0,2018,5,2
2018-05-29,futures,303582.717887,4875.1861683100005,881528.0,2018,5,2
2018-05-29,options,28173.493835,452.433618137,28239.0,2018,5,2
2018-05-29,totals,331756.211722,5327.61978645,909767.0,2018,5,2
2018-05-30,futures,345528.43979,5515.9228599,992967.0,2018,5,2
2018-05-30,options,23065.238607,368.207250838,24328.0,2018,5,2
2018-05-30,totals,368593.678397,5884.1301107399995,1017295.0,2018,5,2
2018-05-31,futures,352934.915691,5638.50540375,980743.0,2018,5,2
2018-05-31,options,22144.104506,353.775292178,24761.0,2018,5,2
2018-05-31,totals,375079.020197,5992.280695930001,1005504.0,2018,5,2
2018-06-01,futures,300085.315261,4838.61853601,842471.0,2018,6,2
2018-06-01,options,14936.486909,240.838050865,16889.0,2018,6,2
2018-06-01,totals,315021.80217,5079.45658687,859360.0,2018,6,2
2018-06-04,futures,233745.54761,3757.6286959699996,711922.0,2018,6,2
2018-06-04,options,17013.46635,273.503773776,16460.0,2018,6,2
2018-06-04,totals,250759.01396,4031.13246975,728382.0,2018,6,2
2018-06-05,futures,283280.166637,4574.273226390001,811836.0,2018,6,2
2018-06-05,options,15782.499078,254.848279126,15744.0,2018,6,2
2018-06-05,totals,299062.665715,4829.12150551,827580.0,2018,6,2
2018-06-06,futures,306802.608522,4949.85025575,823771.0,2018,6,2
2018-06-06,options,17984.628315,290.157953654,16064.0,2018,6,2
2018-06-06,totals,324787.236837,5240.00820941,839835.0,2018,6,2
2018-06-07,futures,270476.276188,4362.07030545,793417.0,2018,6,2
2018-06-07,options,24978.590332,402.838905855,22806.0,2018,6,2
2018-06-07,totals,295454.86652,4764.9092113100005,816223.0,2018,6,2
2018-06-08,futures,350993.413984,5678.35654575,1118710.0,2018,6,2
2018-06-08,options,36905.391976,597.0538641210001,31557.0,2018,6,2
2018-06-08,totals,387898.80596,6275.41040987,1150267.0,2018,6,2
2018-06-09,futures,63067.985323,1006.38260872,212305.0,2018,6,2
2018-06-09,options,8622.074136,137.583362099,9055.0,2018,6,2
2018-06-09,totals,71690.059459,1143.96597081,221360.0,2018,6,2
2018-06-11,futures,160910.15862,2581.04198572,538582.0,2018,6,2
2018-06-11,options,9611.61087,154.172809341,11944.0,2018,6,2
2018-06-11,totals,170521.76949,2735.21479506,550526.0,2018,6,2
2018-06-13,futures,275065.563604,4412.12521681,841595.0,2018,6,2
2018-06-13,options,25910.561611,415.612338992,25757.0,2018,6,2
2018-06-13,totals,300976.125215,4827.7375558,867352.0,2018,6,2
2018-06-14,futures,377577.744342,5982.24462013,1063528.0,2018,6,2
2018-06-14,options,23931.456523,379.16383892299996,25760.0,2018,6,2
2018-06-14,totals,401509.200865,6361.408459050001,1089288.0,2018,6,2
2018-06-15,futures,374358.578478,6013.68615941,1068854.0,2018,6,2
2018-06-15,options,30977.016562,497.613962838,30352.0,2018,6,2
2018-06-15,totals,405335.59504,6511.30012225,1099206.0,2018,6,2
2018-06-18,futures,338333.177185,5397.34605488,1028154.0,2018,6,2
2018-06-18,options,34232.4882,546.1024741130001,33050.0,2018,6,2
2018-06-18,totals,372565.665385,5943.448529,1061204.0,2018,6,2
2018-06-19,futures,397543.295931,6262.12192608,1161626.0,2018,6,2
2018-06-19,options,41269.948481,650.086297307,37985.0,2018,6,2
2018-06-19,totals,438813.244412,6912.20822339,1199611.0,2018,6,2
2018-06-20,futures,355824.093866,5553.82449458,1048882.0,2018,6,2
2018-06-20,options,32742.71764,511.059566744,26066.0,2018,6,2
2018-06-20,totals,388566.811506,6064.88406132,1074948.0,2018,6,2
2018-06-21,futures,412623.05271,6485.99917806,1105070.0,2018,6,2
2018-06-21,options,29475.862039,463.329461846,25504.0,2018,6,2
2018-06-21,totals,442098.914749,6949.3286399,1130574.0,2018,6,2
2018-06-22,futures,344511.365053,5400.9397647,925405.0,2018,6,2
2018-06-22,options,20781.209981,325.78914581699996,23925.0,2018,6,2
2018-06-22,totals,365292.575034,5726.728910520001,949330.0,2018,6,2
2018-06-25,futures,267289.080611,4226.60928613,840035.0,2018,6,2
2018-06-25,options,16215.01285,256.405999564,20274.0,2018,6,2
2018-06-25,totals,283504.093461,4483.0152856899995,860309.0,2018,6,2
2018-06-26,futures,297507.668967,4726.11734396,900344.0,2018,6,2
2018-06-26,options,19784.168782,314.28535452899996,22457.0,2018,6,2
2018-06-26,totals,317291.837749,5040.40269849,922801.0,2018,6,2
2018-06-27,futures,336041.779077,5351.767760199999,1001363.0,2018,6,2
2018-06-27,options,25488.038681,405.919954532,26308.0,2018,6,2
2018-06-27,totals,361529.817758,5757.687714729999,1027671.0,2018,6,2
2018-06-28,futures,307337.802912,4867.8771176499995,908994.0,2018,6,2
2018-06-28,options,21007.384763,332.732799612,21817.0,2018,6,2
2018-06-28,totals,328345.187675,5200.609917260001,930811.0,2018,6,2
2018-06-29,futures,305097.16339,4820.54578676,855289.0,2018,6,2
2018-06-29,options,23422.021421,370.068752603,21176.0,2018,6,2
2018-06-29,totals,328519.184811,5190.61453937,876465.0,2018,6,2
2018-07-02,futures,278756.138015,4441.86877877,822423.0,2018,7,3
2018-07-02,options,20491.170791,326.518699912,21879.0,2018,7,3
2018-07-02,totals,299247.308806,4768.387478680001,844302.0,2018,7,3
2018-07-03,futures,258604.047167,4095.76345621,761581.0,2018,7,3
2018-07-03,options,11192.20171,177.261768563,14199.0,2018,7,3
2018-07-03,totals,269796.248877,4273.02522477,775780.0,2018,7,3
2018-07-04,futures,151335.363445,2393.8120805500002,485618.0,2018,7,3
2018-07-04,options,8084.727181,127.883643011,15720.0,2018,7,3
2018-07-04,totals,159420.090626,2521.69572356,501338.0,2018,7,3
2018-07-05,futures,246973.111233,3906.15216725,712889.0,2018,7,3
2018-07-05,options,19178.155311,303.323679885,22000.0,2018,7,3
2018-07-05,totals,266151.266544,4209.47584713,734889.0,2018,7,3
2018-07-06,futures,253971.505142,4014.69964057,790771.0,2018,7,3
2018-07-06,options,16574.264241,262.000623471,19305.0,2018,7,3
2018-07-06,totals,270545.769383,4276.70026404,810076.0,2018,7,3
2018-07-09,futures,197953.078403,3136.05926344,611741.0,2018,7,3
2018-07-09,options,21877.164872,346.587616157,22006.0,2018,7,3
2018-07-09,totals,219830.243275,3482.64687959,633747.0,2018,7,3
2018-07-10,futures,239470.454918,3811.1725682399997,747954.0,2018,7,3
2018-07-10,options,17928.303198,285.32896622500004,22697.0,2018,7,3
2018-07-10,totals,257398.758116,4096.50153446,770651.0,2018,7,3
2018-07-11,futures,325668.651179,5215.35468753,980234.0,2018,7,3
2018-07-11,options,29514.204095,472.649246768,32474.0,2018,7,3
2018-07-11,totals,355182.855274,5688.0039343,1012708.0,2018,7,3
2018-07-12,futures,348933.316271,5619.07495042,1041720.0,2018,7,3
2018-07-12,options,25952.166334,417.92274041,30651.0,2018,7,3
2018-07-12,totals,374885.482605,6036.99769083,1072371.0,2018,7,3
2018-07-13,futures,235396.921103,3784.13921929,747964.0,2018,7,3
2018-07-13,options,18453.481933,296.650204208,17777.0,2018,7,3
2018-07-13,totals,253850.403036,4080.7894235,765741.0,2018,7,3
2018-07-16,futures,306678.697267,4923.133064930001,926205.0,2018,7,3
2018-07-16,options,26806.899041,430.332893067,27584.0,2018,7,3
2018-07-16,totals,333485.596308,5353.465958,953789.0,2018,7,3
2018-07-17,futures,265131.947531,4258.764633719999,828468.0,2018,7,3
2018-07-17,options,20295.689494,326.005845161,23063.0,2018,7,3
2018-07-17,totals,285427.637025,4584.77047888,851531.0,2018,7,3
2018-07-18,futures,279729.311471,4480.3141732700005,909472.0,2018,7,3
2018-07-18,options,24014.82459,384.635984028,25498.0,2018,7,3
2018-07-18,totals,303744.136061,4864.9501573,934970.0,2018,7,3
2018-07-19,futures,318074.310181,5056.77704475,993718.0,2018,7,3
2018-07-19,options,29436.431084,467.98331151099995,32869.0,2018,7,3
2018-07-19,totals,347510.741265,5524.760356260001,1026587.0,2018,7,3
2018-07-20,futures,324780.740754,5132.8770273400005,1047577.0,2018,7,3
2018-07-20,options,19158.493544,302.783321333,24982.0,2018,7,3
2018-07-20,totals,343939.234298,5435.6603486700005,1072559.0,2018,7,3
2018-07-23,futures,237128.129638,3734.9600187399997,759989.0,2018,7,3
2018-07-23,options,17543.69318,276.32737081199997,18840.0,2018,7,3
2018-07-23,totals,254671.822818,4011.28738956,778829.0,2018,7,3
2018-07-24,futures,231099.80377,3656.89127219,720915.0,2018,7,3
2018-07-24,options,12191.661541,192.91916287,16292.0,2018,7,3
2018-07-24,totals,243291.465311,3849.81043506,737207.0,2018,7,3
2018-07-25,futures,311145.527915,4944.82233053,1018169.0,2018,7,3
2018-07-25,options,20339.505414,323.241800186,26042.0,2018,7,3
2018-07-25,totals,331485.033329,5268.06413071,1044211.0,2018,7,3
2018-07-26,futures,251179.067701,3981.6856948699997,802859.0,2018,7,3
2018-07-26,options,15259.586479,241.89466801199998,19250.0,2018,7,3
2018-07-26,totals,266438.65418,4223.58036288,822109.0,2018,7,3
2018-07-27,futures,211261.015903,3356.16757409,657444.0,2018,7,3
2018-07-27,options,10876.624555,172.789922888,11811.0,2018,7,3
2018-07-27,totals,222137.640458,3528.95749698,669255.0,2018,7,3
2018-07-30,futures,211421.074522,3357.35025268,676213.0,2018,7,3
2018-07-30,options,16264.427639,258.277848445,17993.0,2018,7,3
2018-07-30,totals,227685.502161,3615.6281011300002,694206.0,2018,7,3
2018-07-31,futures,223761.937899,3564.1948996700003,700108.0,2018,7,3
2018-07-31,options,13239.757775,210.889651643,15019.0,2018,7,3
2018-07-31,totals,237001.695674,3775.08455132,715127.0,2018,7,3
2018-08-01,futures,259046.150718,4154.72970548,744303.0,2018,8,3
2018-08-01,options,15822.761918,253.774467528,18565.0,2018,8,3
2018-08-01,totals,274868.912636,4408.50417301,762868.0,2018,8,3
2018-08-02,futures,283376.536434,4529.7485003599995,815067.0,2018,8,3
2018-08-02,options,20558.000765,328.61779704,27203.0,2018,8,3
2018-08-02,totals,303934.537199,4858.3662974,842270.0,2018,8,3
2018-08-03,futures,237699.594276,3764.89399479,738481.0,2018,8,3
2018-08-03,options,13792.074938,218.450941273,17348.0,2018,8,3
2018-08-03,totals,251491.669214,3983.34493606,755829.0,2018,8,3
2018-08-06,futures,214606.06202,3382.02506063,691535.0,2018,8,3
2018-08-06,options,12300.241914,193.842270873,15440.0,2018,8,3
2018-08-06,totals,226906.303934,3575.8673315100004,706975.0,2018,8,3
2018-08-07,futures,200912.782119,3164.1053918499997,645952.0,2018,8,3
2018-08-07,options,10883.183522,171.39546473500002,13908.0,2018,8,3
2018-08-07,totals,211795.965641,3335.50085658,659860.0,2018,8,3
2018-08-08,futures,413103.555957,6501.21660238,1264537.0,2018,8,3
2018-08-08,options,36012.06416,566.739806586,42193.0,2018,8,3
2018-08-08,totals,449115.620117,7067.956408970001,1306730.0,2018,8,3
2018-08-09,futures,438010.072097,6887.49228865,1442135.0,2018,8,3
2018-08-09,options,46959.411859,738.413583757,54468.0,2018,8,3
2018-08-09,totals,484969.483956,7625.90587241,1496603.0,2018,8,3
2018-08-10,futures,475212.674675,7169.16909065,1426084.0,2018,8,3
2018-08-10,options,45187.31054,681.706291261,50315.0,2018,8,3
2018-08-10,totals,520399.985215,7850.87538191,1476399.0,2018,8,3
2018-08-13,futures,410720.797437,6138.6361385,1248932.0,2018,8,3
2018-08-13,options,35378.050377,528.760607959,41000.0,2018,8,3
2018-08-13,totals,446098.847814,6667.39674646,1289932.0,2018,8,3
2018-08-14,futures,416351.830186,6102.771632399999,1192191.0,2018,8,3
2018-08-14,options,33069.333993,484.721283211,38136.0,2018,8,3
2018-08-14,totals,449421.164179,6587.49291561,1230327.0,2018,8,3
2018-08-15,futures,424565.967583,6360.2053462799995,1214305.0,2018,8,3
2018-08-15,options,32983.680771,494.111631165,38822.0,2018,8,3
2018-08-15,totals,457549.648354,6854.31697745,1253127.0,2018,8,3
2018-08-16,futures,332565.43986,5010.2360428,993026.0,2018,8,3
2018-08-16,options,27058.496926,407.647459158,32581.0,2018,8,3
2018-08-16,totals,359623.936786,5417.88350196,1025607.0,2018,8,3
2018-08-17,futures,327815.373858,4900.578442319999,967045.0,2018,8,3
2018-08-17,options,22184.68462,331.643345213,22209.0,2018,8,3
2018-08-17,totals,350000.058478,5232.22178754,989254.0,2018,8,3
2018-08-20,futures,264612.698996,3956.7839887399996,749574.0,2018,8,3
2018-08-20,options,15662.889487,234.208980048,18298.0,2018,8,3
2018-08-20,totals,280275.588483,4190.99296879,767872.0,2018,8,3
2018-08-21,futures,304920.328037,4538.80843809,860009.0,2018,8,3
2018-08-21,options,18114.143285,269.633142926,19395.0,2018,8,3
2018-08-21,totals,323034.471322,4808.441581020001,879404.0,2018,8,3
2018-08-22,futures,359364.692493,5349.41629206,991346.0,2018,8,3
2018-08-22,options,19975.514814,297.35070423,24181.0,2018,8,3
2018-08-22,totals,379340.207307,5646.76699629,1015527.0,2018,8,3
2018-08-23,futures,583141.702395,8624.277021889999,1736446.0,2018,8,3
2018-08-23,options,41546.267231,614.441595163,45726.0,2018,8,3
2018-08-23,totals,624687.969626,9238.718617049999,1782172.0,2018,8,3
2018-08-24,futures,337683.975331,4927.829847270001,1094617.0,2018,8,3
2018-08-24,options,27470.589528,400.878930857,26396.0,2018,8,3
2018-08-24,totals,365154.564859,5328.70877813,1121013.0,2018,8,3
2018-08-27,futures,257753.573855,3802.17423607,768122.0,2018,8,3
2018-08-27,options,21108.948808,311.382302515,21600.0,2018,8,3
2018-08-27,totals,278862.522663,4113.55653859,789722.0,2018,8,3
2018-08-28,futures,273842.212929,4063.16389667,792963.0,2018,8,3
2018-08-28,options,20191.538509,299.59416925,20271.0,2018,8,3
2018-08-28,totals,294033.751438,4362.75806592,813234.0,2018,8,3
2018-08-29,futures,292838.661328,4345.36105403,813401.0,2018,8,3
2018-08-29,options,20701.830256,307.18938043699995,19858.0,2018,8,3
2018-08-29,totals,313540.491584,4652.55043446,833259.0,2018,8,3
2018-08-30,futures,321993.870139,4725.12139742,945956.0,2018,8,3
2018-08-30,options,21168.09683,310.63270624,23634.0,2018,8,3
2018-08-30,totals,343161.966969,5035.75410366,969590.0,2018,8,3
2018-08-31,futures,332672.091771,4886.33711021,960253.0,2018,8,3
2018-08-31,options,23079.658202,338.997448698,21314.0,2018,8,3
2018-08-31,totals,355751.749973,5225.33455891,981567.0,2018,8,3
2018-09-03,futures,229569.986937,3373.81143479,696124.0,2018,9,3
2018-09-03,options,21248.133553,312.26728243300005,16679.0,2018,9,3
2018-09-03,totals,250818.12049,3686.07871723,712803.0,2018,9,3
2018-09-04,futures,295323.285341,4359.382048979999,838552.0,2018,9,3
2018-09-04,options,18852.662538,278.29149519599997,16450.0,2018,9,3
2018-09-04,totals,314175.947879,4637.67354418,855002.0,2018,9,3
2018-09-05,futures,307396.792257,4502.41882682,872982.0,2018,9,3
2018-09-05,options,15402.210534,225.59507590799998,14582.0,2018,9,3
2018-09-05,totals,322799.002791,4728.013902729999,887564.0,2018,9,3
2018-09-06,futures,371906.200264,5432.237657,1087065.0,2018,9,3
2018-09-06,options,32382.963562,473.000864148,36391.0,2018,9,3
2018-09-06,totals,404289.163826,5905.2385211499995,1123456.0,2018,9,3
2018-09-07,futures,404804.421316,5931.15686062,1149027.0,2018,9,3
2018-09-07,options,29790.574052,436.488729782,24116.0,2018,9,3
2018-09-07,totals,434594.995368,6367.64559041,1173143.0,2018,9,3
2018-09-10,futures,380088.494137,5506.24660122,1086661.0,2018,9,3
2018-09-10,options,28106.6384,407.173814912,24348.0,2018,9,3
2018-09-10,totals,408195.132537,5913.42041613,1111009.0,2018,9,3
2018-09-11,futures,397100.473528,5683.54084499,1112720.0,2018,9,3
2018-09-11,options,22606.329843,323.55539109899996,23665.0,2018,9,3
2018-09-11,totals,419706.803371,6007.09623609,1136385.0,2018,9,3
2018-09-12,futures,402970.037425,5758.820903430001,1174666.0,2018,9,3
2018-09-12,options,28310.188058,404.57921837099997,27664.0,2018,9,3
2018-09-12,totals,431280.225483,6163.4001218,1202330.0,2018,9,3
2018-09-13,futures,488639.362105,7023.4252768999995,1511344.0,2018,9,3
2018-09-13,options,42834.514978,615.679043793,40795.0,2018,9,3
2018-09-13,totals,531473.877083,7639.1043207,1552139.0,2018,9,3
2018-09-14,futures,406320.466512,5919.84595061,1216977.0,2018,9,3
2018-09-14,options,24895.160529,362.70758525300005,24238.0,2018,9,3
2018-09-14,totals,431215.627041,6282.55353586,1241215.0,2018,9,3
2018-09-17,futures,282313.908169,4134.49265507,834441.0,2018,9,3
2018-09-17,options,19679.282044,288.203466828,16886.0,2018,9,3
2018-09-17,totals,301993.190213,4422.6961218999995,851327.0,2018,9,3
2018-09-18,futures,382229.615258,5604.88498204,1018143.0,2018,9,3
2018-09-18,options,32025.444016,469.610210834,25397.0,2018,9,3
2018-09-18,totals,414255.059274,6074.49519287,1043540.0,2018,9,3
2018-09-19,futures,365905.733885,5400.67118243,1005496.0,2018,9,3
2018-09-19,options,37713.48164,556.640944977,29767.0,2018,9,3
2018-09-19,totals,403619.215525,5957.312127409999,1035263.0,2018,9,3
2018-09-20,futures,438225.337855,6539.720128319999,1231672.0,2018,9,3
2018-09-20,options,52116.434728,777.743475253,45092.0,2018,9,3
2018-09-20,totals,490341.772583,7317.4636035799995,1276764.0,2018,9,3
2018-09-21,futures,345595.960354,5199.08173085,989353.0,2018,9,3
2018-09-21,options,16799.736042,252.732122938,21999.0,2018,9,3
2018-09-21,totals,362395.696396,5451.81385379,1011352.0,2018,9,3
2018-09-24,futures,293804.790937,4434.80937932,843963.0,2018,9,3
2018-09-24,options,14887.196947,224.713424317,21621.0,2018,9,3
2018-09-24,totals,308691.987884,4659.52280364,865584.0,2018,9,3
2018-09-25,futures,304612.388881,4604.21933816,899091.0,2018,9,3
2018-09-25,options,18630.369286,281.598220147,21664.0,2018,9,3
2018-09-25,totals,323242.758167,4885.81755831,920755.0,2018,9,3
2018-09-26,futures,272526.803151,4140.2094535,792693.0,2018,9,3
2018-09-26,options,16213.590633,246.315813483,17674.0,2018,9,3
2018-09-26,totals,288740.393784,4386.525266979999,810367.0,2018,9,3
2018-09-27,futures,328793.186873,5000.01044539,951532.0,2018,9,3
2018-09-27,options,27822.329717,423.098606522,29346.0,2018,9,3
2018-09-27,totals,356615.51659,5423.10905191,980878.0,2018,9,3
2018-09-28,futures,315956.136692,4799.17577435,947479.0,2018,9,3
2018-09-28,options,21488.315842,326.394055517,25590.0,2018,9,3
2018-09-28,totals,337444.452534,5125.56982986,973069.0,2018,9,3
2018-10-01,futures,268696.914384,4096.57655798,788729.0,2018,10,4
2018-10-01,options,12903.990631,196.73536499099998,16766.0,2018,10,4
2018-10-01,totals,281600.905015,4293.31192297,805495.0,2018,10,4
2018-10-02,futures,326834.03499,4984.16358478,962387.0,2018,10,4
2018-10-02,options,22675.231219,345.793429138,24900.0,2018,10,4
2018-10-02,totals,349509.266209,5329.9570139200005,987287.0,2018,10,4
2018-10-03,futures,311794.262759,4780.50021019,950057.0,2018,10,4
2018-10-03,options,20957.916881,321.33152537300003,21583.0,2018,10,4
2018-10-03,totals,332752.17964,5101.83173556,971640.0,2018,10,4
2018-10-04,futures,393833.089171,6019.66680888,1145954.0,2018,10,4
2018-10-04,options,36381.977384,556.0918767920001,42820.0,2018,10,4
2018-10-04,totals,430215.066555,6575.75868567,1188774.0,2018,10,4
2018-10-05,futures,394420.534575,5956.97929476,1206741.0,2018,10,4
2018-10-05,options,26646.068614,402.438679293,26463.0,2018,10,4
2018-10-05,totals,421066.603189,6359.41797405,1233204.0,2018,10,4
2018-10-08,futures,303711.205333,4558.3803162799995,937682.0,2018,10,4
2018-10-08,options,25236.395023,378.771294265,22990.0,2018,10,4
2018-10-08,totals,328947.600356,4937.15161055,960672.0,2018,10,4
2018-10-09,futures,317248.476804,4737.27912084,1005823.0,2018,10,4
2018-10-09,options,17549.657853,262.058398396,17746.0,2018,10,4
2018-10-09,totals,334798.134657,4999.33751924,1023569.0,2018,10,4
2018-10-10,futures,361783.209967,5448.27975108,1139667.0,2018,10,4
2018-10-10,options,24502.785721,369.000074108,23653.0,2018,10,4
2018-10-10,totals,386285.995688,5817.279825189999,1163320.0,2018,10,4
2018-10-11,futures,461452.150718,6972.34571187,1388366.0,2018,10,4
2018-10-11,options,46615.724724,704.343771894,42445.0,2018,10,4
2018-10-11,totals,508067.875442,7676.68948377,1430811.0,2018,10,4
2018-10-12,futures,337762.092157,5058.38601939,1069575.0,2018,10,4
2018-10-12,options,23714.557016,355.153483624,24781.0,2018,10,4
2018-10-12,totals,361476.649173,5413.539503020001,1094356.0,2018,10,4
2018-10-15,futures,342884.119936,5197.17469069,1095655.0,2018,10,4
2018-10-15,options,27978.194129,424.072023066,25261.0,2018,10,4
2018-10-15,totals,370862.314065,5621.246713760001,1120916.0,2018,10,4
2018-10-16,futures,274902.209097,4180.97132046,923111.0,2018,10,4
2018-10-16,options,20321.551136,309.069260541,23552.0,2018,10,4
2018-10-16,totals,295223.760233,4490.040581,946663.0,2018,10,4
2018-10-17,futures,317215.285294,4840.72737571,1035971.0,2018,10,4
2018-10-17,options,26825.119775,409.35319851099996,25463.0,2018,10,4
2018-10-17,totals,344040.405069,5250.08057422,1061434.0,2018,10,4
2018-10-18,futures,311421.878257,4761.613120229999,1012466.0,2018,10,4
2018-10-18,options,24951.18806,381.501470278,27638.0,2018,10,4
2018-10-18,totals,336373.066317,5143.11459051,1040104.0,2018,10,4
2018-10-19,futures,325716.695039,4955.8408832,1098061.0,2018,10,4
2018-10-19,options,21835.748979,332.235034782,22195.0,2018,10,4
2018-10-19,totals,347552.444018,5288.07591798,1120256.0,2018,10,4
2018-10-22,futures,295091.587968,4483.72060607,1058703.0,2018,10,4
2018-10-22,options,28121.05225,427.280703954,27467.0,2018,10,4
2018-10-22,totals,323212.640218,4911.001310029999,1086170.0,2018,10,4
2018-10-23,futures,319537.704343,4892.89281072,1100319.0,2018,10,4
2018-10-23,options,27567.14794,422.119512453,25430.0,2018,10,4
2018-10-23,totals,347104.852283,5315.01232317,1125749.0,2018,10,4
2018-10-24,futures,477356.982607,7309.0836273,1587754.0,2018,10,4
2018-10-24,options,29394.160863,450.070676098,33710.0,2018,10,4
2018-10-24,totals,506751.14347,7759.154303390001,1621464.0,2018,10,4
2018-10-25,futures,376481.691414,5736.43554864,1282547.0,2018,10,4
2018-10-25,options,29042.731659,442.522869287,33408.0,2018,10,4
2018-10-25,totals,405524.423073,6178.95841793,1315955.0,2018,10,4
2018-10-26,futures,332830.108523,5062.23966385,1120837.0,2018,10,4
2018-10-26,options,20104.903798,305.789166418,24371.0,2018,10,4
2018-10-26,totals,352935.012321,5368.02883027,1145208.0,2018,10,4
2018-10-29,futures,299304.239125,4560.16636258,979508.0,2018,10,4
2018-10-29,options,17765.821696,270.678099109,20288.0,2018,10,4
2018-10-29,totals,317070.060821,4830.84446169,999796.0,2018,10,4
2018-10-30,futures,325660.365122,4948.27556789,1067088.0,2018,10,4
2018-10-30,options,17597.259036,267.383127563,20361.0,2018,10,4
2018-10-30,totals,343257.624158,5215.65869545,1087449.0,2018,10,4
2018-10-31,futures,317379.868651,4825.294243810001,986397.0,2018,10,4
2018-10-31,options,20213.426824,307.315434076,18836.0,2018,10,4
2018-10-31,totals,337593.295475,5132.60967788,1005233.0,2018,10,4
2018-11-01,futures,329607.240943,5024.79169438,1078280.0,2018,11,4
2018-11-01,options,19967.22937,304.39612919700005,25110.0,2018,11,4
2018-11-01,totals,349574.470313,5329.1878235799995,1103390.0,2018,11,4
2018-11-02,futures,346848.560392,5283.16190429,1065440.0,2018,11,4
2018-11-02,options,19480.839487,296.730160636,23100.0,2018,11,4
2018-11-02,totals,366329.399879,5579.892064930001,1088540.0,2018,11,4
2018-11-06,futures,234440.333117,3574.88091804,829503.0,2018,11,4
2018-11-06,options,20374.713124,310.685333829,19546.0,2018,11,4
2018-11-06,totals,254815.046241,3885.56625187,849049.0,2018,11,4
2018-11-07,futures,311117.537821,4714.53069229,1085919.0,2018,11,4
2018-11-07,options,26419.471475,400.348402135,23314.0,2018,11,4
2018-11-07,totals,337537.009296,5114.87909442,1109233.0,2018,11,4
2018-11-08,futures,302460.660509,4576.37196307,987886.0,2018,11,4
2018-11-08,options,18925.476969,286.351362332,23798.0,2018,11,4
2018-11-08,totals,321386.137478,4862.723325399999,1011684.0,2018,11,4
2018-11-09,futures,395021.129152,5965.6897426099995,1225295.0,2018,11,4
2018-11-09,options,37754.63895,570.1782656629999,36406.0,2018,11,4
2018-11-09,totals,432775.768102,6535.86800828,1261701.0,2018,11,4
2018-11-12,futures,341543.195516,5109.12084147,1049578.0,2018,11,4
2018-11-12,options,23080.401674,345.258118944,25875.0,2018,11,4
2018-11-12,totals,364623.59719,5454.37896041,1075453.0,2018,11,4
2018-11-13,futures,365707.15249,5415.97410824,1137804.0,2018,11,4
2018-11-13,options,33395.602685,494.575285825,30110.0,2018,11,4
2018-11-13,totals,399102.755175,5910.54939407,1167914.0,2018,11,4
2018-11-14,futures,542456.791905,8014.881413229999,1601695.0,2018,11,4
2018-11-14,options,36121.517859,533.700907475,40420.0,2018,11,4
2018-11-14,totals,578578.309764,8548.5823207,1642115.0,2018,11,4
2018-11-15,futures,399062.36104,5868.7798969099995,1238211.0,2018,11,4
2018-11-15,options,39876.534622,586.441187132,38584.0,2018,11,4
2018-11-15,totals,438938.895662,6455.22108404,1276795.0,2018,11,4
2018-11-16,futures,355997.701085,5344.03499893,1120472.0,2018,11,4
2018-11-16,options,16926.793275,254.095392767,21578.0,2018,11,4
2018-11-16,totals,372924.49436,5598.13039169,1142050.0,2018,11,4
2018-11-19,futures,303721.795798,4602.3265432,990686.0,2018,11,4
2018-11-19,options,15449.850877,234.113125115,15867.0,2018,11,4
2018-11-19,totals,319171.646675,4836.43966831,1006553.0,2018,11,4
2018-11-20,futures,383397.687603,5808.34303067,1204818.0,2018,11,4
2018-11-20,options,23689.768031,358.89183344199995,23985.0,2018,11,4
2018-11-20,totals,407087.455634,6167.23486412,1228803.0,2018,11,4
2018-11-21,futures,353669.720837,5392.36710934,1130358.0,2018,11,4
2018-11-21,options,21152.586504,322.511385684,23963.0,2018,11,4
2018-11-21,totals,374822.307341,5714.878495020001,1154321.0,2018,11,4
2018-11-22,futures,267650.647465,4058.47968437,847767.0,2018,11,4
2018-11-22,options,19597.79382,297.168151209,22757.0,2018,11,4
2018-11-22,totals,287248.441285,4355.64783558,870524.0,2018,11,4
2018-11-23,futures,339647.049503,5177.01773604,1062033.0,2018,11,4
2018-11-23,options,21702.158052,330.791794923,23463.0,2018,11,4
2018-11-23,totals,361349.207555,5507.80953096,1085496.0,2018,11,4
2018-11-26,futures,425768.315968,6483.80779163,1411396.0,2018,11,4
2018-11-26,options,34637.285827,527.473499796,39879.0,2018,11,4
2018-11-26,totals,460405.601795,7011.28129142,1451275.0,2018,11,4
2018-11-27,futures,363503.131651,5465.620739569999,1202778.0,2018,11,4
2018-11-27,options,19367.625049,291.210952333,23436.0,2018,11,4
2018-11-27,totals,382870.7567,5756.83169191,1226214.0,2018,11,4
2018-11-28,futures,386658.341869,5790.03207351,1268369.0,2018,11,4
2018-11-28,options,19959.653298,298.886692093,24895.0,2018,11,4
2018-11-28,totals,406617.995167,6088.9187656,1293264.0,2018,11,4
2018-11-29,futures,494170.994291,7381.900499689999,1550760.0,2018,11,4
2018-11-29,options,35428.129543,529.223548524,40583.0,2018,11,4
2018-11-29,totals,529599.123834,7911.12404821,1591343.0,2018,11,4
2018-11-30,futures,375487.817796,5635.0615419099995,1201683.0,2018,11,4
2018-11-30,options,22991.113386,345.034732705,22858.0,2018,11,4
2018-11-30,totals,398478.931182,5980.09627462,1224541.0,2018,11,4
2018-12-03,futures,375902.874853,5649.82865553,1138526.0,2018,12,4
2018-12-03,options,20633.37555,310.12009814600003,22650.0,2018,12,4
2018-12-03,totals,396536.250403,5959.948753680001,1161176.0,2018,12,4
2018-12-04,futures,324760.891447,4898.93805517,969431.0,2018,12,4
2018-12-04,options,16095.974639,242.803812807,16478.0,2018,12,4
2018-12-04,totals,340856.866086,5141.741867979999,985909.0,2018,12,4
2018-12-05,futures,312464.69905,4702.48633943,960311.0,2018,12,4
2018-12-05,options,17813.068682,268.080562044,19056.0,2018,12,4
2018-12-05,totals,330277.767732,4970.566901470001,979367.0,2018,12,4
2018-12-06,futures,497975.162685,7452.01832098,1403460.0,2018,12,4
2018-12-06,options,26784.135466,400.814906366,31504.0,2018,12,4
2018-12-06,totals,524759.298151,7852.83322735,1434964.0,2018,12,4
2018-12-07,futures,536397.310408,8037.39581088,1580995.0,2018,12,4
2018-12-07,options,22556.248323,337.98360331599997,28962.0,2018,12,4
2018-12-07,totals,558953.558731,8375.3794142,1609957.0,2018,12,4
2018-12-10,futures,359721.823589,5375.18395984,1138454.0,2018,12,4
2018-12-10,options,22329.999604,333.668540032,24137.0,2018,12,4
2018-12-10,totals,382051.823193,5708.8524998699995,1162591.0,2018,12,4
2018-12-11,futures,309534.988833,4672.818724680001,969129.0,2018,12,4
2018-12-11,options,18210.475059,274.909951737,19535.0,2018,12,4
2018-12-11,totals,327745.463892,4947.72867642,988664.0,2018,12,4
2018-12-12,futures,327564.23726,4925.615051229999,1048868.0,2018,12,4
2018-12-12,options,20021.769651,301.069282685,19627.0,2018,12,4
2018-12-12,totals,347586.006911,5226.68433392,1068495.0,2018,12,4
2018-12-13,futures,326631.278085,4917.47943972,1076324.0,2018,12,4
2018-12-13,options,19415.370546,292.301111009,21572.0,2018,12,4
2018-12-13,totals,346046.648631,5209.78055073,1097896.0,2018,12,4
2018-12-14,futures,373303.199737,5634.34004584,1115771.0,2018,12,4
2018-12-14,options,20157.961535,304.24815538400003,20762.0,2018,12,4
2018-12-14,totals,393461.161272,5938.58820122,1136533.0,2018,12,4
2018-12-17,futures,294411.267112,4431.65542657,959997.0,2018,12,4
2018-12-17,options,19345.495658,291.200033387,19464.0,2018,12,4
2018-12-17,totals,313756.76277,4722.855459949999,979461.0,2018,12,4
2018-12-18,futures,380869.434421,5716.97479497,1180511.0,2018,12,4
2018-12-18,options,21523.697587,323.077741291,23832.0,2018,12,4
2018-12-18,totals,402393.132008,6040.05253626,1204343.0,2018,12,4
2018-12-19,futures,497199.312045,7449.192184699999,1371647.0,2018,12,4
2018-12-19,options,38042.33889,569.9619582769999,32532.0,2018,12,4
2018-12-19,totals,535241.650935,8019.15414298,1404179.0,2018,12,4
2018-12-20,futures,634016.306507,9447.123641,1826221.0,2018,12,4
2018-12-20,options,41258.103791,614.764011125,40805.0,2018,12,4
2018-12-20,totals,675274.410298,10061.8876521,1867026.0,2018,12,4
2018-12-21,futures,476248.953868,7069.0497969200005,1390983.0,2018,12,4
2018-12-21,options,23986.379703,356.034194282,30216.0,2018,12,4
2018-12-21,totals,500235.333571,7425.0839912,1421199.0,2018,12,4
2018-12-24,futures,351990.387256,5175.682264069999,1026918.0,2018,12,4
2018-12-24,options,17041.4387,250.57807038800001,22666.0,2018,12,4
2018-12-24,totals,369031.825956,5426.26033446,1049584.0,2018,12,4
2018-12-25,futures,223441.905712,3266.34592671,852586.0,2018,12,4
2018-12-25,options,18143.750601,265.231204871,25260.0,2018,12,4
2018-12-25,totals,241585.656313,3531.57713158,877846.0,2018,12,4
2018-12-26,futures,267011.670861,3884.09990081,844247.0,2018,12,4
2018-12-26,options,17621.678725,256.334715135,21392.0,2018,12,4
2018-12-26,totals,284633.349586,4140.43461594,865639.0,2018,12,4
2018-12-27,futures,446434.67209,6480.72803946,1305532.0,2018,12,4
2018-12-27,options,22452.178439,325.930021688,27614.0,2018,12,4
2018-12-27,totals,468886.850529,6806.65806114,1333146.0,2018,12,4
2018-12-28,futures,305508.49468,4435.617741399999,954514.0,2018,12,4
2018-12-28,options,16127.485725,234.151793,20484.0,2018,12,4
2018-12-28,totals,321635.980405,4669.769534399999,974998.0,2018,12,4
2018-12-29,futures,96466.59595,1387.57333599,321271.0,2018,12,4
2018-12-29,options,8723.767567,125.48247552599999,9475.0,2018,12,4
2018-12-29,totals,105190.363517,1513.05581152,330746.0,2018,12,4
2019-01-03,futures,205544.687843,2958.7291292,664391.0,2019,1,1
2019-01-03,options,10732.090336,154.483916016,14154.0,2019,1,1
2019-01-03,totals,216276.778179,3113.21304522,678545.0,2019,1,1
2019-01-04,futures,242718.155557,3493.82552557,737487.0,2019,1,1
2019-01-04,options,11312.46125,162.83811065400002,16338.0,2019,1,1
2019-01-04,totals,254030.616807,3656.66363623,753825.0,2019,1,1
2019-01-07,futures,,,,2019,1,1
2019-01-07,options,,,,2019,1,1
2019-01-07,totals,,,,2019,1,1
2019-01-08,futures,254639.681264,3665.43086232,783549.0,2019,1,1
2019-01-08,options,17177.389592,247.261281636,22102.0,2019,1,1
2019-01-08,totals,271817.070856,3912.69214396,805651.0,2019,1,1
2019-01-09,futures,244987.565851,3526.49273003,784681.0,2019,1,1
2019-01-09,options,13497.231796,194.286961621,19269.0,2019,1,1
2019-01-09,totals,258484.797647,3720.77969165,803950.0,2019,1,1
2019-01-10,futures,302656.526049,4511.907901060001,949346.0,2019,1,1
2019-01-10,options,17058.439207,254.30182406,21756.0,2019,1,1
2019-01-10,totals,319714.965256,4766.20972512,971102.0,2019,1,1
2019-01-11,futures,299485.893303,4479.26493674,941919.0,2019,1,1
2019-01-11,options,19196.137753,287.10730181499997,19759.0,2019,1,1
2019-01-11,totals,318682.031056,4766.37223856,961678.0,2019,1,1
2019-01-14,futures,266598.518158,3984.03564668,794910.0,2019,1,1
2019-01-14,options,14173.456331,211.80746108199997,17517.0,2019,1,1
2019-01-14,totals,280771.974489,4195.84310776,812427.0,2019,1,1
2019-01-15,futures,261834.575374,3896.81175399,878211.0,2019,1,1
2019-01-15,options,12838.70652,191.07492737200002,16841.0,2019,1,1
2019-01-15,totals,274673.281894,4087.8866813600002,895052.0,2019,1,1
2019-01-16,futures,284443.154744,4240.230684,855454.0,2019,1,1
2019-01-16,options,19213.36207,286.416059002,20408.0,2019,1,1
2019-01-16,totals,303656.516814,4526.646743,875862.0,2019,1,1
2019-01-17,futures,287844.901121,4311.52743446,883894.0,2019,1,1
2019-01-17,options,22909.560459,343.15424051499997,24244.0,2019,1,1
2019-01-17,totals,310754.46158,4654.68167497,908138.0,2019,1,1
2019-01-18,futures,306109.036975,4607.03687891,938766.0,2019,1,1
2019-01-18,options,21965.959902,330.594576198,25479.0,2019,1,1
2019-01-18,totals,328074.996877,4937.6314551099995,964245.0,2019,1,1
2019-01-21,futures,190099.082532,2865.92044631,646862.0,2019,1,1
2019-01-21,options,13910.329665,209.711155208,16460.0,2019,1,1
2019-01-21,totals,204009.412197,3075.63160152,663322.0,2019,1,1
2019-01-22,futures,244236.665977,3680.29163631,763710.0,2019,1,1
2019-01-22,options,10433.719939,157.22099740200002,13601.0,2019,1,1
2019-01-22,totals,254670.385916,3837.51263371,777311.0,2019,1,1
2019-01-23,futures,266852.456714,4009.81003298,831809.0,2019,1,1
2019-01-23,options,17206.686717,258.553156609,19173.0,2019,1,1
2019-01-23,totals,284059.143431,4268.36318959,850982.0,2019,1,1
2019-01-24,futures,314822.777655,4746.18173568,1018303.0,2019,1,1
2019-01-24,options,20186.582088,304.32736768800004,24329.0,2019,1,1
2019-01-24,totals,335009.359743,5050.50910337,1042632.0,2019,1,1
2019-01-25,futures,291508.000353,4416.68081309,925968.0,2019,1,1
2019-01-25,options,16027.327206,242.83240415400002,21201.0,2019,1,1
2019-01-25,totals,307535.327559,4659.51321724,947169.0,2019,1,1
2019-01-28,futures,255192.955189,3871.42854179,801707.0,2019,1,1
2019-01-28,options,15220.817102,230.908826282,17901.0,2019,1,1
2019-01-28,totals,270413.772291,4102.337368070001,819608.0,2019,1,1
2019-01-29,futures,383624.231998,5818.65966932,992989.0,2019,1,1
2019-01-29,options,15746.731908,238.84016241499998,20294.0,2019,1,1
2019-01-29,totals,399370.963906,6057.49983173,1013283.0,2019,1,1
2019-01-30,futures,252232.562041,3802.0500389,786973.0,2019,1,1
2019-01-30,options,14759.792685,222.483052537,16689.0,2019,1,1
2019-01-30,totals,266992.354726,4024.53309144,803662.0,2019,1,1
2019-01-31,futures,349336.063016,5285.06707418,1046603.0,2019,1,1
2019-01-31,options,30156.239984,456.23045512199997,37507.0,2019,1,1
2019-01-31,totals,379492.303,5741.2975293,1084110.0,2019,1,1
2019-02-01,futures,289356.324556,4427.272143239999,910924.0,2019,2,1
2019-02-01,options,18642.991492,285.245525653,22217.0,2019,2,1
2019-02-01,totals,307999.316048,4712.51766889,933141.0,2019,2,1
2019-02-04,futures,250544.040945,3815.77306378,773849.0,2019,2,1
2019-02-04,options,14873.963892,226.529717317,15267.0,2019,2,1
2019-02-04,totals,265418.004837,4042.3027810999997,789116.0,2019,2,1
2019-02-05,futures,266929.546151,4069.92274484,807459.0,2019,2,1
2019-02-05,options,12060.740422,183.892275962,14659.0,2019,2,1
2019-02-05,totals,278990.286573,4253.815020800001,822118.0,2019,2,1
2019-02-06,futures,245850.428304,3749.48608878,758381.0,2019,2,1
2019-02-06,options,14115.140379,215.271223473,14767.0,2019,2,1
2019-02-06,totals,259965.568683,3964.75731226,773148.0,2019,2,1
2019-02-07,futures,265216.059506,4038.70433519,849761.0,2019,2,1
2019-02-07,options,21702.704261,330.488304319,23576.0,2019,2,1
2019-02-07,totals,286918.763767,4369.19263951,873337.0,2019,2,1
2019-02-08,futures,287346.537999,4352.42310272,897509.0,2019,2,1
2019-02-08,options,17053.62102,258.3103128,21092.0,2019,2,1
2019-02-08,totals,304400.159019,4610.733415520001,918601.0,2019,2,1
2019-02-11,futures,269205.136709,4074.98829461,816079.0,2019,2,1
2019-02-11,options,17037.535793,257.899086823,16702.0,2019,2,1
2019-02-11,totals,286242.672502,4332.8873814300005,832781.0,2019,2,1
2019-02-12,futures,262823.282964,4003.29744643,782458.0,2019,2,1
2019-02-12,options,14349.612522,218.571834728,15463.0,2019,2,1
2019-02-12,totals,277172.895486,4221.869281159999,797921.0,2019,2,1
2019-02-13,futures,330873.918376,5035.0061459,1030670.0,2019,2,1
2019-02-13,options,23611.225131,359.29898684799997,24989.0,2019,2,1
2019-02-13,totals,354485.143507,5394.30513275,1055659.0,2019,2,1
2019-02-14,futures,478772.790315,7289.66477992,1412036.0,2019,2,1
2019-02-14,options,52475.250208,798.9739412869999,53961.0,2019,2,1
2019-02-14,totals,531248.040523,8088.63872121,1465997.0,2019,2,1
2019-02-15,futures,303866.957776,4566.48204055,943991.0,2019,2,1
2019-02-15,options,21345.010427,320.77066714899996,24100.0,2019,2,1
2019-02-15,totals,325211.968203,4887.2527076999995,968091.0,2019,2,1
2019-02-18,futures,243734.166552,3653.94436577,786966.0,2019,2,1
2019-02-18,options,17424.899927,261.22564519,22207.0,2019,2,1
2019-02-18,totals,261159.066479,3915.17001096,809173.0,2019,2,1
2019-02-19,futures,224134.281012,3383.3121652600003,768511.0,2019,2,1
2019-02-19,options,16208.204813,244.66322721,17868.0,2019,2,1
2019-02-19,totals,240342.485825,3627.97539247,786379.0,2019,2,1
2019-02-20,futures,247388.45474,3736.86153542,860445.0,2019,2,1
2019-02-20,options,24374.373878,368.180723269,26917.0,2019,2,1
2019-02-20,totals,271762.828618,4105.04225869,887362.0,2019,2,1
2019-02-21,futures,246323.859998,3740.29500367,860404.0,2019,2,1
2019-02-21,options,24791.243297,376.441662774,27927.0,2019,2,1
2019-02-21,totals,271115.103295,4116.73666645,888331.0,2019,2,1
2019-02-22,futures,225292.0615,3437.46899227,741332.0,2019,2,1
2019-02-22,options,16699.814924,254.80301256799999,19607.0,2019,2,1
2019-02-22,totals,241991.876424,3692.27200483,760939.0,2019,2,1
2019-02-25,futures,266795.022934,4072.280091,864183.0,2019,2,1
2019-02-25,options,23698.90736,361.733092167,24521.0,2019,2,1
2019-02-25,totals,290493.930294,4434.01318317,888704.0,2019,2,1
2019-02-26,futures,291324.161211,4464.177087489999,887803.0,2019,2,1
2019-02-26,options,20796.998837,318.687901858,17900.0,2019,2,1
2019-02-26,totals,312121.160048,4782.8649893500005,905703.0,2019,2,1
2019-02-27,futures,355442.749923,5416.83176197,929032.0,2019,2,1
2019-02-27,options,19205.88629,292.691452829,20843.0,2019,2,1
2019-02-27,totals,374648.636213,5709.52321479,949875.0,2019,2,1
2019-02-28,futures,315542.908295,4798.620805310001,888313.0,2019,2,1
2019-02-28,options,16086.129364,244.629915659,18123.0,2019,2,1
2019-02-28,totals,331629.037659,5043.250720970001,906436.0,2019,2,1
2019-03-01,futures,292098.676703,4433.15970986,894356.0,2019,3,1
2019-03-01,options,13368.642068,202.894878061,17092.0,2019,3,1
2019-03-01,totals,305467.318771,4636.05458792,911448.0,2019,3,1
2019-03-04,futures,265750.172332,4037.8666149899996,847866.0,2019,3,1
2019-03-04,options,15806.263689,240.16384974399998,15023.0,2019,3,1
2019-03-04,totals,281556.436021,4278.03046473,862889.0,2019,3,1
2019-03-05,futures,264462.912612,4019.4619794,912755.0,2019,3,1
2019-03-05,options,17056.960612,259.24166071900004,13188.0,2019,3,1
2019-03-05,totals,281519.873224,4278.70364012,925943.0,2019,3,1
2019-03-06,futures,256842.449605,3903.3569644699996,879213.0,2019,3,1
2019-03-06,options,17166.028485,260.880305971,15185.0,2019,3,1
2019-03-06,totals,274008.47809,4164.23727044,894398.0,2019,3,1
2019-03-07,futures,291311.640683,4424.3372975600005,866962.0,2019,3,1
2019-03-07,options,17627.024594,267.71296256200003,17967.0,2019,3,1
2019-03-07,totals,308938.665277,4692.05026012,884929.0,2019,3,1
2019-03-08,futures,,,,2019,3,1
2019-03-08,options,,,,2019,3,1
2019-03-08,totals,,,,2019,3,1
2019-03-11,futures,251578.552815,3813.84186086,756411.0,2019,3,1
2019-03-11,options,16616.774631,251.904424964,18458.0,2019,3,1
2019-03-11,totals,268195.327446,4065.74628583,774869.0,2019,3,1
2019-03-12,futures,260352.043635,3940.17285524,776039.0,2019,3,1
2019-03-12,options,13174.351546,199.380890667,15126.0,2019,3,1
2019-03-12,totals,273526.395181,4139.55374591,791165.0,2019,3,1
2019-03-13,futures,241457.235656,3671.3818039899998,721702.0,2019,3,1
2019-03-13,options,14437.451721,219.522920489,14756.0,2019,3,1
2019-03-13,totals,255894.687377,3890.90472448,736458.0,2019,3,1
2019-03-14,futures,281031.393338,4284.73361902,857980.0,2019,3,1
2019-03-14,options,15263.013973,232.706916907,18164.0,2019,3,1
2019-03-14,totals,296294.407311,4517.44053593,876144.0,2019,3,1
2019-03-15,futures,260261.614543,3979.40761142,797021.0,2019,3,1
2019-03-15,options,14316.39399,218.89807804300003,16411.0,2019,3,1
2019-03-15,totals,274578.008533,4198.305689469999,813432.0,2019,3,1
2019-03-18,futures,334579.030913,5114.31549192,955823.0,2019,3,1
2019-03-18,options,29315.612871,448.113238454,28711.0,2019,3,1
2019-03-18,totals,363894.643784,5562.42873037,984534.0,2019,3,1
2019-03-19,futures,283209.106727,4379.3371629700005,822472.0,2019,3,1
2019-03-19,options,18585.371829,287.390509716,16340.0,2019,3,1
2019-03-19,totals,301794.478556,4666.72767269,838812.0,2019,3,1
2019-03-20,futures,343043.165739,5333.65620032,980947.0,2019,3,1
2019-03-20,options,22442.96602,348.944613452,17069.0,2019,3,1
2019-03-20,totals,365486.131759,5682.60081377,998016.0,2019,3,1
2019-03-21,futures,400987.562888,6238.10969905,1095829.0,2019,3,1
2019-03-21,options,45672.855299,710.5264801039999,38975.0,2019,3,1
2019-03-21,totals,446660.418187,6948.63617916,1134804.0,2019,3,1
2019-03-22,futures,387508.23312,6079.3234150200005,1087510.0,2019,3,1
2019-03-22,options,30507.808808,478.61392501,30658.0,2019,3,1
2019-03-22,totals,418016.041928,6557.93734003,1118168.0,2019,3,1
2019-03-25,futures,324541.149942,5089.20503904,1000090.0,2019,3,1
2019-03-25,options,24838.030887,389.49092271499995,27120.0,2019,3,1
2019-03-25,totals,349379.180829,5478.69596175,1027210.0,2019,3,1
2019-03-26,futures,326500.256951,5062.0744248500005,927739.0,2019,3,1
2019-03-26,options,16641.630421,258.012574105,21236.0,2019,3,1
2019-03-26,totals,343141.887372,5320.08699896,948975.0,2019,3,1
2019-03-27,futures,347886.483882,5421.469539979999,995625.0,2019,3,1
2019-03-27,options,21300.577368,331.94860029,22679.0,2019,3,1
2019-03-27,totals,369187.06125,5753.418140270001,1018304.0,2019,3,1
2019-03-28,futures,392167.476431,6071.40885445,966017.0,2019,3,1
2019-03-28,options,23818.712164,368.753526555,27399.0,2019,3,1
2019-03-28,totals,415986.188595,6440.162381,993416.0,2019,3,1
2019-03-29,futures,431325.573702,6656.13559166,1153116.0,2019,3,1
2019-03-29,options,25144.975358,388.03255739099995,30647.0,2019,3,1
2019-03-29,totals,456470.54906,7044.1681490500005,1183763.0,2019,3,1
2019-04-01,futures,320920.866502,4957.47823813,926507.0,2019,4,2
2019-04-01,options,19924.824466,307.792026008,23562.0,2019,4,2
2019-04-01,totals,340845.690968,5265.27026414,950069.0,2019,4,2
2019-04-02,futures,287170.917916,4389.81127275,831915.0,2019,4,2
2019-04-02,options,14377.280564,219.776949384,18010.0,2019,4,2
2019-04-02,totals,301548.19848,4609.58822213,849925.0,2019,4,2
2019-04-03,futures,315936.349683,4825.47431571,947122.0,2019,4,2
2019-04-03,options,27220.110773,415.748126285,21935.0,2019,4,2
2019-04-03,totals,343156.460456,5241.222442,969057.0,2019,4,2
2019-04-04,futures,288506.295713,4427.39454994,846219.0,2019,4,2
2019-04-04,options,18286.20079,280.618575469,20908.0,2019,4,2
2019-04-04,totals,306792.496503,4708.01312541,867127.0,2019,4,2
2019-04-05,futures,270191.808832,4135.92020634,794329.0,2019,4,2
2019-04-05,options,13805.728546,211.329099515,14778.0,2019,4,2
2019-04-05,totals,283997.537378,4347.249305859999,809107.0,2019,4,2
2019-04-08,futures,263614.797939,4030.36359818,761859.0,2019,4,2
2019-04-08,options,17906.172273,273.76454385799997,17288.0,2019,4,2
2019-04-08,totals,281520.970212,4304.12814204,779147.0,2019,4,2
2019-04-09,futures,270548.615786,4140.00679093,846470.0,2019,4,2
2019-04-09,options,18981.021639,290.452635494,21763.0,2019,4,2
2019-04-09,totals,289529.637425,4430.45942643,868233.0,2019,4,2
2019-04-10,futures,263032.380074,4060.60799847,857166.0,2019,4,2
2019-04-10,options,20037.744509,309.336157023,21617.0,2019,4,2
2019-04-10,totals,283070.124583,4369.9441555,878783.0,2019,4,2
2019-04-11,futures,298757.647957,4614.92289541,925611.0,2019,4,2
2019-04-11,options,23595.234353,364.476651838,25614.0,2019,4,2
2019-04-11,totals,322352.88231,4979.39954725,951225.0,2019,4,2
2019-04-12,futures,279162.361231,4334.87985439,903175.0,2019,4,2
2019-04-12,options,18561.586967,288.22742813200006,20432.0,2019,4,2
2019-04-12,totals,297723.948198,4623.107282520001,923607.0,2019,4,2
2019-04-15,futures,222341.340823,3446.2389168600002,728397.0,2019,4,2
2019-04-15,options,13841.640381,214.542197045,14359.0,2019,4,2
2019-04-15,totals,236182.981204,3660.78111391,742756.0,2019,4,2
2019-04-16,futures,258957.133937,4030.65570381,835540.0,2019,4,2
2019-04-16,options,13902.350247,216.389432751,16481.0,2019,4,2
2019-04-16,totals,272859.484184,4247.04513656,852021.0,2019,4,2
2019-04-17,futures,258734.501818,4027.48507707,785875.0,2019,4,2
2019-04-17,options,21271.689826,331.11708232300003,22840.0,2019,4,2
2019-04-17,totals,280006.191644,4358.60215939,808715.0,2019,4,2
2019-04-18,futures,256687.593259,4014.19334208,757441.0,2019,4,2
2019-04-18,options,21632.83556,338.303785441,22074.0,2019,4,2
2019-04-18,totals,278320.428819,4352.4971275200005,779515.0,2019,4,2
2019-04-19,futures,83817.816935,1308.2470240599998,275584.0,2019,4,2
2019-04-19,options,11082.771607,172.982350333,12132.0,2019,4,2
2019-04-19,totals,94900.588542,1481.2293743900002,287716.0,2019,4,2
2019-04-22,futures,184818.506066,2889.58611865,549745.0,2019,4,2
2019-04-22,options,15401.271699,240.794614448,17971.0,2019,4,2
2019-04-22,totals,200219.777765,3130.3807331,567716.0,2019,4,2
2019-04-23,futures,233985.404334,3668.28777998,718462.0,2019,4,2
2019-04-23,options,13985.10844,219.250438027,16571.0,2019,4,2
2019-04-23,totals,247970.512774,3887.53821801,735033.0,2019,4,2
2019-04-24,futures,268754.286355,4213.0703638899995,782732.0,2019,4,2
2019-04-24,options,17145.493383,268.777741282,19872.0,2019,4,2
2019-04-24,totals,285899.779738,4481.84810518,802604.0,2019,4,2
2019-04-25,futures,315395.057636,4929.60368172,949467.0,2019,4,2
2019-04-25,options,25507.835636,398.685767008,32357.0,2019,4,2
2019-04-25,totals,340902.893272,5328.289448729999,981824.0,2019,4,2
2019-04-26,futures,381557.62832,5899.21409784,1009886.0,2019,4,2
2019-04-26,options,17146.837155,265.10507449,20384.0,2019,4,2
2019-04-26,totals,398704.465475,6164.31917233,1030270.0,2019,4,2
2019-04-29,futures,273941.022012,4233.6720796,781319.0,2019,4,2
2019-04-29,options,11934.693167,184.446918058,13952.0,2019,4,2
2019-04-29,totals,285875.715179,4418.11899766,795271.0,2019,4,2
2019-04-30,futures,273636.485609,4229.85461209,786436.0,2019,4,2
2019-04-30,options,11632.519206,179.814708935,14360.0,2019,4,2
2019-04-30,totals,285269.004815,4409.66932103,800796.0,2019,4,2
2019-05-02,futures,300158.241289,4644.15502819,822822.0,2019,5,2
2019-05-02,options,18238.457547,282.191899711,23174.0,2019,5,2
2019-05-02,totals,318396.698836,4926.346927899999,845996.0,2019,5,2
2019-05-03,futures,245734.668983,3802.0941675900003,734521.0,2019,5,2
2019-05-03,options,10367.832741,160.41479437200002,13808.0,2019,5,2
2019-05-03,totals,256102.501724,3962.50896196,748329.0,2019,5,2
2019-05-06,futures,268903.867992,4160.57625229,763025.0,2019,5,2
2019-05-06,options,14430.054471,223.266933271,16853.0,2019,5,2
2019-05-06,totals,283333.922463,4383.84318556,779878.0,2019,5,2
2019-05-07,futures,286650.676074,4387.3984246400005,761325.0,2019,5,2
2019-05-07,options,14648.871534,224.211701753,15382.0,2019,5,2
2019-05-07,totals,301299.547608,4611.61012639,776707.0,2019,5,2
2019-05-08,futures,345677.968646,5300.45983148,895908.0,2019,5,2
2019-05-08,options,17253.114805,264.550970228,22813.0,2019,5,2
2019-05-08,totals,362931.083451,5565.01080171,918721.0,2019,5,2
2019-05-10,futures,245835.978021,3768.83148094,691609.0,2019,5,2
2019-05-10,options,13802.295716,211.598509797,16552.0,2019,5,2
2019-05-10,totals,259638.273737,3980.42999074,708161.0,2019,5,2
2019-05-13,futures,340197.184411,5215.45246818,866363.0,2019,5,2
2019-05-13,options,17186.635039,263.48271602799997,20300.0,2019,5,2
2019-05-13,totals,357383.81945,5478.93518421,886663.0,2019,5,2
2019-05-14,futures,388010.592738,5926.513132489999,1111262.0,2019,5,2
2019-05-14,options,21461.088184,327.79883678600004,25473.0,2019,5,2
2019-05-14,totals,409471.680922,6254.31196927,1136735.0,2019,5,2
2019-05-15,futures,319167.439143,4887.70214966,1013142.0,2019,5,2
2019-05-15,options,21540.360058,329.867183327,24426.0,2019,5,2
2019-05-15,totals,340707.799201,5217.56933299,1037568.0,2019,5,2
2019-05-16,futures,262496.7568,4047.82127068,817971.0,2019,5,2
2019-05-16,options,22471.04461,346.513890135,25668.0,2019,5,2
2019-05-16,totals,284967.80141,4394.33516081,843639.0,2019,5,2
2019-05-17,futures,252481.557752,3910.81691319,732700.0,2019,5,2
2019-05-17,options,13692.321116,212.087415327,15363.0,2019,5,2
2019-05-17,totals,266173.878868,4122.904328510001,748063.0,2019,5,2
2019-05-20,futures,226716.899483,3507.7739206799997,681456.0,2019,5,2
2019-05-20,options,11530.109083,178.394358939,13266.0,2019,5,2
2019-05-20,totals,238247.008566,3686.16827962,694722.0,2019,5,2
2019-05-21,futures,249159.186987,3863.60402096,833831.0,2019,5,2
2019-05-21,options,18121.92563,281.00888262800004,19216.0,2019,5,2
2019-05-21,totals,267281.112617,4144.61290359,853047.0,2019,5,2
2019-05-22,futures,252554.057856,3913.3098097800003,786052.0,2019,5,2
2019-05-22,options,20200.395544,313.003903857,21182.0,2019,5,2
2019-05-22,totals,272754.4534,4226.31371364,807234.0,2019,5,2
2019-05-23,futures,384941.112808,5975.898894180001,1062782.0,2019,5,2
2019-05-23,options,28434.92672,441.429199138,32037.0,2019,5,2
2019-05-23,totals,413376.039528,6417.328093319999,1094819.0,2019,5,2
2019-05-24,futures,312390.002487,4843.90921701,925226.0,2019,5,2
2019-05-24,options,18626.409779,288.820504146,21204.0,2019,5,2
2019-05-24,totals,331016.412266,5132.72972116,946430.0,2019,5,2
2019-05-27,futures,178922.527291,2769.2441687699998,593982.0,2019,5,2
2019-05-27,options,10022.114747,155.115642743,13274.0,2019,5,2
2019-05-27,totals,188944.642038,2924.3598115199998,607256.0,2019,5,2
2019-05-28,futures,268823.097184,4170.15334521,828651.0,2019,5,2
2019-05-28,options,15313.726539,237.556179596,17364.0,2019,5,2
2019-05-28,totals,284136.823723,4407.7095248000005,846015.0,2019,5,2
2019-05-29,futures,341056.255172,5284.46584833,1005128.0,2019,5,2
2019-05-29,options,19698.618929,305.218501086,23203.0,2019,5,2
2019-05-29,totals,360754.874101,5589.68434942,1028331.0,2019,5,2
2019-05-30,futures,340319.389458,5243.07161258,970583.0,2019,5,2
2019-05-30,options,15387.560765,237.065784475,18818.0,2019,5,2
2019-05-30,totals,355706.950223,5480.13739705,989401.0,2019,5,2
2019-05-31,futures,368771.678187,5668.32638091,1063098.0,2019,5,2
2019-05-31,options,19948.179516,306.620054874,22659.0,2019,5,2
2019-05-31,totals,388719.857703,5974.94643578,1085757.0,2019,5,2
2019-06-03,futures,449132.505408,6869.21306338,1423343.0,2019,6,2
2019-06-03,options,37199.904465,568.950291129,35557.0,2019,6,2
2019-06-03,totals,486332.409873,7438.16335451,1458900.0,2019,6,2
2019-06-04,futures,384276.239606,5861.91744613,1222955.0,2019,6,2
2019-06-04,options,23747.294819,362.251597811,24328.0,2019,6,2
2019-06-04,totals,408023.534425,6224.16904394,1247283.0,2019,6,2
2019-06-05,futures,341160.832399,5235.62772437,1013727.0,2019,6,2
2019-06-05,options,15535.212735,238.41127930000002,17430.0,2019,6,2
2019-06-05,totals,356696.045134,5474.03900367,1031157.0,2019,6,2
2019-06-06,futures,330045.625888,5067.93356532,981189.0,2019,6,2
2019-06-06,options,16417.136422,252.08925734299999,20941.0,2019,6,2
2019-06-06,totals,346462.76231,5320.02282266,1002130.0,2019,6,2
2019-06-07,futures,313971.887098,4813.009888979999,895862.0,2019,6,2
2019-06-07,options,15986.233448,245.05983763100002,20807.0,2019,6,2
2019-06-07,totals,329958.120546,5058.06972661,916669.0,2019,6,2
2019-06-10,futures,245230.436179,3770.4846466999998,763790.0,2019,6,2
2019-06-10,options,18267.143915,280.862305445,17215.0,2019,6,2
2019-06-10,totals,263497.580094,4051.3469521399998,781005.0,2019,6,2
2019-06-11,futures,270400.013664,4173.36138721,853011.0,2019,6,2
2019-06-11,options,23786.005026,367.11386803,23245.0,2019,6,2
2019-06-11,totals,294186.01869,4540.47525524,876256.0,2019,6,2
2019-06-13,futures,273018.919654,4231.81483689,894642.0,2019,6,2
2019-06-13,options,16168.209367,250.608523292,18566.0,2019,6,2
2019-06-13,totals,289187.129021,4482.423360180001,913208.0,2019,6,2
2019-06-14,futures,296419.655484,4586.31029939,970017.0,2019,6,2
2019-06-14,options,22236.155845,344.045709129,18830.0,2019,6,2
2019-06-14,totals,318655.811329,4930.356008520001,988847.0,2019,6,2
2019-06-17,futures,264457.946783,4104.41215756,832549.0,2019,6,2
2019-06-17,options,14792.729633,229.584552432,16072.0,2019,6,2
2019-06-17,totals,279250.676416,4333.9967099899995,848621.0,2019,6,2
2019-06-18,futures,366507.840996,5698.30921639,1036794.0,2019,6,2
2019-06-18,options,20212.757943,314.259429108,21449.0,2019,6,2
2019-06-18,totals,386720.598939,6012.5686455,1058243.0,2019,6,2
2019-06-19,futures,333314.658432,5180.90654,915122.0,2019,6,2
2019-06-19,options,17859.20854,277.596223218,17481.0,2019,6,2
2019-06-19,totals,351173.866972,5458.50276322,932603.0,2019,6,2
2019-06-20,futures,444890.666746,6953.65487557,1184004.0,2019,6,2
2019-06-20,options,41820.583134,653.657007318,35489.0,2019,6,2
2019-06-20,totals,486711.24988,7607.311882890001,1219493.0,2019,6,2
2019-06-21,futures,332018.548282,5237.901805590001,971659.0,2019,6,2
2019-06-21,options,24049.844467,379.408693911,24520.0,2019,6,2
2019-06-21,totals,356068.392749,5617.3104995,996179.0,2019,6,2
2019-06-24,futures,224113.068097,3550.05295618,731919.0,2019,6,2
2019-06-24,options,15651.845736,247.93235707600002,16142.0,2019,6,2
2019-06-24,totals,239764.913833,3797.98531325,748061.0,2019,6,2
2019-06-25,futures,243915.365128,3877.24215147,795942.0,2019,6,2
2019-06-25,options,19116.454777,303.872305089,20801.0,2019,6,2
2019-06-25,totals,263031.819905,4181.11445656,816743.0,2019,6,2
2019-06-26,futures,297138.888251,4752.4809030100005,886560.0,2019,6,2
2019-06-26,options,16015.314249,256.151174194,17776.0,2019,6,2
2019-06-26,totals,313154.2025,5008.63207721,904336.0,2019,6,2
2019-06-27,futures,243044.743529,3869.62779647,784723.0,2019,6,2
2019-06-27,options,16705.135066,265.970183336,18124.0,2019,6,2
2019-06-27,totals,259749.878595,4135.59797981,802847.0,2019,6,2
2019-06-28,futures,251565.673661,3990.2430900500003,728350.0,2019,6,2
2019-06-28,options,17142.016433,271.90042117400003,12848.0,2019,6,2
2019-06-28,totals,268707.690094,4262.14351123,741198.0,2019,6,2
2019-07-01,futures,334693.36883,5306.22568521,938541.0,2019,7,3
2019-07-01,options,18109.620249,287.109757957,18913.0,2019,7,3
2019-07-01,totals,352802.989079,5593.33544317,957454.0,2019,7,3
2019-07-02,futures,297428.857197,4715.43445004,829573.0,2019,7,3
2019-07-02,options,11283.907505,178.894968974,15362.0,2019,7,3
2019-07-02,totals,308712.764702,4894.3294190100005,844935.0,2019,7,3
2019-07-03,futures,284323.566376,4496.9050378599995,826492.0,2019,7,3
2019-07-03,options,12826.056484,202.858872213,16459.0,2019,7,3
2019-07-03,totals,297149.62286,4699.76391007,842951.0,2019,7,3
2019-07-04,futures,187051.406032,2945.91875644,605731.0,2019,7,3
2019-07-04,options,13084.555622,206.071895658,15038.0,2019,7,3
2019-07-04,totals,200135.961654,3151.9906521,620769.0,2019,7,3
2019-07-05,futures,262199.70543,4135.557242989999,764811.0,2019,7,3
2019-07-05,options,13684.520459,215.839745541,16040.0,2019,7,3
2019-07-05,totals,275884.225889,4351.396988529999,780851.0,2019,7,3
2019-07-08,futures,236069.545792,3712.71348957,716665.0,2019,7,3
2019-07-08,options,10750.933705,169.08210865599997,13286.0,2019,7,3
2019-07-08,totals,246820.479497,3881.7955982199996,729951.0,2019,7,3
2019-07-09,futures,212494.406673,3326.9882475599998,642404.0,2019,7,3
2019-07-09,options,10608.867114,166.10120125400002,10989.0,2019,7,3
2019-07-09,totals,223103.273787,3493.08944882,653393.0,2019,7,3
2019-07-10,futures,308306.038705,4827.09443267,838951.0,2019,7,3
2019-07-10,options,14684.007896,229.904977086,18480.0,2019,7,3
2019-07-10,totals,322990.046601,5056.99940975,857431.0,2019,7,3
2019-07-11,futures,246976.152444,3871.17238011,725557.0,2019,7,3
2019-07-11,options,20714.754859,324.68878504,23295.0,2019,7,3
2019-07-11,totals,267690.907303,4195.8611651500005,748852.0,2019,7,3
2019-07-12,futures,229831.293522,3648.44007598,704176.0,2019,7,3
2019-07-12,options,13556.975332,215.20921434299999,15080.0,2019,7,3
2019-07-12,totals,243388.268854,3863.64929032,719256.0,2019,7,3
2019-07-15,futures,218406.720487,3465.6511302199997,676353.0,2019,7,3
2019-07-15,options,14054.00209,223.007186403,15614.0,2019,7,3
2019-07-15,totals,232460.722577,3688.65831662,691967.0,2019,7,3
2019-07-16,futures,248653.062244,3957.67909601,720583.0,2019,7,3
2019-07-16,options,12944.121296,206.02472299000001,14816.0,2019,7,3
2019-07-16,totals,261597.18354,4163.703819,735399.0,2019,7,3
2019-07-17,futures,334789.256907,5329.94427748,895878.0,2019,7,3
2019-07-17,options,14529.954592,231.321187081,18952.0,2019,7,3
2019-07-17,totals,349319.211499,5561.2654645600005,914830.0,2019,7,3
2019-07-18,futures,322834.16661,5128.82125233,893686.0,2019,7,3
2019-07-18,options,25125.486049,399.165082731,23597.0,2019,7,3
2019-07-18,totals,347959.652659,5527.986335060001,917283.0,2019,7,3
2019-07-19,futures,300720.213385,4786.358654899999,774319.0,2019,7,3
2019-07-19,options,16113.221324,256.463160472,16547.0,2019,7,3
2019-07-19,totals,316833.434709,5042.82181537,790866.0,2019,7,3
2019-07-22,futures,279592.083362,4447.38674212,802129.0,2019,7,3
2019-07-22,options,11915.175031,189.53108695199998,16263.0,2019,7,3
2019-07-22,totals,291507.258393,4636.917829069999,818392.0,2019,7,3
2019-07-23,futures,246666.690817,3916.73691625,727778.0,2019,7,3
2019-07-23,options,10737.797772,170.50185735899998,13125.0,2019,7,3
2019-07-23,totals,257404.488589,4087.23877361,740903.0,2019,7,3
2019-07-24,futures,276264.288949,4376.186680430001,765575.0,2019,7,3
2019-07-24,options,11461.153927,181.55133024399998,13099.0,2019,7,3
2019-07-24,totals,287725.442876,4557.73801068,778674.0,2019,7,3
2019-07-25,futures,370867.686695,5875.95081287,1038204.0,2019,7,3
2019-07-25,options,25526.866676,404.44238842000004,26615.0,2019,7,3
2019-07-25,totals,396394.553371,6280.3932012899995,1064819.0,2019,7,3
2019-07-26,futures,287496.873878,4552.083909319999,852423.0,2019,7,3
2019-07-26,options,17870.342455,282.950201323,18106.0,2019,7,3
2019-07-26,totals,305367.216333,4835.03411065,870529.0,2019,7,3
2019-07-29,futures,206502.194947,3271.2130756399997,610530.0,2019,7,3
2019-07-29,options,10645.95939,168.643251314,12298.0,2019,7,3
2019-07-29,totals,217148.154337,3439.8563269499996,622828.0,2019,7,3
2019-07-30,futures,253945.971313,3997.8270385100004,711870.0,2019,7,3
2019-07-30,options,10970.116256,172.70062272299998,11899.0,2019,7,3
2019-07-30,totals,264916.087569,4170.52766123,723769.0,2019,7,3
2019-07-31,futures,240218.26819,3790.1811194899997,672717.0,2019,7,3
2019-07-31,options,15281.615029,241.114421458,14712.0,2019,7,3
2019-07-31,totals,255499.883219,4031.29554094,687429.0,2019,7,3
2019-08-01,futures,413952.638305,6527.450570270001,1137143.0,2019,8,3
2019-08-01,options,28650.965231,451.785402556,33177.0,2019,8,3
2019-08-01,totals,442603.603536,6979.23597283,1170320.0,2019,8,3
2019-08-02,futures,599018.031173,9383.99647794,1585777.0,2019,8,3
2019-08-02,options,54494.098177,853.6845282610001,57312.0,2019,8,3
2019-08-02,totals,653512.12935,10237.6810062,1643089.0,2019,8,3
2019-08-05,futures,356383.586637,5513.16377414,1065237.0,2019,8,3
2019-08-05,options,26808.357497,414.71849697500005,28249.0,2019,8,3
2019-08-05,totals,383191.944134,5927.882271109999,1093486.0,2019,8,3
2019-08-06,futures,345331.464346,5308.332759649999,986028.0,2019,8,3
2019-08-06,options,22434.863947,344.862068893,25997.0,2019,8,3
2019-08-06,totals,367766.328293,5653.19482854,1012025.0,2019,8,3
2019-08-07,futures,462496.98524,7093.185669979999,1277791.0,2019,8,3
2019-08-07,options,30162.172526,462.58872331,31847.0,2019,8,3
2019-08-07,totals,492659.157766,7555.77439329,1309638.0,2019,8,3
2019-08-08,futures,338096.349962,5194.0348601999995,967821.0,2019,8,3
2019-08-08,options,25952.84303,398.702829635,26992.0,2019,8,3
2019-08-08,totals,364049.192992,5592.73768984,994813.0,2019,8,3
2019-08-09,futures,330004.503685,5066.86642671,908929.0,2019,8,3
2019-08-09,options,18781.864291,288.375451075,20837.0,2019,8,3
2019-08-09,totals,348786.367976,5355.24187779,929766.0,2019,8,3
2019-08-12,futures,298625.320261,4576.3316786899995,846921.0,2019,8,3
2019-08-12,options,18926.470695,290.041739701,18202.0,2019,8,3
2019-08-12,totals,317551.790956,4866.3734183999995,865123.0,2019,8,3
2019-08-13,futures,504691.989362,7713.61786742,1307498.0,2019,8,3
2019-08-13,options,34536.718444,527.85273808,32186.0,2019,8,3
2019-08-13,totals,539228.707806,8241.4706055,1339684.0,2019,8,3
2019-08-14,futures,481599.643961,7360.6787841000005,1324093.0,2019,8,3
2019-08-14,options,42760.304466,653.5404870650001,41410.0,2019,8,3
2019-08-14,totals,524359.948427,8014.21927116,1365503.0,2019,8,3
2019-08-15,futures,534772.749913,8201.63350745,1463957.0,2019,8,3
2019-08-15,options,44032.976842,675.319261049,47086.0,2019,8,3
2019-08-15,totals,578805.726755,8876.9527685,1511043.0,2019,8,3
2019-08-16,futures,335655.132495,5147.83219988,956436.0,2019,8,3
2019-08-16,options,20512.900791,314.599602335,24174.0,2019,8,3
2019-08-16,totals,356168.033286,5462.43180221,980610.0,2019,8,3
2019-08-19,futures,355429.378939,5451.10330381,967185.0,2019,8,3
2019-08-19,options,23978.165075,367.745219176,25589.0,2019,8,3
2019-08-19,totals,379407.544014,5818.84852299,992774.0,2019,8,3
2019-08-20,futures,328717.271358,5041.428509,968321.0,2019,8,3
2019-08-20,options,19827.549081,304.088588919,20309.0,2019,8,3
2019-08-20,totals,348544.820439,5345.51709792,988630.0,2019,8,3
2019-08-21,futures,331010.231883,4956.430161159999,897860.0,2019,8,3
2019-08-21,options,21600.601843,323.439773643,24930.0,2019,8,3
2019-08-21,totals,352610.833726,5279.8699348,922790.0,2019,8,3
2019-08-22,futures,336256.025126,5074.56687934,935826.0,2019,8,3
2019-08-22,options,21338.711476,322.030567225,24343.0,2019,8,3
2019-08-22,totals,357594.736602,5396.59744657,960169.0,2019,8,3
2019-08-23,futures,455684.261409,6876.90357227,1185699.0,2019,8,3
2019-08-23,options,22450.873094,338.81461892799996,26683.0,2019,8,3
2019-08-23,totals,478135.134503,7215.71819119,1212382.0,2019,8,3
2019-08-26,futures,377381.190184,5752.3586788699995,1034781.0,2019,8,3
2019-08-26,options,15654.048219,238.612051884,21168.0,2019,8,3
2019-08-26,totals,393035.238403,5990.97073076,1055949.0,2019,8,3
2019-08-27,futures,315518.947187,4782.510359270001,883814.0,2019,8,3
2019-08-27,options,16976.172557,257.318052809,22159.0,2019,8,3
2019-08-27,totals,332495.119744,5039.82841207,905973.0,2019,8,3
2019-08-28,futures,376960.296623,5689.039320729999,998640.0,2019,8,3
2019-08-28,options,21419.228172,323.256407589,22715.0,2019,8,3
2019-08-28,totals,398379.524795,6012.295728319999,1021355.0,2019,8,3
2019-08-29,futures,314655.981852,4737.88871484,857400.0,2019,8,3
2019-08-29,options,22214.980643,334.498983523,23588.0,2019,8,3
2019-08-29,totals,336870.962495,5072.387698359999,880988.0,2019,8,3
2019-08-30,futures,372113.005926,5574.9688889300005,946227.0,2019,8,3
2019-08-30,options,16352.757433,244.995774094,18531.0,2019,8,3
2019-08-30,totals,388465.763359,5819.96466302,964758.0,2019,8,3
2019-09-02,futures,256436.999806,3856.7928537199996,706598.0,2019,9,3
2019-09-02,options,16448.797236,247.388651716,16078.0,2019,9,3
2019-09-02,totals,272885.797042,4104.18150544,722676.0,2019,9,3
2019-09-03,futures,317220.6029,4761.39204485,884124.0,2019,9,3
2019-09-03,options,14151.678276,212.412711371,16105.0,2019,9,3
2019-09-03,totals,331372.281176,4973.80475622,900229.0,2019,9,3
2019-09-04,futures,373938.663915,5588.915152850001,1006091.0,2019,9,3
2019-09-04,options,27243.920804,407.189671724,27155.0,2019,9,3
2019-09-04,totals,401182.584719,5996.10482458,1033246.0,2019,9,3
2019-09-05,futures,336579.902069,5061.33668875,958443.0,2019,9,3
2019-09-05,options,22842.25094,343.491462281,25345.0,2019,9,3
2019-09-05,totals,359422.153009,5404.828151029999,983788.0,2019,9,3
2019-09-06,futures,378682.227476,5733.023088739999,1020021.0,2019,9,3
2019-09-06,options,21013.768941,318.135929756,23301.0,2019,9,3
2019-09-06,totals,399695.996417,6051.1590185,1043322.0,2019,9,3
2019-09-09,futures,290169.322552,4396.63145684,803389.0,2019,9,3
2019-09-09,options,17585.296805,266.45156156,19251.0,2019,9,3
2019-09-09,totals,307754.619357,4663.08301841,822640.0,2019,9,3
2019-09-10,futures,329501.037643,5025.19509962,877069.0,2019,9,3
2019-09-10,options,13924.618691,212.363293635,16830.0,2019,9,3
2019-09-10,totals,343425.656334,5237.55839325,893899.0,2019,9,3
2019-09-11,futures,357643.278295,5465.26748139,950994.0,2019,9,3
2019-09-11,options,23091.924096,352.875475379,22644.0,2019,9,3
2019-09-11,totals,380735.202391,5818.142956770001,973638.0,2019,9,3
2019-09-12,futures,537684.153913,8217.436914189999,1305539.0,2019,9,3
2019-09-12,options,31916.716462,487.78377068699996,34197.0,2019,9,3
2019-09-12,totals,569600.870375,8705.22068488,1339736.0,2019,9,3
2019-09-13,futures,303420.891396,4654.34426271,818685.0,2019,9,3
2019-09-13,options,22321.28951,342.398854902,25367.0,2019,9,3
2019-09-13,totals,325742.180906,4996.74311761,844052.0,2019,9,3
2019-09-16,futures,478858.791639,7427.49529074,1087153.0,2019,9,3
2019-09-16,options,34231.632908,530.96089423,37940.0,2019,9,3
2019-09-16,totals,513090.424547,7958.45618497,1125093.0,2019,9,3
2019-09-17,futures,629732.931446,9866.2158366,1424823.0,2019,9,3
2019-09-17,options,27290.542652,427.56916568500003,31708.0,2019,9,3
2019-09-17,totals,657023.474098,10293.7850023,1456531.0,2019,9,3
2019-09-18,futures,471140.698104,7347.64732006,1174438.0,2019,9,3
2019-09-18,options,17636.302484,275.04592832599997,21244.0,2019,9,3
2019-09-18,totals,488777.000588,7622.69324839,1195682.0,2019,9,3
2019-09-19,futures,516198.089816,8011.8904502,1226879.0,2019,9,3
2019-09-19,options,42743.374976,663.4182584859999,39355.0,2019,9,3
2019-09-19,totals,558941.464792,8675.308708690001,1266234.0,2019,9,3
2019-09-20,futures,258284.187441,4021.87152956,746681.0,2019,9,3
2019-09-20,options,17247.757916,268.573415966,18740.0,2019,9,3
2019-09-20,totals,275531.945357,4290.44494552,765421.0,2019,9,3
2019-09-23,futures,338710.921828,5304.89926699,850844.0,2019,9,3
2019-09-23,options,14088.679176,220.657259678,18874.0,2019,9,3
2019-09-23,totals,352799.601004,5525.55652666,869718.0,2019,9,3
2019-09-24,futures,321803.05055,5032.47385734,820137.0,2019,9,3
2019-09-24,options,15575.175594,243.570295143,19607.0,2019,9,3
2019-09-24,totals,337378.226144,5276.04415249,839744.0,2019,9,3
2019-09-25,futures,412322.908556,6472.2774708199995,1021906.0,2019,9,3
2019-09-25,options,19612.294437,307.856315528,29263.0,2019,9,3
2019-09-25,totals,431935.202993,6780.13378635,1051169.0,2019,9,3
2019-09-26,futures,317814.167082,4951.35590813,862137.0,2019,9,3
2019-09-26,options,16532.471274,257.566080424,23584.0,2019,9,3
2019-09-26,totals,334346.638356,5208.9219885600005,885721.0,2019,9,3
2019-09-27,futures,339423.210955,5279.66319102,896719.0,2019,9,3
2019-09-27,options,12787.139132,198.901505892,15761.0,2019,9,3
2019-09-27,totals,352210.350087,5478.56469691,912480.0,2019,9,3
2019-09-30,futures,315366.559753,4895.81032782,884859.0,2019,9,3
2019-09-30,options,15406.026016,239.166071821,19401.0,2019,9,3
2019-09-30,totals,330772.585769,5134.97639965,904260.0,2019,9,3
2019-10-01,futures,314576.285709,4866.535877689999,859346.0,2019,10,4
2019-10-01,options,15194.816881,235.065784885,18987.0,2019,10,4
2019-10-01,totals,329771.10259,5101.6016625699995,878333.0,2019,10,4
2019-10-02,futures,393418.101642,6046.35378367,1053462.0,2019,10,4
2019-10-02,options,24021.369214,369.178988028,29074.0,2019,10,4
2019-10-02,totals,417439.470856,6415.5327717,1082536.0,2019,10,4
2019-10-03,futures,395550.942834,6044.49185946,1071551.0,2019,10,4
2019-10-03,options,25526.76354,390.079501038,28931.0,2019,10,4
2019-10-03,totals,421077.706374,6434.5713605,1100482.0,2019,10,4
2019-10-04,futures,351005.727285,5389.21019857,992904.0,2019,10,4
2019-10-04,options,16440.668941,252.423860469,20922.0,2019,10,4
2019-10-04,totals,367446.396226,5641.63405904,1013826.0,2019,10,4
2019-10-07,futures,282429.21686,4343.06038536,846913.0,2019,10,4
2019-10-07,options,14439.234935,222.039596109,16179.0,2019,10,4
2019-10-07,totals,296868.451795,4565.09998147,863092.0,2019,10,4
2019-10-08,futures,339814.883055,5241.96167049,901608.0,2019,10,4
2019-10-08,options,15677.351607,241.83777791,19567.0,2019,10,4
2019-10-08,totals,355492.234662,5483.799448399999,921175.0,2019,10,4
2019-10-09,futures,332503.888855,5125.91708683,906565.0,2019,10,4
2019-10-09,options,14921.397046,230.029923382,20221.0,2019,10,4
2019-10-09,totals,347425.285901,5355.94701021,926786.0,2019,10,4
2019-10-10,futures,316828.654435,4866.97903509,864303.0,2019,10,4
2019-10-10,options,19898.911782,305.678116889,22017.0,2019,10,4
2019-10-10,totals,336727.566217,5172.65715198,886320.0,2019,10,4
2019-10-11,futures,335319.073902,5179.34487103,890268.0,2019,10,4
2019-10-11,options,18570.210107,286.835822825,23808.0,2019,10,4
2019-10-11,totals,353889.284009,5466.18069385,914076.0,2019,10,4
2019-10-14,futures,290790.972331,4527.78292641,821306.0,2019,10,4
2019-10-14,options,14786.19307,230.22954252099998,19095.0,2019,10,4
2019-10-14,totals,305577.165401,4758.01246893,840401.0,2019,10,4
2019-10-15,futures,324989.768589,5049.1534026,873941.0,2019,10,4
2019-10-15,options,14653.026283,227.654482282,18761.0,2019,10,4
2019-10-15,totals,339642.794872,5276.8078848800005,892702.0,2019,10,4
2019-10-16,futures,294752.872185,4587.25063629,857296.0,2019,10,4
2019-10-16,options,13854.543654,215.618812198,17324.0,2019,10,4
2019-10-16,totals,308607.415839,4802.86944849,874620.0,2019,10,4
2019-10-17,futures,285843.235276,4442.31896987,783183.0,2019,10,4
2019-10-17,options,23409.764234,363.813541491,24604.0,2019,10,4
2019-10-17,totals,309252.99951,4806.13251136,807787.0,2019,10,4
2019-10-18,futures,246022.980228,3843.24433609,720194.0,2019,10,4
2019-10-18,options,14846.81565,231.92931043599998,17181.0,2019,10,4
2019-10-18,totals,260869.795878,4075.17364652,737375.0,2019,10,4
2019-10-21,futures,260925.216903,4079.8761755,764300.0,2019,10,4
2019-10-21,options,15840.885406,247.69108840400003,19296.0,2019,10,4
2019-10-21,totals,276766.102309,4327.5672638999995,783596.0,2019,10,4
2019-10-22,futures,250485.692505,3928.5341183299997,744594.0,2019,10,4
2019-10-22,options,14959.701315,234.622969593,19176.0,2019,10,4
2019-10-22,totals,265445.39382,4163.15708792,763770.0,2019,10,4
2019-10-23,futures,294404.25471,4626.55349862,853271.0,2019,10,4
2019-10-23,options,14932.018684,234.656198675,18315.0,2019,10,4
2019-10-23,totals,309336.273394,4861.2096973,871586.0,2019,10,4
2019-10-24,futures,334913.933815,5249.45938327,894340.0,2019,10,4
2019-10-24,options,23880.237117,374.300147446,28569.0,2019,10,4
2019-10-24,totals,358794.170932,5623.75953072,922909.0,2019,10,4
2019-10-25,futures,326244.818615,5108.7506829799995,900020.0,2019,10,4
2019-10-25,options,25625.772749,401.280500298,24182.0,2019,10,4
2019-10-25,totals,351870.591364,5510.03118328,924202.0,2019,10,4
2019-10-28,futures,292977.016836,4578.009094800001,860233.0,2019,10,4
2019-10-28,options,19953.636824,311.79213933200003,23685.0,2019,10,4
2019-10-28,totals,312930.65366,4889.80123413,883918.0,2019,10,4
2019-10-29,futures,303842.156574,4757.19675237,842302.0,2019,10,4
2019-10-29,options,14889.552324,233.12278572099999,16465.0,2019,10,4
2019-10-29,totals,318731.708898,4990.319538090001,858767.0,2019,10,4
2019-10-30,futures,319326.096682,5002.60209115,868857.0,2019,10,4
2019-10-30,options,16571.941905,259.618089751,18868.0,2019,10,4
2019-10-30,totals,335898.038587,5262.2201809,887725.0,2019,10,4
2019-10-31,futures,415706.738059,6508.29199728,1143103.0,2019,10,4
2019-10-31,options,29652.624391,464.24058201099996,31593.0,2019,10,4
2019-10-31,totals,445359.36245,6972.53257929,1174696.0,2019,10,4
2019-11-01,futures,342819.140814,5375.46398913,984086.0,2019,11,4
2019-11-01,options,25004.480424,392.074619191,24243.0,2019,11,4
2019-11-01,totals,367823.621238,5767.53860832,1008329.0,2019,11,4
2019-11-05,futures,283169.868524,4422.345662520001,868962.0,2019,11,4
2019-11-05,options,26392.608953,412.18100052200003,28087.0,2019,11,4
2019-11-05,totals,309562.477477,4834.52666304,897049.0,2019,11,4
2019-11-06,futures,257176.29206,4066.1569071,797337.0,2019,11,4
2019-11-06,options,19242.369907,304.236812342,18632.0,2019,11,4
2019-11-06,totals,276418.661967,4370.39371944,815969.0,2019,11,4
2019-11-07,futures,322809.768075,5076.583130069999,950660.0,2019,11,4
2019-11-07,options,30408.47175,478.210853463,29937.0,2019,11,4
2019-11-07,totals,353218.239825,5554.793983529999,980597.0,2019,11,4
2019-11-08,futures,329596.146741,5171.77437778,974624.0,2019,11,4
2019-11-08,options,24261.546478,380.69390580199996,23001.0,2019,11,4
2019-11-08,totals,353857.693219,5552.4682835799995,997625.0,2019,11,4
2019-11-11,futures,251460.84978,3945.7527484099996,771983.0,2019,11,4
2019-11-11,options,14241.191231,223.463093716,16910.0,2019,11,4
2019-11-11,totals,265702.041011,4169.21584213,788893.0,2019,11,4
2019-11-12,futures,291186.726943,4556.05005849,864759.0,2019,11,4
2019-11-12,options,17671.736335,276.500636577,17730.0,2019,11,4
2019-11-12,totals,308858.463278,4832.55069506,882489.0,2019,11,4
2019-11-13,futures,326114.638357,5107.27198968,977092.0,2019,11,4
2019-11-13,options,23530.826789,368.51560285299996,23206.0,2019,11,4
2019-11-13,totals,349645.465146,5475.7875925299995,1000298.0,2019,11,4
2019-11-14,futures,308413.947004,4803.88821658,937423.0,2019,11,4
2019-11-14,options,27929.821743,435.037853722,22574.0,2019,11,4
2019-11-14,totals,336343.768747,5238.9260703,959997.0,2019,11,4
2019-11-15,futures,278329.471265,4334.668085939999,834481.0,2019,11,4
2019-11-15,options,20964.212603,326.49400332700003,20180.0,2019,11,4
2019-11-15,totals,299293.683868,4661.16208927,854661.0,2019,11,4
2019-11-18,futures,261931.687067,4099.85094356,772794.0,2019,11,4
2019-11-18,options,18084.728069,283.06880419,19348.0,2019,11,4
2019-11-18,totals,280016.415136,4382.91974775,792142.0,2019,11,4
2019-11-19,futures,291387.339165,4570.4806768,821874.0,2019,11,4
2019-11-19,options,13975.602573,219.21069628400002,17525.0,2019,11,4
2019-11-19,totals,305362.941738,4789.6913730900005,839399.0,2019,11,4
2019-11-20,futures,352743.840108,5531.24112254,998958.0,2019,11,4
2019-11-20,options,27146.483279,425.673612328,26966.0,2019,11,4
2019-11-20,totals,379890.323387,5956.91473487,1025924.0,2019,11,4
2019-11-21,futures,343789.847532,5369.9291881300005,979101.0,2019,11,4
2019-11-21,options,28552.682999,445.98724173,25554.0,2019,11,4
2019-11-21,totals,372342.530531,5815.91642986,1004655.0,2019,11,4
2019-11-22,futures,286149.982494,4482.088600069999,830123.0,2019,11,4
2019-11-22,options,18467.964059,289.271557712,20498.0,2019,11,4
2019-11-22,totals,304617.946553,4771.36015778,850621.0,2019,11,4
2019-11-25,futures,270540.383752,4246.42849018,756797.0,2019,11,4
2019-11-25,options,14230.882057,223.369325382,16889.0,2019,11,4
2019-11-25,totals,284771.265809,4469.79781556,773686.0,2019,11,4
2019-11-26,futures,254870.919787,3997.11622423,756800.0,2019,11,4
2019-11-26,options,16034.130801,251.46173765,17097.0,2019,11,4
2019-11-26,totals,270905.050588,4248.57796188,773897.0,2019,11,4
2019-11-27,futures,246578.581837,3851.3521019,679818.0,2019,11,4
2019-11-27,options,13770.276121,215.080245361,14655.0,2019,11,4
2019-11-27,totals,260348.857958,4066.4323472600004,694473.0,2019,11,4
2019-11-28,futures,251959.492034,3938.5778828,642130.0,2019,11,4
2019-11-28,options,22547.508117,352.45791323400005,17766.0,2019,11,4
2019-11-28,totals,274507.000151,4291.03579603,659896.0,2019,11,4
2019-11-29,futures,272329.414743,4248.47567091,733971.0,2019,11,4
2019-11-29,options,12663.256335,197.553160038,14792.0,2019,11,4
2019-11-29,totals,284992.671078,4446.02883095,748763.0,2019,11,4
2019-12-02,futures,300864.079047,4695.00776426,838214.0,2019,12,4
2019-12-02,options,18712.274125,292.00651863200005,19050.0,2019,12,4
2019-12-02,totals,319576.353172,4987.014282890001,857264.0,2019,12,4
2019-12-03,futures,322174.20833,5001.951698729999,900078.0,2019,12,4
2019-12-03,options,18900.921793,293.448374903,18880.0,2019,12,4
2019-12-03,totals,341075.130123,5295.40007364,918958.0,2019,12,4
2019-12-04,futures,345465.11123,5386.10184939,929426.0,2019,12,4
2019-12-04,options,19496.858824,303.973003223,20705.0,2019,12,4
2019-12-04,totals,364961.970054,5690.07485261,950131.0,2019,12,4
2019-12-05,futures,286795.849548,4467.58693146,833740.0,2019,12,4
2019-12-05,options,25394.886494,395.591021298,21717.0,2019,12,4
2019-12-05,totals,312190.736042,4863.17795276,855457.0,2019,12,4
2019-12-06,futures,289831.780081,4541.8568184,794505.0,2019,12,4
2019-12-06,options,18872.312856,295.741698167,19234.0,2019,12,4
2019-12-06,totals,308704.092937,4837.598516569999,813739.0,2019,12,4
2019-12-09,futures,217727.530804,3417.02222752,635271.0,2019,12,4
2019-12-09,options,16864.704001,264.675157152,16792.0,2019,12,4
2019-12-09,totals,234592.234805,3681.6973846700002,652063.0,2019,12,4
2019-12-10,futures,260781.556995,4092.33444324,746841.0,2019,12,4
2019-12-10,options,13361.155805,209.670955003,14241.0,2019,12,4
2019-12-10,totals,274142.7128,4302.00539825,761082.0,2019,12,4
2019-12-11,futures,229719.371504,3613.14418492,650390.0,2019,12,4
2019-12-11,options,13494.624952,212.250387739,13584.0,2019,12,4
2019-12-11,totals,243213.996456,3825.39457266,663974.0,2019,12,4
2019-12-12,futures,401650.195952,6318.702121310001,1072729.0,2019,12,4
2019-12-12,options,39968.821873,628.7836582699999,33866.0,2019,12,4
2019-12-12,totals,441619.017825,6947.48577958,1106595.0,2019,12,4
2019-12-13,futures,451731.048589,7144.737797899999,1138757.0,2019,12,4
2019-12-13,options,39430.179942,623.641651132,33100.0,2019,12,4
2019-12-13,totals,491161.228531,7768.37944904,1171857.0,2019,12,4
2019-12-16,futures,198178.758793,3168.10262416,582505.0,2019,12,4
2019-12-16,options,19822.010721,316.87636235,13870.0,2019,12,4
2019-12-16,totals,218000.769514,3484.97898651,596375.0,2019,12,4
2019-12-17,futures,272991.491869,4349.1728646,762329.0,2019,12,4
2019-12-17,options,17170.477353,273.552020485,14727.0,2019,12,4
2019-12-17,totals,290161.969222,4622.7248850900005,777056.0,2019,12,4
2019-12-18,futures,332895.38517,5323.54939935,938735.0,2019,12,4
2019-12-18,options,22121.858567,353.76521313700005,18134.0,2019,12,4
2019-12-18,totals,355017.243737,5677.3146124899995,956869.0,2019,12,4
2019-12-19,futures,366427.695324,5855.05823975,934776.0,2019,12,4
2019-12-19,options,30645.932696,489.683839503,23727.0,2019,12,4
2019-12-19,totals,397073.62802,6344.74207925,958503.0,2019,12,4
2019-12-20,futures,248059.306883,3967.15258344,706405.0,2019,12,4
2019-12-20,options,20097.563141,321.41547333,16848.0,2019,12,4
2019-12-20,totals,268156.870024,4288.56805677,723253.0,2019,12,4
2019-12-23,futures,233895.955873,3747.90618172,676032.0,2019,12,4
2019-12-23,options,13633.057603,218.453631125,13281.0,2019,12,4
2019-12-23,totals,247529.013476,3966.3598128400004,689313.0,2019,12,4
2019-12-24,futures,227484.448156,3654.37451556,622649.0,2019,12,4
2019-12-24,options,13548.789176,217.651581384,13017.0,2019,12,4
2019-12-24,totals,241033.237332,3872.02609694,635666.0,2019,12,4
2019-12-25,futures,124383.001819,2000.77857361,413786.0,2019,12,4
2019-12-25,options,13439.293778,216.17946698699998,13529.0,2019,12,4
2019-12-25,totals,137822.295597,2216.95804059,427315.0,2019,12,4
2019-12-26,futures,193992.52152,3143.28965267,548926.0,2019,12,4
2019-12-26,options,18889.84674,306.07499368099997,14465.0,2019,12,4
2019-12-26,totals,212882.36826,3449.36464635,563391.0,2019,12,4
2019-12-27,futures,247276.900338,4003.3431821500003,603147.0,2019,12,4
2019-12-27,options,15471.848423,250.484856511,14109.0,2019,12,4
2019-12-27,totals,262748.748761,4253.82803866,617256.0,2019,12,4
2019-12-30,futures,217003.202912,3498.27431083,585319.0,2019,12,4
2019-12-30,options,12357.802178,199.218174282,12487.0,2019,12,4
2019-12-30,totals,229361.00509,3697.49248511,597806.0,2019,12,4
2019-12-31,futures,,,,2019,12,4
2019-12-31,options,,,,2019,12,4
2019-12-31,totals,,,,2019,12,4
2020-01-03,futures,220513.803223,3562.09207267,598658.0,2020,1,1
2020-01-03,options,9381.668767,151.54773739700002,12821.0,2020,1,1
2020-01-03,totals,229895.47199,3713.6398100700003,611479.0,2020,1,1
2020-01-06,futures,224746.215884,3630.46077961,665014.0,2020,1,1
2020-01-06,options,9238.624422,149.237056071,13065.0,2020,1,1
2020-01-06,totals,233984.840306,3779.69783568,678079.0,2020,1,1
2020-01-08,futures,283330.635499,4576.81014025,809652.0,2020,1,1
2020-01-08,options,17213.275649,278.056393014,19820.0,2020,1,1
2020-01-08,totals,300543.911148,4854.86653326,829472.0,2020,1,1
2020-01-09,futures,386644.811118,6245.70614851,991080.0,2020,1,1
2020-01-09,options,30756.375971,496.82623685699997,33512.0,2020,1,1
2020-01-09,totals,417401.187089,6742.53238537,1024592.0,2020,1,1
2020-01-10,futures,308524.684384,5038.453871770001,789790.0,2020,1,1
2020-01-10,options,21758.450456,355.332829082,20685.0,2020,1,1
2020-01-10,totals,330283.13484,5393.786700850001,810475.0,2020,1,1
2020-01-13,futures,285280.534493,4656.63782651,821869.0,2020,1,1
2020-01-13,options,19416.131331,316.929760949,18137.0,2020,1,1
2020-01-13,totals,304696.665824,4973.56758746,840006.0,2020,1,1
2020-01-14,futures,304425.605287,4994.890762970001,902470.0,2020,1,1
2020-01-14,options,19498.619042,319.925362559,20605.0,2020,1,1
2020-01-14,totals,323924.224329,5314.81612553,923075.0,2020,1,1
2020-01-15,futures,403591.909292,6571.65970775,1185149.0,2020,1,1
2020-01-15,options,24103.084842,392.468897027,23938.0,2020,1,1
2020-01-15,totals,427694.994134,6964.1286047799995,1209087.0,2020,1,1
2020-01-16,futures,311676.975115,5073.46197984,898037.0,2020,1,1
2020-01-16,options,25543.293011,415.79242702600004,22075.0,2020,1,1
2020-01-16,totals,337220.268126,5489.25440686,920112.0,2020,1,1
2020-01-17,futures,299988.694912,4872.36670996,872488.0,2020,1,1
2020-01-17,options,24361.981834,395.683275036,20894.0,2020,1,1
2020-01-17,totals,324350.676746,5268.04998499,893382.0,2020,1,1
2020-01-20,futures,240021.183149,3900.67139498,723358.0,2020,1,1
2020-01-20,options,14957.235812,243.0754699,15470.0,2020,1,1
2020-01-20,totals,254978.418961,4143.74686488,738828.0,2020,1,1
2020-01-21,futures,316785.212222,5153.87864102,905579.0,2020,1,1
2020-01-21,options,17418.600851,283.388717083,18167.0,2020,1,1
2020-01-21,totals,334203.813073,5437.26735811,923746.0,2020,1,1
2020-01-22,futures,319418.524075,5163.972052069999,926095.0,2020,1,1
2020-01-22,options,21314.510754,344.587209386,19960.0,2020,1,1
2020-01-22,totals,340733.034829,5508.55926145,946055.0,2020,1,1
2020-01-23,futures,345064.601812,5580.4723561499995,1010197.0,2020,1,1
2020-01-23,options,30619.22625,495.18190146899997,27834.0,2020,1,1
2020-01-23,totals,375683.828062,6075.65425762,1038031.0,2020,1,1
2020-01-24,futures,364743.89528,5887.57165331,1054029.0,2020,1,1
2020-01-24,options,17573.614111,283.667289912,21045.0,2020,1,1
2020-01-24,totals,382317.509391,6171.238943220001,1075074.0,2020,1,1
2020-01-27,futures,507294.884347,8208.24334616,1410586.0,2020,1,1
2020-01-27,options,40182.039487,650.162200391,41837.0,2020,1,1
2020-01-27,totals,547476.923834,8858.405546549999,1452423.0,2020,1,1
2020-01-28,futures,487251.859729,7816.28957825,1396439.0,2020,1,1
2020-01-28,options,36401.226897,583.933185168,36237.0,2020,1,1
2020-01-28,totals,523653.086626,8400.22276342,1432676.0,2020,1,1
2020-01-29,futures,398077.315627,6335.7941939600005,1169816.0,2020,1,1
2020-01-29,options,21750.302287,346.17757289099995,23432.0,2020,1,1
2020-01-29,totals,419827.617914,6681.971766850001,1193248.0,2020,1,1
2020-01-30,futures,451446.585303,7235.4862101300005,1263181.0,2020,1,1
2020-01-30,options,37281.925588,597.529956502,33279.0,2020,1,1
2020-01-30,totals,488728.510891,7833.01616663,1296460.0,2020,1,1
2020-01-31,futures,525569.088882,8337.61537286,1509733.0,2020,1,1
2020-01-31,options,33139.972242,525.731721797,34716.0,2020,1,1
2020-01-31,totals,558709.061124,8863.34709466,1544449.0,2020,1,1
2020-02-03,futures,567701.411318,8991.36677808,1587456.0,2020,2,1
2020-02-03,options,30897.218789,489.35623730400005,33258.0,2020,2,1
2020-02-03,totals,598598.630107,9480.72301539,1620714.0,2020,2,1
2020-02-04,futures,494155.658591,7732.164255029999,1409825.0,2020,2,1
2020-02-04,options,25311.108396,396.04858143800004,27072.0,2020,2,1
2020-02-04,totals,519466.766987,8128.21283647,1436897.0,2020,2,1
2020-02-05,futures,578596.263769,9121.20376341,1581996.0,2020,2,1
2020-02-05,options,40974.145878,645.9314672209999,37753.0,2020,2,1
2020-02-05,totals,619570.409647,9767.13523063,1619749.0,2020,2,1
2020-02-06,futures,488824.023505,7737.7160851300005,1358569.0,2020,2,1
2020-02-06,options,37801.627261,598.371285446,33274.0,2020,2,1
2020-02-06,totals,526625.650766,8336.08737057,1391843.0,2020,2,1
2020-02-07,futures,520903.586607,8294.946894659999,1460940.0,2020,2,1
2020-02-07,options,36849.453083,586.7962215650001,34642.0,2020,2,1
2020-02-07,totals,557753.03969,8881.74311623,1495582.0,2020,2,1
2020-02-10,futures,426665.25168,6722.10189816,1272853.0,2020,2,1
2020-02-10,options,35866.282858,565.072517929,33681.0,2020,2,1
2020-02-10,totals,462531.534538,7287.17441609,1306534.0,2020,2,1
2020-02-11,futures,484273.393941,7593.96767707,1359741.0,2020,2,1
2020-02-11,options,32179.341426,504.609341987,32655.0,2020,2,1
2020-02-11,totals,516452.735367,8098.577019060001,1392396.0,2020,2,1
2020-02-12,futures,408457.140859,6387.232651939999,1159836.0,2020,2,1
2020-02-12,options,29656.822582,463.757409529,28551.0,2020,2,1
2020-02-12,totals,438113.963441,6850.99006147,1188387.0,2020,2,1
2020-02-13,futures,460064.12894,7297.16130728,1235185.0,2020,2,1
2020-02-13,options,35688.485104,566.061590623,30929.0,2020,2,1
2020-02-13,totals,495752.614044,7863.222897899999,1266114.0,2020,2,1
2020-02-14,futures,370995.740203,5833.11961025,1065609.0,2020,2,1
2020-02-14,options,24619.121554,387.083368249,23494.0,2020,2,1
2020-02-14,totals,395614.861757,6220.20297849,1089103.0,2020,2,1
2020-02-17,futures,256423.852209,4041.12378508,761017.0,2020,2,1
2020-02-17,options,21253.196596,334.940753495,18789.0,2020,2,1
2020-02-17,totals,277677.048805,4376.06453858,779806.0,2020,2,1
2020-02-18,futures,385100.673282,6082.92209233,1098100.0,2020,2,1
2020-02-18,options,34161.045899,539.59651388,27795.0,2020,2,1
2020-02-18,totals,419261.719181,6622.51860621,1125895.0,2020,2,1
2020-02-19,futures,383013.30427,6006.18638086,1068554.0,2020,2,1
2020-02-19,options,26336.26919,412.989678343,27520.0,2020,2,1
2020-02-19,totals,409349.57346,6419.1760592,1096074.0,2020,2,1
2020-02-20,futures,392721.130954,6166.39629807,1067440.0,2020,2,1
2020-02-20,options,31543.062501,495.280259973,28535.0,2020,2,1
2020-02-20,totals,424264.193455,6661.67655804,1095975.0,2020,2,1
2020-02-21,futures,501477.282289,7867.38397693,1315539.0,2020,2,1
2020-02-21,options,26147.125617,410.206971257,28736.0,2020,2,1
2020-02-21,totals,527624.407906,8277.59094819,1344275.0,2020,2,1
2020-02-24,futures,,,,2020,2,1
2020-02-24,options,,,,2020,2,1
2020-02-24,totals,,,,2020,2,1
2020-02-25,futures,601317.794931,9351.63784791,1517937.0,2020,2,1
2020-02-25,options,48429.294501,753.1678377410001,46704.0,2020,2,1
2020-02-25,totals,649747.089432,10104.805685700001,1564641.0,2020,2,1
2020-02-26,futures,696412.388998,10727.024705299998,1882095.0,2020,2,1
2020-02-26,options,41395.136597,637.6202663380001,46842.0,2020,2,1
2020-02-26,totals,737807.525595,11364.6449716,1928937.0,2020,2,1
2020-02-27,futures,738759.888919,11275.729900799999,1978318.0,2020,2,1
2020-02-27,options,57964.941505,884.721861497,56576.0,2020,2,1
2020-02-27,totals,796724.830424,12160.4517623,2034894.0,2020,2,1
2020-02-28,futures,999735.012777,15237.6098775,2874118.0,2020,2,1
2020-02-28,options,52600.16075,801.7131727469999,56322.0,2020,2,1
2020-02-28,totals,1052335.17353,16039.3230502,2930440.0,2020,2,1
2020-03-02,futures,866015.059071,12927.353701299999,2689663.0,2020,3,1
2020-03-02,options,35686.349489,532.704434319,44756.0,2020,3,1
2020-03-02,totals,901701.40856,13460.058135700001,2734419.0,2020,3,1
2020-03-03,futures,825913.694174,12452.0740173,2363059.0,2020,3,1
2020-03-03,options,24048.343525,362.570272994,35305.0,2020,3,1
2020-03-03,totals,849962.037699,12814.644290299999,2398364.0,2020,3,1
2020-03-04,futures,739823.109152,11134.586261,2134570.0,2020,3,1
2020-03-04,options,26211.497697,394.491843425,35666.0,2020,3,1
2020-03-04,totals,766034.606849,11529.0781045,2170236.0,2020,3,1
2020-03-05,futures,629598.314049,9528.050225930001,1833898.0,2020,3,1
2020-03-05,options,26328.966395,398.450422453,33227.0,2020,3,1
2020-03-05,totals,655927.280444,9926.500648379999,1867125.0,2020,3,1
2020-03-06,futures,969642.508315,14650.3988541,2826142.0,2020,3,1
2020-03-06,options,49907.997838,754.063552354,59244.0,2020,3,1
2020-03-06,totals,1019550.50615,15404.4624064,2885386.0,2020,3,1
2020-03-09,futures,,,,2020,3,1
2020-03-09,options,,,,2020,3,1
2020-03-09,totals,,,,2020,3,1
2020-03-10,futures,880722.238567,13044.3549978,2914635.0,2020,3,1
2020-03-10,options,47532.756738,704.006468516,59411.0,2020,3,1
2020-03-10,totals,928254.995305,13748.3614664,2974046.0,2020,3,1
2020-03-11,futures,646645.59537,8978.59500825,2402696.0,2020,3,1
2020-03-11,options,23523.08092,326.61510174800003,35000.0,2020,3,1
2020-03-11,totals,670168.67629,9305.21011,2437696.0,2020,3,1
2020-03-12,futures,856877.650368,11988.9977945,2991125.0,2020,3,1
2020-03-12,options,31808.108399,445.042931484,50414.0,2020,3,1
2020-03-12,totals,888685.758767,12434.040726,3041539.0,2020,3,1
2020-03-13,futures,881452.076136,11907.105695100001,3332793.0,2020,3,1
2020-03-13,options,23469.429791,317.037067235,38250.0,2020,3,1
2020-03-13,totals,904921.505927,12224.142762399999,3371043.0,2020,3,1
2020-03-16,futures,795322.620059,10866.8148699,2939298.0,2020,3,1
2020-03-16,options,24746.625674,338.12316294199996,39412.0,2020,3,1
2020-03-16,totals,820069.245733,11204.938032799999,2978710.0,2020,3,1
2020-03-17,futures,736698.435265,9938.43519923,2741207.0,2020,3,1
2020-03-17,options,14764.925997,199.186333537,27538.0,2020,3,1
2020-03-17,totals,751463.361262,10137.6215328,2768745.0,2020,3,1
2020-03-18,futures,858083.823725,11613.0527669,2832294.0,2020,3,1
2020-03-18,options,23914.934864,323.657657695,39809.0,2020,3,1
2020-03-18,totals,881998.758589,11936.7104246,2872103.0,2020,3,1
2020-03-19,futures,831091.003375,10763.6010389,2879547.0,2020,3,1
2020-03-19,options,26829.601598,347.474736774,39098.0,2020,3,1
2020-03-19,totals,857920.604973,11111.075775700001,2918645.0,2020,3,1
2020-03-20,futures,744813.417592,9291.93230276,2791467.0,2020,3,1
2020-03-20,options,12877.694503,160.655894095,26195.0,2020,3,1
2020-03-20,totals,757691.112095,9452.58819685,2817662.0,2020,3,1
2020-03-23,futures,619137.999365,7933.1610298900005,2401479.0,2020,3,1
2020-03-23,options,11575.630029,148.321274315,23444.0,2020,3,1
2020-03-23,totals,630713.629394,8081.4823042,2424923.0,2020,3,1
2020-03-24,futures,523206.681319,6468.805367350001,1938311.0,2020,3,1
2020-03-24,options,9706.62451,120.010441325,22301.0,2020,3,1
2020-03-24,totals,532913.305829,6588.8158086700005,1960612.0,2020,3,1
2020-03-25,futures,637704.768756,8087.64020424,2432206.0,2020,3,1
2020-03-25,options,14469.081975,183.502985759,29637.0,2020,3,1
2020-03-25,totals,652173.850731,8271.14319,2461843.0,2020,3,1
2020-03-26,futures,544976.162034,7005.48330995,2153870.0,2020,3,1
2020-03-26,options,13465.021759,173.08827756600002,27344.0,2020,3,1
2020-03-26,totals,558441.183793,7178.57158751,2181214.0,2020,3,1
2020-03-27,futures,463733.436808,5890.75061079,1810942.0,2020,3,1
2020-03-27,options,10485.103968,133.191026787,20935.0,2020,3,1
2020-03-27,totals,474218.540776,6023.94163758,1831877.0,2020,3,1
2020-03-30,futures,451675.836316,5810.64337717,1860446.0,2020,3,1
2020-03-30,options,8766.318117,112.775455787,18919.0,2020,3,1
2020-03-30,totals,460442.154433,5923.41883296,1879365.0,2020,3,1
2020-03-31,futures,491383.570999,6321.46876788,1870802.0,2020,3,1
2020-03-31,options,10696.50573,137.60660894699998,19790.0,2020,3,1
2020-03-31,totals,502080.076729,6459.075376819999,1890592.0,2020,3,1
2020-04-01,futures,442519.669444,5692.85266065,1697682.0,2020,4,2
2020-04-01,options,7541.656293,97.0206322066,15689.0,2020,4,2
2020-04-01,totals,450061.325737,5789.873292859999,1713371.0,2020,4,2
2020-04-02,futures,632710.679831,8139.59000201,2393061.0,2020,4,2
2020-04-02,options,16454.568591,211.681968173,31301.0,2020,4,2
2020-04-02,totals,649165.248422,8351.27197018,2424362.0,2020,4,2
2020-04-03,futures,706201.083298,9085.01699158,2462432.0,2020,4,2
2020-04-03,options,13961.97037,179.615609558,29943.0,2020,4,2
2020-04-03,totals,720163.053668,9264.63260114,2492375.0,2020,4,2
2020-04-06,futures,423061.130394,5442.52571825,1588981.0,2020,4,2
2020-04-06,options,12680.317084,163.127611797,23190.0,2020,4,2
2020-04-06,totals,435741.447478,5605.6533300500005,1612171.0,2020,4,2
2020-04-07,futures,421520.738905,5516.752813270001,1564742.0,2020,4,2
2020-04-07,options,16496.951133,215.90776721900002,27855.0,2020,4,2
2020-04-07,totals,438017.690038,5732.66058049,1592597.0,2020,4,2
2020-04-08,futures,376924.901605,4995.3601696999995,1491016.0,2020,4,2
2020-04-08,options,11057.322047,146.541939527,20742.0,2020,4,2
2020-04-08,totals,387982.223652,5141.90210923,1511758.0,2020,4,2
2020-04-09,futures,647594.208412,8549.10974684,2437465.0,2020,4,2
2020-04-09,options,24377.58803,321.816768471,42338.0,2020,4,2
2020-04-09,totals,671971.796442,8870.926515309999,2479803.0,2020,4,2
2020-04-10,futures,301621.125184,4042.90764941,1229095.0,2020,4,2
2020-04-10,options,11527.781801,154.517549775,20679.0,2020,4,2
2020-04-10,totals,313148.906985,4197.42519918,1249774.0,2020,4,2
2020-04-13,futures,269746.03487,3657.49896436,1165944.0,2020,4,2
2020-04-13,options,11908.127143,161.462846762,20273.0,2020,4,2
2020-04-13,totals,281654.162013,3818.9618111199998,1186217.0,2020,4,2
2020-04-14,futures,335924.562294,4568.87924833,1386380.0,2020,4,2
2020-04-14,options,14542.122549,197.78607877599998,21941.0,2020,4,2
2020-04-14,totals,350466.684843,4766.665327109999,1408321.0,2020,4,2
2020-04-15,futures,455577.758544,6213.97747451,1686097.0,2020,4,2
2020-04-15,options,23102.117834,315.107656469,36650.0,2020,4,2
2020-04-15,totals,478679.876378,6529.085130979999,1722747.0,2020,4,2
2020-04-16,futures,507782.175009,6888.49785333,1952530.0,2020,4,2
2020-04-16,options,22899.663159,310.653442118,37978.0,2020,4,2
2020-04-16,totals,530681.838168,7199.15129544,1990508.0,2020,4,2
2020-04-17,futures,431698.800965,5778.17992803,1675115.0,2020,4,2
2020-04-17,options,11729.217487,156.99262750600002,20737.0,2020,4,2
2020-04-17,totals,443428.018452,5935.17255554,1695852.0,2020,4,2
2020-04-20,futures,374792.874148,5068.59741545,1477546.0,2020,4,2
2020-04-20,options,12247.384936,165.630319877,19230.0,2020,4,2
2020-04-20,totals,387040.259084,5234.22773533,1496776.0,2020,4,2
2020-04-21,futures,751190.103066,10060.7119878,2842410.0,2020,4,2
2020-04-21,options,20137.790107,269.706037806,45913.0,2020,4,2
2020-04-21,totals,771327.893173,10330.4180256,2888323.0,2020,4,2
2020-04-22,futures,646033.561304,8471.88243453,2692900.0,2020,4,2
2020-04-22,options,16584.984492,217.49030888,35251.0,2020,4,2
2020-04-22,totals,662618.545796,8689.37274341,2728151.0,2020,4,2
2020-04-23,futures,427664.68368,5551.0877718,1708170.0,2020,4,2
2020-04-23,options,17799.417019,231.0364403,33552.0,2020,4,2
2020-04-23,totals,445464.100699,5782.1242121000005,1741722.0,2020,4,2
2020-04-24,futures,412580.181167,5491.62348982,1663478.0,2020,4,2
2020-04-24,options,12634.657261,168.17283952900002,23221.0,2020,4,2
2020-04-24,totals,425214.838428,5659.796329350001,1686699.0,2020,4,2
2020-04-27,futures,314436.861355,4208.41049885,1292225.0,2020,4,2
2020-04-27,options,9965.516695,133.378080753,19697.0,2020,4,2
2020-04-27,totals,324402.37805,4341.7885796,1311922.0,2020,4,2
2020-04-28,futures,394032.843135,5289.31544157,1614888.0,2020,4,2
2020-04-28,options,13289.332143,178.389875201,22640.0,2020,4,2
2020-04-28,totals,407322.175278,5467.7053167700005,1637528.0,2020,4,2
2020-04-29,futures,308115.026314,4131.85660722,1325425.0,2020,4,2
2020-04-29,options,14963.797121,200.666175691,21514.0,2020,4,2
2020-04-29,totals,323078.823435,4332.5227829099995,1346939.0,2020,4,2
2020-04-30,futures,422416.98336,5732.39819241,1635690.0,2020,4,2
2020-04-30,options,22307.604692,302.72474320599997,30820.0,2020,4,2
2020-04-30,totals,444724.588052,6035.12293562,1666510.0,2020,4,2
2020-05-04,futures,367982.695779,5059.829742180001,1414900.0,2020,5,2
2020-05-04,options,23495.611998,323.06898601999995,26655.0,2020,5,2
2020-05-04,totals,391478.307777,5382.8987282,1441555.0,2020,5,2
2020-05-05,futures,327722.180892,4506.240258229999,1256260.0,2020,5,2
2020-05-05,options,12247.290511,168.40249691,22338.0,2020,5,2
2020-05-05,totals,339969.471403,4674.64275514,1278598.0,2020,5,2
2020-05-06,futures,416614.112694,5728.52066851,1486479.0,2020,5,2
2020-05-06,options,18863.373842,259.374859466,26212.0,2020,5,2
2020-05-06,totals,435477.486536,5987.89552797,1512691.0,2020,5,2
2020-05-07,futures,372913.986351,5041.29252258,1359502.0,2020,5,2
2020-05-07,options,24310.972446,328.651453403,27700.0,2020,5,2
2020-05-07,totals,397224.958797,5369.94397598,1387202.0,2020,5,2
2020-05-08,futures,313237.472937,4226.262471,1162813.0,2020,5,2
2020-05-08,options,13144.548798,177.348874521,21159.0,2020,5,2
2020-05-08,totals,326382.021735,4403.61134552,1183972.0,2020,5,2
2020-05-12,futures,281287.86459,3807.74800623,1067449.0,2020,5,2
2020-05-12,options,10476.250657,141.815298751,19223.0,2020,5,2
2020-05-12,totals,291764.115247,3949.56330498,1086672.0,2020,5,2
2020-05-13,futures,379754.13513,5171.4651957,1339520.0,2020,5,2
2020-05-13,options,16029.875759,218.293724572,25060.0,2020,5,2
2020-05-13,totals,395784.010889,5389.75892028,1364580.0,2020,5,2
2020-05-14,futures,455206.101274,6186.38688691,1555091.0,2020,5,2
2020-05-14,options,18847.913736,256.14877756600004,31284.0,2020,5,2
2020-05-14,totals,474054.01501,6442.5356644799995,1586375.0,2020,5,2
2020-05-15,futures,415725.071006,5623.240844770001,1428853.0,2020,5,2
2020-05-15,options,15513.388532,209.83944947799998,30176.0,2020,5,2
2020-05-15,totals,431238.459538,5833.08029425,1459029.0,2020,5,2
2020-05-18,futures,377348.132556,5154.63478963,1320619.0,2020,5,2
2020-05-18,options,17230.700594,235.374077857,31179.0,2020,5,2
2020-05-18,totals,394578.83315,5390.00886749,1351798.0,2020,5,2
2020-05-19,futures,381925.233942,5233.30063856,1369646.0,2020,5,2
2020-05-19,options,17572.127324,240.78069992,25573.0,2020,5,2
2020-05-19,totals,399497.361266,5474.081338479999,1395219.0,2020,5,2
2020-05-20,futures,444231.20784,6136.485179810001,1438188.0,2020,5,2
2020-05-20,options,44273.37111,611.579918029,39398.0,2020,5,2
2020-05-20,totals,488504.57895,6748.06509784,1477586.0,2020,5,2
2020-05-21,futures,450984.217125,6234.394007100001,1536757.0,2020,5,2
2020-05-21,options,28437.968491,393.125731682,36679.0,2020,5,2
2020-05-21,totals,479422.185616,6627.51973878,1573436.0,2020,5,2
2020-05-22,futures,433364.618456,6110.26758863,1418230.0,2020,5,2
2020-05-22,options,15812.807666,222.95425619,27039.0,2020,5,2
2020-05-22,totals,449177.426122,6333.22184482,1445269.0,2020,5,2
2020-05-25,futures,203861.688376,2836.12345474,731504.0,2020,5,2
2020-05-25,options,10356.42445,144.07855896700002,16648.0,2020,5,2
2020-05-25,totals,214218.112826,2980.20201371,748152.0,2020,5,2
2020-05-26,futures,335610.82199,4687.55076373,1121810.0,2020,5,2
2020-05-26,options,18543.03971,258.994747068,26656.0,2020,5,2
2020-05-26,totals,354153.8617,4946.545510800001,1148466.0,2020,5,2
2020-05-27,futures,432194.183204,6075.194307680001,1430246.0,2020,5,2
2020-05-27,options,18332.041768,257.68675314300003,25363.0,2020,5,2
2020-05-27,totals,450526.224972,6332.88106083,1455609.0,2020,5,2
2020-05-28,futures,430420.482797,6056.84328519,1393795.0,2020,5,2
2020-05-28,options,18380.732839,258.65223130000004,29036.0,2020,5,2
2020-05-28,totals,448801.215636,6315.495516489999,1422831.0,2020,5,2
2020-05-29,futures,416997.591755,5864.84604697,1411110.0,2020,5,2
2020-05-29,options,15579.813364,219.121665513,23215.0,2020,5,2
2020-05-29,totals,432577.405119,6083.96771249,1434325.0,2020,5,2
2020-06-01,futures,449338.185985,6350.89023611,1488179.0,2020,6,2
2020-06-01,options,20092.131211,283.979692602,28685.0,2020,6,2
2020-06-01,totals,469430.317196,6634.86992871,1516864.0,2020,6,2
2020-06-02,futures,382988.382677,5493.91322907,1325054.0,2020,6,2
2020-06-02,options,19173.725943,275.044339132,30748.0,2020,6,2
2020-06-02,totals,402162.10862,5768.9575681999995,1355802.0,2020,6,2
2020-06-03,futures,423375.319239,6137.377404600001,1495846.0,2020,6,2
2020-06-03,options,21880.971391,317.193216759,29848.0,2020,6,2
2020-06-03,totals,445256.29063,6454.57062136,1525694.0,2020,6,2
2020-06-04,futures,452485.528467,6620.96753306,1498801.0,2020,6,2
2020-06-04,options,30591.694419,447.63114572,35471.0,2020,6,2
2020-06-04,totals,483077.222886,7068.598678779999,1534272.0,2020,6,2
2020-06-05,futures,460146.256454,6667.32724366,1475270.0,2020,6,2
2020-06-05,options,18568.159364,269.04488096100005,26922.0,2020,6,2
2020-06-05,totals,478714.415818,6936.37212462,1502192.0,2020,6,2
2020-06-08,futures,370251.032856,5394.73674568,1256807.0,2020,6,2
2020-06-08,options,14911.221579,217.263715255,24314.0,2020,6,2
2020-06-08,totals,385162.254435,5612.000460939999,1281121.0,2020,6,2
2020-06-09,futures,384472.313732,5628.15647741,1288920.0,2020,6,2
2020-06-09,options,15168.257875,222.042851361,20968.0,2020,6,2
2020-06-09,totals,399640.571607,5850.199328770001,1309888.0,2020,6,2
2020-06-10,futures,382639.628194,5571.78615343,1273179.0,2020,6,2
2020-06-10,options,14937.145655,217.506434776,19878.0,2020,6,2
2020-06-10,totals,397576.773849,5789.29258821,1293057.0,2020,6,2
2020-06-11,futures,557515.79222,8124.88493915,1667796.0,2020,6,2
2020-06-11,options,27363.151798,398.773385496,38727.0,2020,6,2
2020-06-11,totals,584878.944018,8523.65832465,1706523.0,2020,6,2
2020-06-15,futures,589753.072819,8532.07265453,1767031.0,2020,6,2
2020-06-15,options,27539.96173,398.425994222,34398.0,2020,6,2
2020-06-15,totals,617293.034549,8930.49864875,1801429.0,2020,6,2
2020-06-16,futures,592482.603602,8416.54383979,1781849.0,2020,6,2
2020-06-16,options,26599.373877,377.85885186400003,33698.0,2020,6,2
2020-06-16,totals,619081.977479,8794.402691649999,1815547.0,2020,6,2
2020-06-17,futures,508326.063893,7287.5781176400005,1566739.0,2020,6,2
2020-06-17,options,18570.604733,266.236068336,22959.0,2020,6,2
2020-06-17,totals,526896.668626,7553.81418598,1589698.0,2020,6,2
2020-06-18,futures,470635.392244,6773.46704975,1407472.0,2020,6,2
2020-06-18,options,36615.520725,526.976991589,33108.0,2020,6,2
2020-06-18,totals,507250.912969,7300.44404134,1440580.0,2020,6,2
2020-06-19,futures,377640.326644,5424.46388354,1136344.0,2020,6,2
2020-06-19,options,14628.496143,210.12519956,22921.0,2020,6,2
2020-06-19,totals,392268.822787,5634.589083100001,1159265.0,2020,6,2
2020-06-22,futures,378766.99509,5444.205614140001,1219083.0,2020,6,2
2020-06-22,options,14292.540539,205.433763901,20121.0,2020,6,2
2020-06-22,totals,393059.535629,5649.63937804,1239204.0,2020,6,2
2020-06-23,futures,325037.288209,4677.90609582,1057425.0,2020,6,2
2020-06-23,options,16724.935579,240.70370057600002,23025.0,2020,6,2
2020-06-23,totals,341762.223788,4918.6097964,1080450.0,2020,6,2
2020-06-25,futures,436444.031072,6340.19825026,1324776.0,2020,6,2
2020-06-25,options,22326.581342,324.337009745,34115.0,2020,6,2
2020-06-25,totals,458770.612414,6664.53526,1358891.0,2020,6,2
2020-06-26,futures,373816.505939,5381.28733393,1138283.0,2020,6,2
2020-06-26,options,15828.339989,227.857368914,19734.0,2020,6,2
2020-06-26,totals,389644.845928,5609.144702850001,1158017.0,2020,6,2
2020-06-29,futures,402159.534562,5817.57330651,1192121.0,2020,6,2
2020-06-29,options,16349.036773,236.502461694,19653.0,2020,6,2
2020-06-29,totals,418508.571335,6054.07576821,1211774.0,2020,6,2
2020-06-30,futures,414679.476611,5928.1167985600005,1207761.0,2020,6,2
2020-06-30,options,21307.935793,304.611004985,23763.0,2020,6,2
2020-06-30,totals,435987.412404,6232.7278035399995,1231524.0,2020,6,2
2020-07-02,futures,394028.608262,5593.71573583,1150994.0,2020,7,3
2020-07-02,options,21133.20128,300.011517107,28963.0,2020,7,3
2020-07-02,totals,415161.809542,5893.727252930001,1179957.0,2020,7,3
2020-07-03,futures,322134.883814,4568.00620271,932789.0,2020,7,3
2020-07-03,options,12575.814953,178.330269697,17861.0,2020,7,3
2020-07-03,totals,334710.698767,4746.33647241,950650.0,2020,7,3
2020-07-06,futures,402094.173537,5703.47154446,1106478.0,2020,7,3
2020-07-06,options,16028.656122,227.357146918,22271.0,2020,7,3
2020-07-06,totals,418122.829659,5930.828691369999,1128749.0,2020,7,3
2020-07-07,futures,402135.426156,5636.81459241,1155343.0,2020,7,3
2020-07-07,options,14571.489326,204.251548915,19360.0,2020,7,3
2020-07-07,totals,416706.915482,5841.0661413299995,1174703.0,2020,7,3
2020-07-08,futures,360206.258649,4990.94881317,1111183.0,2020,7,3
2020-07-08,options,14280.40502,197.86655221799998,19278.0,2020,7,3
2020-07-08,totals,374486.663669,5188.81536538,1130461.0,2020,7,3
2020-07-09,futures,413588.783404,5805.74081218,1199863.0,2020,7,3
2020-07-09,options,23778.64475,333.792051001,31442.0,2020,7,3
2020-07-09,totals,437367.428154,6139.53286318,1231305.0,2020,7,3
2020-07-10,futures,395539.586214,5580.41176938,1117945.0,2020,7,3
2020-07-10,options,15302.444167,215.892270979,20800.0,2020,7,3
2020-07-10,totals,410842.030381,5796.30404036,1138745.0,2020,7,3
2020-07-13,futures,351042.118557,4928.30414457,1025462.0,2020,7,3
2020-07-13,options,11791.626876,165.543450578,15957.0,2020,7,3
2020-07-13,totals,362833.745433,5093.8475951499995,1041419.0,2020,7,3
2020-07-14,futures,463762.004826,6555.13456691,1340746.0,2020,7,3
2020-07-14,options,18779.676415,265.44500140599996,25304.0,2020,7,3
2020-07-14,totals,482541.681241,6820.5795683100005,1366050.0,2020,7,3
2020-07-15,futures,378146.990305,5316.46677171,1138938.0,2020,7,3
2020-07-15,options,17702.170709,248.879416667,20910.0,2020,7,3
2020-07-15,totals,395849.161014,5565.34618838,1159848.0,2020,7,3
2020-07-16,futures,297782.912676,4205.9852242,882699.0,2020,7,3
2020-07-16,options,16858.926457,238.121102842,22775.0,2020,7,3
2020-07-16,totals,314641.839133,4444.10632704,905474.0,2020,7,3
2020-07-17,futures,312589.425604,4388.39024588,879434.0,2020,7,3
2020-07-17,options,13019.186938,182.774170488,15697.0,2020,7,3
2020-07-17,totals,325608.612542,4571.164416359999,895131.0,2020,7,3
2020-07-18,futures,,,,2020,7,3
2020-07-18,options,,,,2020,7,3
2020-07-18,totals,,,,2020,7,3
2020-07-20,futures,333545.080633,4651.052036399999,945216.0,2020,7,3
2020-07-20,options,11478.284261,160.05661749,16861.0,2020,7,3
2020-07-20,totals,345023.364894,4811.10865389,962077.0,2020,7,3
2020-07-21,futures,335866.880555,4667.229187229999,1009962.0,2020,7,3
2020-07-21,options,18121.808195,251.821888462,24891.0,2020,7,3
2020-07-21,totals,353988.68875,4919.051075689999,1034853.0,2020,7,3
2020-07-22,futures,383729.806793,5407.1735909300005,1092065.0,2020,7,3
2020-07-22,options,12260.143962,172.758866991,17439.0,2020,7,3
2020-07-22,totals,395989.950755,5579.93245792,1109504.0,2020,7,3
2020-07-23,futures,394921.977236,5578.931730560001,1107269.0,2020,7,3
2020-07-23,options,14318.858558,202.277763607,21807.0,2020,7,3
2020-07-23,totals,409240.835794,5781.20949417,1129076.0,2020,7,3
2020-07-24,futures,410313.275318,5782.07340893,1168294.0,2020,7,3
2020-07-24,options,12604.557749,177.621545721,19791.0,2020,7,3
2020-07-24,totals,422917.833067,5959.69495465,1188085.0,2020,7,3
2020-07-27,futures,375876.743941,5249.86583229,1055904.0,2020,7,3
2020-07-27,options,11088.715094,154.875946529,17156.0,2020,7,3
2020-07-27,totals,386965.459035,5404.74177882,1073060.0,2020,7,3
2020-07-28,futures,432098.449896,6036.1591100900005,1176597.0,2020,7,3
2020-07-28,options,14640.67318,204.52152238600002,20677.0,2020,7,3
2020-07-28,totals,446739.123076,6240.68063248,1197274.0,2020,7,3
2020-07-29,futures,367469.29442,5109.44574803,1001322.0,2020,7,3
2020-07-29,options,11045.741872,153.58458434099998,14221.0,2020,7,3
2020-07-29,totals,378515.036292,5263.03033237,1015543.0,2020,7,3
2020-07-30,futures,582489.565473,8063.8357893,1486844.0,2020,7,3
2020-07-30,options,25069.640546,347.057658442,34848.0,2020,7,3
2020-07-30,totals,607559.206019,8410.89344774,1521692.0,2020,7,3
2020-07-31,futures,480820.57817,6553.96605892,1258248.0,2020,7,3
2020-07-31,options,12920.841189,176.121319365,18098.0,2020,7,3
2020-07-31,totals,493741.419359,6730.08737828,1276346.0,2020,7,3
2020-08-03,futures,453264.440353,6173.06979879,1272061.0,2020,8,3
2020-08-03,options,15156.440769,206.41761947,20077.0,2020,8,3
2020-08-03,totals,468420.881122,6379.487418260001,1292138.0,2020,8,3
2020-08-04,futures,439443.814421,5925.72964459,1226875.0,2020,8,3
2020-08-04,options,13430.356511,181.103156087,18305.0,2020,8,3
2020-08-04,totals,452874.170932,6106.83280067,1245180.0,2020,8,3
2020-08-05,futures,506633.544452,6904.189178770001,1429872.0,2020,8,3
2020-08-05,options,21761.769501,296.560255722,28916.0,2020,8,3
2020-08-05,totals,528395.313953,7200.7494345,1458788.0,2020,8,3
2020-08-06,futures,458874.399889,6261.88104204,1278250.0,2020,8,3
2020-08-06,options,18266.38032,249.266249458,23112.0,2020,8,3
2020-08-06,totals,477140.780209,6511.14729149,1301362.0,2020,8,3
2020-08-07,futures,444523.401797,6086.05185669,1190852.0,2020,8,3
2020-08-07,options,14040.071988,192.22521434200002,17963.0,2020,8,3
2020-08-07,totals,458563.473785,6278.27707103,1208815.0,2020,8,3
2020-08-10,futures,341111.021625,4632.294121819999,960993.0,2020,8,3
2020-08-10,options,11818.592041,160.496703328,14951.0,2020,8,3
2020-08-10,totals,352929.613666,4792.790825149999,975944.0,2020,8,3
2020-08-11,futures,445773.961981,6042.34445247,1228939.0,2020,8,3
2020-08-11,options,18298.479012,248.030891386,21831.0,2020,8,3
2020-08-11,totals,464072.440993,6290.37534386,1250770.0,2020,8,3
2020-08-12,futures,481495.349861,6582.10347551,1394258.0,2020,8,3
2020-08-12,options,16233.685034,221.91656619999998,22259.0,2020,8,3
2020-08-12,totals,497729.034895,6804.02004171,1416517.0,2020,8,3
2020-08-13,futures,437504.807772,5973.97706526,1219381.0,2020,8,3
2020-08-13,options,23716.486699,323.840435788,26509.0,2020,8,3
2020-08-13,totals,461221.294471,6297.81750105,1245890.0,2020,8,3
2020-08-14,futures,395819.354631,5377.49083482,1099713.0,2020,8,3
2020-08-14,options,16548.171393,224.818819387,20036.0,2020,8,3
2020-08-14,totals,412367.526024,5602.309654199999,1119749.0,2020,8,3
2020-08-17,futures,450389.633368,6151.54445519,1275615.0,2020,8,3
2020-08-17,options,18997.082485,259.46733398699996,24613.0,2020,8,3
2020-08-17,totals,469386.715853,6411.01178918,1300228.0,2020,8,3
2020-08-18,futures,422739.027359,5793.516949430001,1187255.0,2020,8,3
2020-08-18,options,16297.255182,223.349201317,20177.0,2020,8,3
2020-08-18,totals,439036.282541,6016.86615074,1207432.0,2020,8,3
2020-08-19,futures,379993.965044,5174.76641747,1074783.0,2020,8,3
2020-08-19,options,14269.429945,194.32141999200002,17027.0,2020,8,3
2020-08-19,totals,394263.394989,5369.08783746,1091810.0,2020,8,3
2020-08-20,futures,540184.254793,7375.61653859,1442162.0,2020,8,3
2020-08-20,options,27620.88402,377.13251947000003,37219.0,2020,8,3
2020-08-20,totals,567805.138813,7752.749058060001,1479381.0,2020,8,3
2020-08-21,futures,559955.191402,7590.4411267,1432920.0,2020,8,3
2020-08-21,options,22111.582702,299.732316612,30514.0,2020,8,3
2020-08-21,totals,582066.774104,7890.17344331,1463434.0,2020,8,3
2020-08-24,futures,373052.470558,5034.45309046,985209.0,2020,8,3
2020-08-24,options,12715.027466,171.593044876,17530.0,2020,8,3
2020-08-24,totals,385767.498024,5206.046135340001,1002739.0,2020,8,3
2020-08-25,futures,426494.017215,5731.02911666,1105181.0,2020,8,3
2020-08-25,options,13966.337852,187.673180987,20261.0,2020,8,3
2020-08-25,totals,440460.355067,5918.70229764,1125442.0,2020,8,3
2020-08-26,futures,488665.737729,6558.16248163,1251459.0,2020,8,3
2020-08-26,options,18065.82599,242.45330306600002,25191.0,2020,8,3
2020-08-26,totals,506731.563719,6800.6157846999995,1276650.0,2020,8,3
2020-08-27,futures,607862.488807,8047.11924487,1501164.0,2020,8,3
2020-08-27,options,21252.799126,281.352792783,29797.0,2020,8,3
2020-08-27,totals,629115.287933,8328.472037649999,1530961.0,2020,8,3
2020-08-28,futures,446768.810279,5938.2791914300005,1132948.0,2020,8,3
2020-08-28,options,13434.438607,178.565390853,19049.0,2020,8,3
2020-08-28,totals,460203.248886,6116.8445822799995,1151997.0,2020,8,3
2020-08-31,futures,427794.44733,5731.5750826,1106295.0,2020,8,3
2020-08-31,options,17380.185459,232.859118508,23468.0,2020,8,3
2020-08-31,totals,445174.632789,5964.43420111,1129763.0,2020,8,3
2020-09-01,futures,460417.812105,6238.39407003,1179541.0,2020,9,3
2020-09-01,options,13555.519656,183.66942202200002,19000.0,2020,9,3
2020-09-01,totals,473973.331761,6422.063492050001,1198541.0,2020,9,3
2020-09-02,futures,646360.713455,8783.87703802,1657030.0,2020,9,3
2020-09-02,options,29838.326021,405.49523096499996,34408.0,2020,9,3
2020-09-02,totals,676199.039476,9189.37226898,1691438.0,2020,9,3
2020-09-03,futures,636411.813817,8616.601052510001,1612875.0,2020,9,3
2020-09-03,options,29208.554499,395.464785496,40318.0,2020,9,3
2020-09-03,totals,665620.368316,9012.065838,1653193.0,2020,9,3
2020-09-04,futures,551642.225234,7309.61765562,1450455.0,2020,9,3
2020-09-04,options,18568.494334,246.044606111,24165.0,2020,9,3
2020-09-04,totals,570210.719568,7555.66226173,1474620.0,2020,9,3
2020-09-07,futures,481863.728286,6409.27090932,1271187.0,2020,9,3
2020-09-07,options,20500.230847,272.673632584,26690.0,2020,9,3
2020-09-07,totals,502363.959133,6681.94454191,1297877.0,2020,9,3
2020-09-08,futures,600065.482016,7938.319138729999,1494715.0,2020,9,3
2020-09-08,options,25242.276484,333.93229993,33334.0,2020,9,3
2020-09-08,totals,625307.7585,8272.25143866,1528049.0,2020,9,3
2020-09-09,futures,573729.618259,7552.6017845,1422909.0,2020,9,3
2020-09-09,options,19928.243026,262.336262675,25537.0,2020,9,3
2020-09-09,totals,593657.861285,7814.9380471800005,1448446.0,2020,9,3
2020-09-10,futures,558431.927411,7340.9015937799995,1363544.0,2020,9,3
2020-09-10,options,27961.353839,367.56771396,33020.0,2020,9,3
2020-09-10,totals,586393.28125,7708.46930774,1396564.0,2020,9,3
2020-09-11,futures,459859.452633,6088.64402367,1205586.0,2020,9,3
2020-09-11,options,18869.033332,249.830304393,22995.0,2020,9,3
2020-09-11,totals,478728.485965,6338.4743280600005,1228581.0,2020,9,3
2020-09-14,futures,359445.363494,4799.66996077,902309.0,2020,9,3
2020-09-14,options,13041.52732,174.143369974,16428.0,2020,9,3
2020-09-14,totals,372486.890814,4973.813330739999,918737.0,2020,9,3
2020-09-15,futures,446688.52059,5978.58149376,1067036.0,2020,9,3
2020-09-15,options,15875.073745,212.47562390599998,18790.0,2020,9,3
2020-09-15,totals,462563.594335,6191.0571176700005,1085826.0,2020,9,3
2020-09-16,futures,505798.510167,6727.08170631,1290783.0,2020,9,3
2020-09-16,options,12443.814774,165.501789824,17951.0,2020,9,3
2020-09-16,totals,518242.324941,6892.5834961400005,1308734.0,2020,9,3
2020-09-17,futures,588403.77125,7852.9433835,1403309.0,2020,9,3
2020-09-17,options,21598.985281,288.26397253100004,28052.0,2020,9,3
2020-09-17,totals,610002.756531,8141.20735603,1431361.0,2020,9,3
2020-09-18,futures,436539.103771,5805.496758,1097111.0,2020,9,3
2020-09-18,options,22158.278514,294.681078888,22366.0,2020,9,3
2020-09-18,totals,458697.382285,6100.17783689,1119477.0,2020,9,3
2020-09-21,futures,566549.559962,7550.78253332,1469322.0,2020,9,3
2020-09-21,options,27336.202243,364.32773584299997,35115.0,2020,9,3
2020-09-21,totals,593885.762205,7915.11026917,1504437.0,2020,9,3
2020-09-22,futures,510272.562874,6710.74846523,1339103.0,2020,9,3
2020-09-22,options,17519.123078,230.399274548,26516.0,2020,9,3
2020-09-22,totals,527791.685952,6941.14773978,1365619.0,2020,9,3
2020-09-23,futures,579526.209028,7598.24112971,1483388.0,2020,9,3
2020-09-23,options,18304.614748,239.99410980000002,26829.0,2020,9,3
2020-09-23,totals,597830.823776,7838.235239510001,1510217.0,2020,9,3
2020-09-24,futures,601132.564034,7872.91599099,1553416.0,2020,9,3
2020-09-24,options,25471.329031,333.593030286,37546.0,2020,9,3
2020-09-24,totals,626603.893065,8206.50902128,1590962.0,2020,9,3
2020-09-25,futures,706126.422663,9149.322639389999,1680019.0,2020,9,3
2020-09-25,options,26019.091082,337.130932157,36384.0,2020,9,3
2020-09-25,totals,732145.513745,9486.453571549999,1716403.0,2020,9,3
2020-09-26,futures,,,,2020,9,3
2020-09-26,options,,,,2020,9,3
2020-09-26,totals,,,,2020,9,3
2020-09-28,futures,582490.677526,7582.58876361,1350211.0,2020,9,3
2020-09-28,options,19286.519967,251.062815652,27723.0,2020,9,3
2020-09-28,totals,601777.197493,7833.65157926,1377934.0,2020,9,3
2020-09-29,futures,892892.779643,11349.6634687,1977601.0,2020,9,3
2020-09-29,options,27695.082085,352.035393911,36249.0,2020,9,3
2020-09-29,totals,920587.861728,11701.6988626,2013850.0,2020,9,3
2020-09-30,futures,755495.153535,9481.08043013,1661606.0,2020,9,3
2020-09-30,options,19542.556483,245.249157402,28886.0,2020,9,3
2020-09-30,totals,775037.710018,9726.329587540002,1690492.0,2020,9,3
2020-10-01,futures,583098.818534,7401.168228529999,1455177.0,2020,10,4
2020-10-01,options,25420.031818,322.651883145,33539.0,2020,10,4
2020-10-01,totals,608518.850352,7723.82011167,1488716.0,2020,10,4
2020-10-02,futures,668389.27932,8649.220591270001,1627545.0,2020,10,4
2020-10-02,options,24092.159696,311.76203775,31073.0,2020,10,4
2020-10-02,totals,692481.439016,8960.98262902,1658618.0,2020,10,4
2020-10-05,futures,528929.491901,6773.201845279999,1332073.0,2020,10,4
2020-10-05,options,19083.698709,244.376131961,23092.0,2020,10,4
2020-10-05,totals,548013.19061,7017.57797724,1355165.0,2020,10,4
2020-10-06,futures,533363.905671,6826.78710568,1369242.0,2020,10,4
2020-10-06,options,17888.07834,228.958317686,23328.0,2020,10,4
2020-10-06,totals,551251.984011,7055.745423359999,1392570.0,2020,10,4
2020-10-07,futures,570214.216872,7262.77439308,1472214.0,2020,10,4
2020-10-07,options,22408.832681,285.41956927499996,25542.0,2020,10,4
2020-10-07,totals,592623.049553,7548.19396235,1497756.0,2020,10,4
2020-10-08,futures,508353.96712,6509.672132260001,1271114.0,2020,10,4
2020-10-08,options,22234.51263,284.72166365100003,28489.0,2020,10,4
2020-10-08,totals,530588.47975,6794.39379592,1299603.0,2020,10,4
2020-10-09,futures,501844.353615,6440.86305603,1235412.0,2020,10,4
2020-10-09,options,20591.006438,264.272880023,23834.0,2020,10,4
2020-10-09,totals,522435.360053,6705.135936060001,1259246.0,2020,10,4
2020-10-12,futures,442009.644859,5738.26854587,1138906.0,2020,10,4
2020-10-12,options,13436.22376,174.432076481,20079.0,2020,10,4
2020-10-12,totals,455445.868619,5912.70062235,1158985.0,2020,10,4
2020-10-13,futures,468289.836603,6079.799083180001,1217142.0,2020,10,4
2020-10-13,options,13730.6082,178.26425564,18546.0,2020,10,4
2020-10-13,totals,482020.444803,6258.063338819999,1235688.0,2020,10,4
2020-10-14,futures,481021.840806,6223.95974414,1175000.0,2020,10,4
2020-10-14,options,18058.052533,233.653822942,19559.0,2020,10,4
2020-10-14,totals,499079.893339,6457.61356709,1194559.0,2020,10,4
2020-10-15,futures,529181.898459,6847.955164020001,1272106.0,2020,10,4
2020-10-15,options,22747.851391,294.37187261500003,32149.0,2020,10,4
2020-10-15,totals,551929.74985,7142.32703663,1304255.0,2020,10,4
2020-10-16,futures,539865.297641,6926.1361074,1311621.0,2020,10,4
2020-10-16,options,17210.503678,220.800061555,27072.0,2020,10,4
2020-10-16,totals,557075.801319,7146.93616896,1338693.0,2020,10,4
2020-10-19,futures,433257.674586,5557.12189905,1077668.0,2020,10,4
2020-10-19,options,9629.677609,123.513778199,16083.0,2020,10,4
2020-10-19,totals,442887.352195,5680.6356772399995,1093751.0,2020,10,4
2020-10-20,futures,521870.183245,6697.160227,1340286.0,2020,10,4
2020-10-20,options,13574.033225,174.19557267899998,20728.0,2020,10,4
2020-10-20,totals,535444.21647,6871.35579968,1361014.0,2020,10,4
2020-10-21,futures,532053.171171,6840.66408459,1383963.0,2020,10,4
2020-10-21,options,18513.719247,238.03285308199997,27011.0,2020,10,4
2020-10-21,totals,550566.890418,7078.69693767,1410974.0,2020,10,4
2020-10-22,futures,497198.136936,6454.41954061,1292478.0,2020,10,4
2020-10-22,options,19171.129736,248.87163726300003,28688.0,2020,10,4
2020-10-22,totals,516369.266672,6703.29117787,1321166.0,2020,10,4
2020-10-23,futures,446860.123646,5797.2873130200005,1170565.0,2020,10,4
2020-10-23,options,17407.141971,225.829511215,25500.0,2020,10,4
2020-10-23,totals,464267.265617,6023.116824229999,1196065.0,2020,10,4
2020-10-26,futures,483940.989118,6328.78088263,1246687.0,2020,10,4
2020-10-26,options,15193.688797,198.696802621,24318.0,2020,10,4
2020-10-26,totals,499134.677915,6527.47768525,1271005.0,2020,10,4
2020-10-27,futures,561661.511418,7347.33016612,1371588.0,2020,10,4
2020-10-27,options,19204.1813,251.217962621,26721.0,2020,10,4
2020-10-27,totals,580865.692718,7598.54812874,1398309.0,2020,10,4
2020-10-28,futures,766164.54158,10021.0388981,1893120.0,2020,10,4
2020-10-28,options,41980.434461,549.082532359,51684.0,2020,10,4
2020-10-28,totals,808144.976041,10570.1214305,1944804.0,2020,10,4
2020-10-29,futures,880088.422792,11348.3652619,2166430.0,2020,10,4
2020-10-29,options,35431.89175,456.879148829,51406.0,2020,10,4
2020-10-29,totals,915520.314542,11805.244410700001,2217836.0,2020,10,4
2020-10-30,futures,709956.797123,9001.61908565,1774117.0,2020,10,4
2020-10-30,options,16435.444472,208.386779646,25361.0,2020,10,4
2020-10-30,totals,726392.241595,9210.00586529,1799478.0,2020,10,4
2020-11-02,futures,643500.33896,8111.45446382,1671968.0,2020,11,4
2020-11-02,options,21249.800292,267.858114438,32828.0,2020,11,4
2020-11-02,totals,664750.139252,8379.31257826,1704796.0,2020,11,4
2020-11-03,futures,625351.833077,7761.12453229,1598322.0,2020,11,4
2020-11-03,options,21549.780745,267.450294633,32387.0,2020,11,4
2020-11-03,totals,646901.613822,8028.57482693,1630709.0,2020,11,4
2020-11-04,futures,,,,2020,11,4
2020-11-04,options,,,,2020,11,4
2020-11-04,totals,,,,2020,11,4
2020-11-05,futures,709953.407431,8874.35103525,1814642.0,2020,11,4
2020-11-05,options,34435.171544,430.436416027,52460.0,2020,11,4
2020-11-05,totals,744388.578975,9304.78745128,1867102.0,2020,11,4
2020-11-06,futures,672382.651283,8570.19868847,1813888.0,2020,11,4
2020-11-06,options,21957.856584,279.875147491,33711.0,2020,11,4
2020-11-06,totals,694340.507867,8850.073835959998,1847599.0,2020,11,4
2020-11-09,futures,932105.993762,12075.8671257,2401912.0,2020,11,4
2020-11-09,options,41144.094322,533.040898099,55850.0,2020,11,4
2020-11-09,totals,973250.088084,12608.908023799999,2457762.0,2020,11,4
2020-11-10,futures,693890.35074,9017.24268845,1893831.0,2020,11,4
2020-11-10,options,23205.568575,301.560964699,33237.0,2020,11,4
2020-11-10,totals,717095.919315,9318.80365315,1927068.0,2020,11,4
2020-11-11,futures,595189.66705,7790.66500671,1636449.0,2020,11,4
2020-11-11,options,23429.829411,306.681990987,33579.0,2020,11,4
2020-11-11,totals,618619.496461,8097.3469976999995,1670028.0,2020,11,4
2020-11-12,futures,627643.52986,8235.98110238,1691105.0,2020,11,4
2020-11-12,options,23525.231783,308.69969206400003,33952.0,2020,11,4
2020-11-12,totals,651168.761643,8544.68079445,1725057.0,2020,11,4
2020-11-13,futures,467107.622584,6057.301874399999,1335980.0,2020,11,4
2020-11-13,options,14865.988636,192.777373941,20931.0,2020,11,4
2020-11-13,totals,481973.61122,6250.07924834,1356911.0,2020,11,4
2020-11-16,futures,640927.426863,8288.61921138,1631042.0,2020,11,4
2020-11-16,options,21098.514153,272.85078218,29723.0,2020,11,4
2020-11-16,totals,662025.941016,8561.46999356,1660765.0,2020,11,4
2020-11-17,futures,560600.21164,7288.12269991,1523068.0,2020,11,4
2020-11-17,options,19296.438662,250.864715567,26126.0,2020,11,4
2020-11-17,totals,579896.650302,7538.98741547,1549194.0,2020,11,4
2020-11-18,futures,542278.016419,7111.56303908,1425821.0,2020,11,4
2020-11-18,options,22931.301715,300.726551283,29493.0,2020,11,4
2020-11-18,totals,565209.318134,7412.289590359999,1455314.0,2020,11,4
2020-11-19,futures,553529.736984,7290.30773039,1432643.0,2020,11,4
2020-11-19,options,23157.493374,304.997621051,31207.0,2020,11,4
2020-11-19,totals,576687.230358,7595.30535144,1463850.0,2020,11,4
2020-11-20,futures,416611.781061,5462.85118493,1082558.0,2020,11,4
2020-11-20,options,17338.521986,227.352585025,21389.0,2020,11,4
2020-11-20,totals,433950.303047,5690.20376996,1103947.0,2020,11,4
2020-11-23,futures,546606.367537,7191.05361702,1268486.0,2020,11,4
2020-11-23,options,18911.460814,248.79572717500002,27832.0,2020,11,4
2020-11-23,totals,565517.828351,7439.8493442,1296318.0,2020,11,4
2020-11-24,futures,543740.484711,7177.14472955,1435411.0,2020,11,4
2020-11-24,options,17151.591681,226.393765589,26688.0,2020,11,4
2020-11-24,totals,560892.076392,7403.53849514,1462099.0,2020,11,4
2020-11-25,futures,593793.035671,7832.17263787,1521233.0,2020,11,4
2020-11-25,options,25286.936895,333.53650741399997,33854.0,2020,11,4
2020-11-25,totals,619079.972566,8165.70914528,1555087.0,2020,11,4
2020-11-26,futures,437049.687431,5790.83148517,1155810.0,2020,11,4
2020-11-26,options,22217.953985,294.38398235399995,30433.0,2020,11,4
2020-11-26,totals,459267.641416,6085.21546753,1186243.0,2020,11,4
2020-11-27,futures,473811.386627,6279.65650425,1185948.0,2020,11,4
2020-11-27,options,13143.535485,174.197772419,19309.0,2020,11,4
2020-11-27,totals,486954.922112,6453.854276659999,1205257.0,2020,11,4
2020-11-30,futures,488920.470401,6445.04501589,1239105.0,2020,11,4
2020-11-30,options,13413.296203,176.81668711700001,19558.0,2020,11,4
2020-11-30,totals,502333.766604,6621.86170301,1258663.0,2020,11,4
2020-12-01,futures,636383.554093,8351.50117117,1547068.0,2020,12,4
2020-12-01,options,21523.655406,282.463040056,31547.0,2020,12,4
2020-12-01,totals,657907.209499,8633.964211229999,1578615.0,2020,12,4
2020-12-02,futures,584648.048154,7660.4526994,1476862.0,2020,12,4
2020-12-02,options,24212.496431,317.248444136,28561.0,2020,12,4
2020-12-02,totals,608860.544585,7977.70114354,1505423.0,2020,12,4
2020-12-03,futures,576719.156753,7627.03688487,1440875.0,2020,12,4
2020-12-03,options,31784.321473,420.343575199,39207.0,2020,12,4
2020-12-03,totals,608503.478226,8047.38046007,1480082.0,2020,12,4
2020-12-04,futures,529268.970885,7038.18864575,1426581.0,2020,12,4
2020-12-04,options,25144.10345,334.364856329,31546.0,2020,12,4
2020-12-04,totals,554413.074335,7372.55350208,1458127.0,2020,12,4
2020-12-07,futures,532087.685891,7165.88424009,1388649.0,2020,12,4
2020-12-07,options,19786.265564,266.471283465,25229.0,2020,12,4
2020-12-07,totals,551873.951455,7432.355523560001,1413878.0,2020,12,4
2020-12-08,futures,552784.345253,7444.8468464,1479516.0,2020,12,4
2020-12-08,options,21720.271594,292.526546506,26375.0,2020,12,4
2020-12-08,totals,574504.616847,7737.3733929,1505891.0,2020,12,4
2020-12-09,futures,526218.258428,7143.70621446,1392729.0,2020,12,4
2020-12-09,options,19978.33511,271.21703664600005,22218.0,2020,12,4
2020-12-09,totals,546196.593538,7414.9232511,1414947.0,2020,12,4
2020-12-10,futures,657880.49633,8974.47942425,1741827.0,2020,12,4
2020-12-10,options,33873.848157,462.09023523400003,40543.0,2020,12,4
2020-12-10,totals,691754.344487,9436.56965948,1782370.0,2020,12,4
2020-12-11,futures,552961.572468,7501.60858238,1508277.0,2020,12,4
2020-12-11,options,24528.696825,332.762151619,27254.0,2020,12,4
2020-12-11,totals,577490.269293,7834.370734,1535531.0,2020,12,4
2020-12-14,futures,570155.927905,7797.59062774,1544392.0,2020,12,4
2020-12-14,options,24214.251994,331.15997776200004,29575.0,2020,12,4
2020-12-14,totals,594370.179899,8128.7506055,1573967.0,2020,12,4
2020-12-15,futures,592290.84595,8121.67265369,1760743.0,2020,12,4
2020-12-15,options,22522.471069,308.834989812,25884.0,2020,12,4
2020-12-15,totals,614813.317019,8430.5076435,1786627.0,2020,12,4
2020-12-16,futures,547449.508131,7453.83990713,1466894.0,2020,12,4
2020-12-16,options,19506.899445,265.597654921,21034.0,2020,12,4
2020-12-16,totals,566956.407576,7719.43756205,1487928.0,2020,12,4
2020-12-17,futures,642937.957455,8756.97469024,1689288.0,2020,12,4
2020-12-17,options,33345.034947,454.167659088,36599.0,2020,12,4
2020-12-17,totals,676282.992402,9211.14234933,1725887.0,2020,12,4
2020-12-18,futures,510663.279703,6997.486639180001,1379803.0,2020,12,4
2020-12-18,options,18002.372789,246.68185097999998,24487.0,2020,12,4
2020-12-18,totals,528665.652492,7244.16849016,1404290.0,2020,12,4
2020-12-21,futures,784020.857992,10693.7940544,2133519.0,2020,12,4
2020-12-21,options,31875.522357,434.771942591,41065.0,2020,12,4
2020-12-21,totals,815896.380349,11128.565996899999,2174584.0,2020,12,4
2020-12-22,futures,576648.319545,7722.40662235,1624289.0,2020,12,4
2020-12-22,options,23280.546048,311.770340569,34058.0,2020,12,4
2020-12-22,totals,599928.865593,8034.17696292,1658347.0,2020,12,4
2020-12-23,futures,564241.579868,7488.29565398,1602113.0,2020,12,4
2020-12-23,options,21536.699535,285.822915721,30632.0,2020,12,4
2020-12-23,totals,585778.279403,7774.1185697,1632745.0,2020,12,4
2020-12-24,futures,497874.209085,6598.10950971,1376557.0,2020,12,4
2020-12-24,options,22272.01103,295.16123770999997,29656.0,2020,12,4
2020-12-24,totals,520146.220115,6893.27074742,1406213.0,2020,12,4
2020-12-25,futures,248821.067396,3324.74247982,688692.0,2020,12,4
2020-12-25,options,14713.163155,196.597012729,15737.0,2020,12,4
2020-12-25,totals,263534.230551,3521.33949255,704429.0,2020,12,4
2020-12-28,futures,318811.945148,4326.270321350001,922771.0,2020,12,4
2020-12-28,options,10503.134834,142.527283576,15054.0,2020,12,4
2020-12-28,totals,329315.079982,4468.7976049300005,937825.0,2020,12,4
2020-12-29,futures,356485.299183,4835.83001571,1010094.0,2020,12,4
2020-12-29,options,11005.499273,149.292898877,16221.0,2020,12,4
2020-12-29,totals,367490.798456,4985.12291459,1026315.0,2020,12,4
2020-12-30,futures,443420.764932,6020.10088603,1167772.0,2020,12,4
2020-12-30,options,16525.942144,224.364411438,23540.0,2020,12,4
2020-12-30,totals,459946.707076,6244.46529747,1191312.0,2020,12,4
2021-01-04,futures,468880.175587,6346.87963142,1272220.0,2021,1,1
2021-01-04,options,16816.961833,227.638612331,27420.0,2021,1,1
2021-01-04,totals,485697.13742,6574.51824375,1299640.0,2021,1,1
2021-01-05,futures,597678.369197,8090.324277090001,1746973.0,2021,1,1
2021-01-05,options,21008.542561,284.37690013099996,30752.0,2021,1,1
2021-01-05,totals,618686.911758,8374.70117722,1777725.0,2021,1,1
2021-01-06,futures,543176.114316,7352.568088229999,1601032.0,2021,1,1
2021-01-06,options,22707.059738,307.368454553,31786.0,2021,1,1
2021-01-06,totals,565883.174054,7659.93654279,1632818.0,2021,1,1
2021-01-08,futures,592009.940957,8013.59501104,1789502.0,2021,1,1
2021-01-08,options,18849.591621,255.152798836,28718.0,2021,1,1
2021-01-08,totals,610859.532578,8268.74780988,1818220.0,2021,1,1
2021-01-11,futures,611298.903216,8274.69524101,1881004.0,2021,1,1
2021-01-11,options,22749.008978,307.93628998400004,30244.0,2021,1,1
2021-01-11,totals,634047.912194,8582.63153099,1911248.0,2021,1,1
2021-01-12,futures,590322.898594,7922.12780117,1642109.0,2021,1,1
2021-01-12,options,20413.594432,273.95024715600005,27354.0,2021,1,1
2021-01-12,totals,610736.493026,8196.07804833,1669463.0,2021,1,1
2021-01-13,futures,552687.870958,7441.9739634,1578948.0,2021,1,1
2021-01-13,options,24659.224476,332.037875537,26920.0,2021,1,1
2021-01-13,totals,577347.095434,7774.0118389399995,1605868.0,2021,1,1
2021-01-14,futures,562064.637128,7644.39217924,1551996.0,2021,1,1
2021-01-14,options,25430.109815,345.86366006000003,33477.0,2021,1,1
2021-01-14,totals,587494.746943,7990.2558393,1585473.0,2021,1,1
2021-01-15,futures,593936.897704,8048.350762489999,1626579.0,2021,1,1
2021-01-15,options,20189.729054,273.588022321,27734.0,2021,1,1
2021-01-15,totals,614126.626758,8321.93878481,1654313.0,2021,1,1
2021-01-18,futures,498279.017578,6775.13066883,1389368.0,2021,1,1
2021-01-18,options,18523.025449,251.858724473,24966.0,2021,1,1
2021-01-18,totals,516802.043027,7026.9893933,1414334.0,2021,1,1
2021-01-19,futures,443252.950745,5992.050541680001,1264362.0,2021,1,1
2021-01-19,options,19226.274403,259.907593976,21314.0,2021,1,1
2021-01-19,totals,462479.225148,6251.95813566,1285676.0,2021,1,1
2021-01-20,futures,480492.944262,6517.42972483,1303153.0,2021,1,1
2021-01-20,options,19976.715969,270.965149469,22410.0,2021,1,1
2021-01-20,totals,500469.660231,6788.3948743,1325563.0,2021,1,1
2021-01-21,futures,563609.356601,7683.31206599,1524245.0,2021,1,1
2021-01-21,options,24624.206626,335.685456015,32720.0,2021,1,1
2021-01-21,totals,588233.563227,8018.9975220100005,1556965.0,2021,1,1
2021-01-22,futures,645851.974607,8802.74303193,1710568.0,2021,1,1
2021-01-22,options,25307.34521,344.93051885399996,34236.0,2021,1,1
2021-01-22,totals,671159.319817,9147.673550790001,1744804.0,2021,1,1
2021-01-25,futures,697206.744805,9375.910179389999,1789816.0,2021,1,1
2021-01-25,options,22396.157961,301.179480793,31197.0,2021,1,1
2021-01-25,totals,719602.902766,9677.08966019,1821013.0,2021,1,1
2021-01-26,futures,646168.069475,8632.0442,1746279.0,2021,1,1
2021-01-26,options,19954.244075,266.565194057,25580.0,2021,1,1
2021-01-26,totals,666122.31355,8898.60939406,1771859.0,2021,1,1
2021-01-27,futures,688298.76496,9100.21980395,1799988.0,2021,1,1
2021-01-27,options,24587.630119,325.080982172,31384.0,2021,1,1
2021-01-27,totals,712886.395079,9425.30078613,1831372.0,2021,1,1
2021-01-28,futures,736660.214125,9816.90050806,1884345.0,2021,1,1
2021-01-28,options,30233.35551,402.89652865100004,42925.0,2021,1,1
2021-01-28,totals,766893.569635,10219.797036700002,1927270.0,2021,1,1
2021-01-29,futures,695607.156529,9130.452245819999,1895156.0,2021,1,1
2021-01-29,options,21165.882206,277.820713759,28804.0,2021,1,1
2021-01-29,totals,716773.038735,9408.27295958,1923960.0,2021,1,1
2021-02-01,futures,674661.602036,8847.70771443,1852987.0,2021,2,1
2021-02-01,options,17275.807724,226.55994769999998,25637.0,2021,2,1
2021-02-01,totals,691937.40976,9074.26766213,1878624.0,2021,2,1
2021-02-02,futures,670630.100787,8881.894394,1818728.0,2021,2,1
2021-02-02,options,21931.314302,290.460594183,29797.0,2021,2,1
2021-02-02,totals,692561.415089,9172.35498818,1848525.0,2021,2,1
2021-02-03,futures,638404.17059,8410.55700592,1699156.0,2021,2,1
2021-02-03,options,22559.050159,297.200717198,30043.0,2021,2,1
2021-02-03,totals,660963.220749,8707.757723120001,1729199.0,2021,2,1
2021-02-04,futures,574370.588152,7549.550909529999,1453762.0,2021,2,1
2021-02-04,options,22852.314597,300.37177392,30905.0,2021,2,1
2021-02-04,totals,597222.902749,7849.92268345,1484667.0,2021,2,1
2021-02-05,futures,535040.591291,7065.17281014,1417183.0,2021,2,1
2021-02-05,options,21400.348136,282.590069313,31153.0,2021,2,1
2021-02-05,totals,556440.939427,7347.76287945,1448336.0,2021,2,1
2021-02-08,futures,455482.654428,6064.15137162,1218204.0,2021,2,1
2021-02-08,options,23189.819149,308.74188563,29394.0,2021,2,1
2021-02-08,totals,478672.473577,6372.89325725,1247598.0,2021,2,1
2021-02-09,futures,493607.696247,6647.00197747,1342180.0,2021,2,1
2021-02-09,options,20315.992775,273.578481811,26303.0,2021,2,1
2021-02-09,totals,513923.689022,6920.58045928,1368483.0,2021,2,1
2021-02-10,futures,489304.296762,6601.5863199,1366322.0,2021,2,1
2021-02-10,options,20526.789086,276.942939023,26084.0,2021,2,1
2021-02-10,totals,509831.085848,6878.52925892,1392406.0,2021,2,1
2021-02-11,futures,407128.696943,5512.71988993,1105612.0,2021,2,1
2021-02-11,options,19444.8585,263.292808919,23929.0,2021,2,1
2021-02-11,totals,426573.555443,5776.012698850001,1129541.0,2021,2,1
2021-02-12,futures,696824.942234,9447.46179371,1635836.0,2021,2,1
2021-02-12,options,29600.993834,401.326418377,34508.0,2021,2,1
2021-02-12,totals,726425.936068,9848.78821208,1670344.0,2021,2,1
2021-02-15,futures,525854.220362,7112.11613494,1360481.0,2021,2,1
2021-02-15,options,27041.088007,365.727517008,33632.0,2021,2,1
2021-02-15,totals,552895.308369,7477.84365195,1394113.0,2021,2,1
2021-02-16,futures,560472.753588,7645.32628358,1478081.0,2021,2,1
2021-02-16,options,26297.153725,358.715600839,31177.0,2021,2,1
2021-02-16,totals,586769.907313,8004.04188442,1509258.0,2021,2,1
2021-02-17,futures,665405.770173,9079.141898540001,1687749.0,2021,2,1
2021-02-17,options,26422.754887,360.52579001099997,32298.0,2021,2,1
2021-02-17,totals,691828.52506,9439.66768855,1720047.0,2021,2,1
2021-02-18,futures,648366.677486,8789.39846308,1656844.0,2021,2,1
2021-02-18,options,27415.370593,371.648674311,36439.0,2021,2,1
2021-02-18,totals,675782.048079,9161.04713739,1693283.0,2021,2,1
2021-02-19,futures,584712.968808,7925.57107452,1556686.0,2021,2,1
2021-02-19,options,22531.08961,305.400703621,30806.0,2021,2,1
2021-02-19,totals,607244.058418,8230.97177814,1587492.0,2021,2,1
2021-02-20,futures,232763.629045,3146.65783056,582388.0,2021,2,1
2021-02-20,options,6488.784395,87.7198225132,10135.0,2021,2,1
2021-02-20,totals,239252.41344,3234.37765308,592523.0,2021,2,1
2021-02-22,futures,445000.028526,6014.871309149999,1110274.0,2021,2,1
2021-02-22,options,15391.059097,208.034233361,21122.0,2021,2,1
2021-02-22,totals,460391.087623,6222.9055425100005,1131396.0,2021,2,1
2021-02-24,futures,627915.852582,8487.26472842,1586882.0,2021,2,1
2021-02-24,options,23413.065744,316.464198596,31816.0,2021,2,1
2021-02-24,totals,651328.918326,8803.728927010001,1618698.0,2021,2,1
2021-02-25,futures,695034.30629,9423.78508716,1666165.0,2021,2,1
2021-02-25,options,24079.737695,326.49075152,29377.0,2021,2,1
2021-02-25,totals,719114.043985,9750.27583868,1695542.0,2021,2,1
2021-02-26,futures,910128.089368,12386.9589038,2274620.0,2021,2,1
2021-02-26,options,29864.122672,406.454503006,38819.0,2021,2,1
2021-02-26,totals,939992.21204,12793.413406799998,2313439.0,2021,2,1
2021-03-01,futures,617451.835949,8294.92520482,1593194.0,2021,3,1
2021-03-01,options,19379.222737,260.34290251,24568.0,2021,3,1
2021-03-01,totals,636831.058686,8555.26810733,1617762.0,2021,3,1
2021-03-02,futures,731118.674146,9874.004307469999,1878509.0,2021,3,1
2021-03-02,options,25050.151015,338.310739107,32491.0,2021,3,1
2021-03-02,totals,756168.825161,10212.3150466,1911000.0,2021,3,1
2021-03-03,futures,638832.45974,8566.25111116,1676810.0,2021,3,1
2021-03-03,options,27180.760454,364.473056889,31908.0,2021,3,1
2021-03-03,totals,666013.220194,8930.72416804,1708718.0,2021,3,1
2021-03-04,futures,652602.64377,8876.68911134,1753801.0,2021,3,1
2021-03-04,options,26721.905257,363.47086193,34258.0,2021,3,1
2021-03-04,totals,679324.549027,9240.15997327,1788059.0,2021,3,1
2021-03-05,futures,1055854.65454,14309.6106402,2705470.0,2021,3,1
2021-03-05,options,38791.716137,525.72989246,47712.0,2021,3,1
2021-03-05,totals,1094646.37068,14835.3405327,2753182.0,2021,3,1
2021-03-08,futures,,,,2021,3,1
2021-03-08,options,,,,2021,3,1
2021-03-08,totals,,,,2021,3,1
2021-03-09,futures,675265.210533,9072.79178439,1745374.0,2021,3,1
2021-03-09,options,30023.418273,403.391465157,36179.0,2021,3,1
2021-03-09,totals,705288.628806,9476.183249549998,1781553.0,2021,3,1
2021-03-10,futures,640262.947807,8621.44441192,1619964.0,2021,3,1
2021-03-10,options,24232.860478,326.306965394,29485.0,2021,3,1
2021-03-10,totals,664495.808285,8947.751377319999,1649449.0,2021,3,1
2021-03-11,futures,637420.334654,8609.21611433,1536752.0,2021,3,1
2021-03-11,options,25547.477546,345.05293197000003,29922.0,2021,3,1
2021-03-11,totals,662967.8122,8954.2690463,1566674.0,2021,3,1
2021-03-12,futures,639781.145156,8704.55274799,1566638.0,2021,3,1
2021-03-12,options,27224.168418,370.398865001,31030.0,2021,3,1
2021-03-12,totals,667005.313574,9074.95161299,1597668.0,2021,3,1
2021-03-15,futures,636405.703154,8657.626889469999,1631687.0,2021,3,1
2021-03-15,options,23648.459317,321.712291802,30481.0,2021,3,1
2021-03-15,totals,660054.162471,8979.339181270001,1662168.0,2021,3,1
2021-03-16,futures,636741.876728,8694.89410635,1719223.0,2021,3,1
2021-03-16,options,21379.835551,291.94782520399997,27771.0,2021,3,1
2021-03-16,totals,658121.712279,8986.84193155,1746994.0,2021,3,1
2021-03-17,futures,915647.06535,12549.6603755,2357684.0,2021,3,1
2021-03-17,options,38049.162594,521.493582185,41118.0,2021,3,1
2021-03-17,totals,953696.227944,13071.1539577,2398802.0,2021,3,1
2021-03-18,futures,918384.906113,12563.0784715,2264186.0,2021,3,1
2021-03-18,options,39863.967483,545.320538632,46557.0,2021,3,1
2021-03-18,totals,958248.873596,13108.3990101,2310743.0,2021,3,1
2021-03-19,futures,904422.829271,12278.644187200001,2168474.0,2021,3,1
2021-03-19,options,29676.233622,402.89110543,42286.0,2021,3,1
2021-03-19,totals,934099.062893,12681.5352926,2210760.0,2021,3,1
2021-03-22,futures,637428.194853,8597.74470728,1535773.0,2021,3,1
2021-03-22,options,19582.370558,264.130492157,25725.0,2021,3,1
2021-03-22,totals,657010.565411,8861.87519944,1561498.0,2021,3,1
2021-03-23,futures,819150.835937,10979.323213,1931249.0,2021,3,1
2021-03-23,options,35962.664097,482.01832360900005,45688.0,2021,3,1
2021-03-23,totals,855113.500034,11461.3415366,1976937.0,2021,3,1
2021-03-24,futures,786370.860412,10435.0651939,1948904.0,2021,3,1
2021-03-24,options,30622.632571,406.359369826,39604.0,2021,3,1
2021-03-24,totals,816993.492983,10841.4245637,1988508.0,2021,3,1
2021-03-25,futures,784885.918781,10306.629620200001,1991329.0,2021,3,1
2021-03-25,options,29223.94565,383.750525583,40831.0,2021,3,1
2021-03-25,totals,814109.864431,10690.3801458,2032160.0,2021,3,1
2021-03-26,futures,665974.01705,8742.7881268,1701413.0,2021,3,1
2021-03-26,options,22088.823395,289.978134235,31737.0,2021,3,1
2021-03-26,totals,688062.840445,9032.76626104,1733150.0,2021,3,1
2021-03-29,futures,565966.32736,7470.75313051,1501497.0,2021,3,1
2021-03-29,options,18760.397647,247.637169697,24679.0,2021,3,1
2021-03-29,totals,584726.725007,7718.39030021,1526176.0,2021,3,1
2021-03-30,futures,691524.944524,9119.56745301,1570033.0,2021,3,1
2021-03-30,options,17690.727107,233.298567785,22997.0,2021,3,1
2021-03-30,totals,709215.671631,9352.866020790001,1593030.0,2021,3,1
2021-03-31,futures,543125.373071,7174.489719220001,1404868.0,2021,3,1
2021-03-31,options,16826.3153,222.269538706,22787.0,2021,3,1
2021-03-31,totals,559951.688371,7396.75925792,1427655.0,2021,3,1
2021-04-01,futures,753061.071808,9956.21302992,1852524.0,2021,4,2
2021-04-01,options,25450.139754,336.476047585,35033.0,2021,4,2
2021-04-01,totals,778511.211562,10292.6890775,1887557.0,2021,4,2
2021-04-02,futures,337208.229465,4448.22898936,899352.0,2021,4,2
2021-04-02,options,13348.78787,176.088422487,17639.0,2021,4,2
2021-04-02,totals,350557.017335,4624.31741185,916991.0,2021,4,2
2021-04-05,futures,460855.322193,6058.035031859999,1194546.0,2021,4,2
2021-04-05,options,14623.693204,192.231360817,20934.0,2021,4,2
2021-04-05,totals,475479.015397,6250.2663926800005,1215480.0,2021,4,2
2021-04-06,futures,719698.820552,9394.90818576,1855410.0,2021,4,2
2021-04-06,options,24227.460979,316.26392175700005,33557.0,2021,4,2
2021-04-06,totals,743926.281531,9711.17210752,1888967.0,2021,4,2
2021-04-07,futures,808375.467742,10583.5735929,2130255.0,2021,4,2
2021-04-07,options,31720.840448,415.30187729299996,38834.0,2021,4,2
2021-04-07,totals,840096.30819,10998.8754702,2169089.0,2021,4,2
2021-04-08,futures,656250.619227,8438.02629739,1752803.0,2021,4,2
2021-04-08,options,22748.33828,292.496602677,28804.0,2021,4,2
2021-04-08,totals,678998.957507,8730.52290007,1781607.0,2021,4,2
2021-04-09,futures,517922.857725,6717.450953680001,1372324.0,2021,4,2
2021-04-09,options,18800.441428,243.841416374,23312.0,2021,4,2
2021-04-09,totals,536723.299153,6961.29237006,1395636.0,2021,4,2
2021-04-12,futures,618764.12877,8018.64207504,1627793.0,2021,4,2
2021-04-12,options,23277.308401,301.653563708,29990.0,2021,4,2
2021-04-12,totals,642041.437171,8320.29563875,1657783.0,2021,4,2
2021-04-13,futures,599697.528032,7736.99436504,1608368.0,2021,4,2
2021-04-13,options,20579.251422,265.503099223,25532.0,2021,4,2
2021-04-13,totals,620276.779454,8002.49746426,1633900.0,2021,4,2
2021-04-14,futures,604481.238456,7824.645335890001,1739963.0,2021,4,2
2021-04-14,options,29611.198265,383.299116092,39905.0,2021,4,2
2021-04-14,totals,634092.436721,8207.94445198,1779868.0,2021,4,2
2021-04-15,futures,896583.452419,11846.625940700002,2393843.0,2021,4,2
2021-04-15,options,68061.521997,899.302111674,60714.0,2021,4,2
2021-04-15,totals,964644.974416,12745.9280524,2454557.0,2021,4,2
2021-04-16,futures,550748.219999,7154.35822957,1590713.0,2021,4,2
2021-04-16,options,26419.857576,343.20061075,33469.0,2021,4,2
2021-04-16,totals,577168.077575,7497.55884032,1624182.0,2021,4,2
2021-04-19,futures,472515.760396,6254.05521116,1401350.0,2021,4,2
2021-04-19,options,19560.444118,258.895274448,24796.0,2021,4,2
2021-04-19,totals,492076.204514,6512.9504856,1426146.0,2021,4,2
2021-04-20,futures,661786.126545,8679.26475913,1790809.0,2021,4,2
2021-04-20,options,26295.230207,344.859548598,34554.0,2021,4,2
2021-04-20,totals,688081.356752,9024.12430772,1825363.0,2021,4,2
2021-04-21,futures,631983.734413,8313.87985888,1838392.0,2021,4,2
2021-04-21,options,25520.280616,335.724695832,30592.0,2021,4,2
2021-04-21,totals,657504.015029,8649.60455472,1868984.0,2021,4,2
2021-04-22,futures,664819.823394,8654.27693634,1823130.0,2021,4,2
2021-04-22,options,32919.768315,428.53233560900003,38739.0,2021,4,2
2021-04-22,totals,697739.591709,9082.80927195,1861869.0,2021,4,2
2021-04-23,futures,592948.832718,7758.90660268,1665448.0,2021,4,2
2021-04-23,options,26833.318764,351.121720192,33332.0,2021,4,2
2021-04-23,totals,619782.151482,8110.02832287,1698780.0,2021,4,2
2021-04-26,futures,492653.79682,6560.90543952,1366434.0,2021,4,2
2021-04-26,options,17753.704642,236.434547159,22440.0,2021,4,2
2021-04-26,totals,510407.501462,6797.33998668,1388874.0,2021,4,2
2021-04-27,futures,548394.85426,7334.619814090001,1349602.0,2021,4,2
2021-04-27,options,18623.251987,249.080515555,22665.0,2021,4,2
2021-04-27,totals,567018.106247,7583.70032965,1372267.0,2021,4,2
2021-04-28,futures,475140.441362,6338.77250082,1318206.0,2021,4,2
2021-04-28,options,15742.475536,210.017843853,21837.0,2021,4,2
2021-04-28,totals,490882.916898,6548.79034467,1340043.0,2021,4,2
2021-04-29,futures,546307.628756,7290.0309419099995,1496050.0,2021,4,2
2021-04-29,options,28519.920859,380.575145905,34005.0,2021,4,2
2021-04-29,totals,574827.549615,7670.60608782,1530055.0,2021,4,2
2021-04-30,futures,572543.850226,7697.31307349,1438137.0,2021,4,2
2021-04-30,options,16623.774396,223.490997132,23673.0,2021,4,2
2021-04-30,totals,589167.624622,7920.80407062,1461810.0,2021,4,2
2021-05-04,futures,540285.942925,7218.72163876,1400112.0,2021,5,2
2021-05-04,options,15497.435964,207.060127704,23568.0,2021,5,2
2021-05-04,totals,555783.378889,7425.78176646,1423680.0,2021,5,2
2021-05-05,futures,415500.384761,5521.10821709,1111691.0,2021,5,2
2021-05-05,options,19532.654552,259.547050987,22314.0,2021,5,2
2021-05-05,totals,435033.039313,5780.65526808,1134005.0,2021,5,2
2021-05-06,futures,465048.879241,6212.10684824,1215239.0,2021,5,2
2021-05-06,options,23727.2176,316.947352251,27556.0,2021,5,2
2021-05-06,totals,488776.096841,6529.05420049,1242795.0,2021,5,2
2021-05-07,futures,515742.61207,6915.57198694,1371565.0,2021,5,2
2021-05-07,options,23074.478178,309.40475183999996,28942.0,2021,5,2
2021-05-07,totals,538817.090248,7224.976738779999,1400507.0,2021,5,2
2021-05-10,futures,413236.763715,5573.938674800001,1033986.0,2021,5,2
2021-05-10,options,15914.783056,214.666342799,20331.0,2021,5,2
2021-05-10,totals,429151.546771,5788.605017600001,1054317.0,2021,5,2
2021-05-11,futures,532075.269387,7176.890302010001,1430063.0,2021,5,2
2021-05-11,options,15787.30227,212.946819887,21035.0,2021,5,2
2021-05-11,totals,547862.571657,7389.83712189,1451098.0,2021,5,2
2021-05-12,futures,584580.427444,7883.04263059,1491929.0,2021,5,2
2021-05-12,options,15393.111511,207.575465346,20678.0,2021,5,2
2021-05-12,totals,599973.538955,8090.61809594,1512607.0,2021,5,2
2021-05-13,futures,631908.240408,8534.68720162,1610823.0,2021,5,2
2021-05-13,options,31911.34542,431.00142382499996,33166.0,2021,5,2
2021-05-13,totals,663819.585828,8965.68862545,1643989.0,2021,5,2
2021-05-14,futures,503594.457954,6772.693452279999,1285769.0,2021,5,2
2021-05-14,options,14097.755276,189.596556002,17986.0,2021,5,2
2021-05-14,totals,517692.21323,6962.29000828,1303755.0,2021,5,2
2021-05-17,futures,451747.523249,6104.9602583999995,1173244.0,2021,5,2
2021-05-17,options,15134.629355,204.530862889,19689.0,2021,5,2
2021-05-17,totals,466882.152604,6309.49112129,1192933.0,2021,5,2
2021-05-18,futures,442369.591885,5989.80947312,1127801.0,2021,5,2
2021-05-18,options,22542.674439,305.234191909,25618.0,2021,5,2
2021-05-18,totals,464912.266324,6295.04366503,1153419.0,2021,5,2
2021-05-19,futures,669409.084512,9082.989835870001,1725714.0,2021,5,2
2021-05-19,options,23579.932706,319.948285816,31687.0,2021,5,2
2021-05-19,totals,692989.017218,9402.93812169,1757401.0,2021,5,2
2021-05-20,futures,582676.917314,7908.44619837,1412761.0,2021,5,2
2021-05-20,options,25344.593305,343.99226503799997,32291.0,2021,5,2
2021-05-20,totals,608021.510619,8252.4384634,1445052.0,2021,5,2
2021-05-21,futures,527067.268717,7161.171955119999,1260186.0,2021,5,2
2021-05-21,options,20398.446697,277.150172444,26224.0,2021,5,2
2021-05-21,totals,547465.715414,7438.322127560001,1286410.0,2021,5,2
2021-05-24,futures,519821.139051,7064.67816863,1155321.0,2021,5,2
2021-05-24,options,12657.029299,172.016549253,17916.0,2021,5,2
2021-05-24,totals,532478.16835,7236.69471788,1173237.0,2021,5,2
2021-05-25,futures,437558.496012,5951.02311289,1077794.0,2021,5,2
2021-05-25,options,12209.5767,166.05659312400002,18393.0,2021,5,2
2021-05-25,totals,449768.072712,6117.07970601,1096187.0,2021,5,2
2021-05-26,futures,552446.000747,7526.89169273,1142241.0,2021,5,2
2021-05-26,options,15945.769862,217.255772593,19055.0,2021,5,2
2021-05-26,totals,568391.770609,7744.147465319999,1161296.0,2021,5,2
2021-05-27,futures,415610.213036,5656.584778439999,1044187.0,2021,5,2
2021-05-27,options,16088.600918,218.970882343,18472.0,2021,5,2
2021-05-27,totals,431698.813954,5875.55566079,1062659.0,2021,5,2
2021-05-28,futures,473365.268744,6444.026093060001,1084056.0,2021,5,2
2021-05-28,options,15097.857495,205.53047312799998,17889.0,2021,5,2
2021-05-28,totals,488463.126239,6649.55656619,1101945.0,2021,5,2
2021-05-31,futures,318957.67798,4334.42969519,752521.0,2021,5,2
2021-05-31,options,9707.056111,131.912649123,11870.0,2021,5,2
2021-05-31,totals,328664.734091,4466.34234431,764391.0,2021,5,2
2021-06-01,futures,507241.041143,6920.399216100001,1162527.0,2021,6,2
2021-06-01,options,18567.42773,253.31943176,21695.0,2021,6,2
2021-06-01,totals,525808.468873,7173.71864786,1184222.0,2021,6,2
2021-06-02,futures,451232.833827,6160.92376858,1047580.0,2021,6,2
2021-06-02,options,19954.383089,272.44788908099997,18261.0,2021,6,2
2021-06-02,totals,471187.216916,6433.37165766,1065841.0,2021,6,2
2021-06-03,futures,536440.438481,7298.717901890001,1305585.0,2021,6,2
2021-06-03,options,28245.580041,384.304586131,31904.0,2021,6,2
2021-06-03,totals,564686.018522,7683.02248802,1337489.0,2021,6,2
2021-06-04,futures,481782.226965,6576.01082891,1143838.0,2021,6,2
2021-06-04,options,19273.080579,263.06488596,22236.0,2021,6,2
2021-06-04,totals,501055.307544,6839.0757148699995,1166074.0,2021,6,2
2021-06-07,futures,358493.166971,4892.62853079,933478.0,2021,6,2
2021-06-07,options,14543.40369,198.48487609900002,17623.0,2021,6,2
2021-06-07,totals,373036.570661,5091.11340689,951101.0,2021,6,2
2021-06-08,futures,471061.040716,6459.13775125,1132379.0,2021,6,2
2021-06-08,options,16927.793617,232.112064778,19500.0,2021,6,2
2021-06-08,totals,487988.834333,6691.24981603,1151879.0,2021,6,2
2021-06-09,futures,419589.487864,5761.5658211400005,1021888.0,2021,6,2
2021-06-09,options,20434.474078,280.59465459899997,21599.0,2021,6,2
2021-06-09,totals,440023.961942,6042.16047574,1043487.0,2021,6,2
2021-06-10,futures,497577.917229,6902.856533640001,1167647.0,2021,6,2
2021-06-10,options,26880.218383,372.907005448,23537.0,2021,6,2
2021-06-10,totals,524458.135612,7275.76353909,1191184.0,2021,6,2
2021-06-11,futures,492488.843463,6821.42076395,1137255.0,2021,6,2
2021-06-11,options,24977.407679,345.959933169,23309.0,2021,6,2
2021-06-11,totals,517466.251142,7167.38069712,1160564.0,2021,6,2
2021-06-14,futures,388809.304354,5424.25964888,958484.0,2021,6,2
2021-06-14,options,14093.129782,196.61256648699998,15274.0,2021,6,2
2021-06-14,totals,402902.434136,5620.87221537,973758.0,2021,6,2
2021-06-15,futures,555156.471727,7744.96087075,1308865.0,2021,6,2
2021-06-15,options,18373.467865,256.327354397,17778.0,2021,6,2
2021-06-15,totals,573529.939592,8001.28822515,1326643.0,2021,6,2
2021-06-16,futures,567060.870056,7894.28734984,1386812.0,2021,6,2
2021-06-16,options,20266.612015,282.139832428,19920.0,2021,6,2
2021-06-16,totals,587327.482071,8176.42718226,1406732.0,2021,6,2
2021-06-17,futures,930500.898522,12917.8285092,2131804.0,2021,6,2
2021-06-17,options,36708.580087,509.612772145,39058.0,2021,6,2
2021-06-17,totals,967209.478609,13427.4412813,2170862.0,2021,6,2
2021-06-18,futures,571600.493979,7883.62279434,1324435.0,2021,6,2
2021-06-18,options,15817.187565,218.153661068,21622.0,2021,6,2
2021-06-18,totals,587417.681544,8101.7764554099995,1346057.0,2021,6,2
2021-06-21,futures,517728.938395,7168.6162920100005,1205327.0,2021,6,2
2021-06-21,options,18284.521463,253.172478358,22902.0,2021,6,2
2021-06-21,totals,536013.459858,7421.78877037,1228229.0,2021,6,2
2021-06-22,futures,399440.28805,5456.93144892,920484.0,2021,6,2
2021-06-22,options,10158.426349,138.778780894,14739.0,2021,6,2
2021-06-22,totals,409598.714399,5595.710229810001,935223.0,2021,6,2
2021-06-23,futures,513825.221158,7022.72256083,1166207.0,2021,6,2
2021-06-23,options,22589.771457,308.746420227,24892.0,2021,6,2
2021-06-23,totals,536414.992615,7331.46898106,1191099.0,2021,6,2
2021-06-24,futures,434567.000757,5980.24416492,1056008.0,2021,6,2
2021-06-24,options,17017.296254,234.18157947699999,19828.0,2021,6,2
2021-06-24,totals,451584.297011,6214.4257443999995,1075836.0,2021,6,2
2021-06-25,futures,396630.588073,5483.92815962,894030.0,2021,6,2
2021-06-25,options,12786.084703,176.784070777,15897.0,2021,6,2
2021-06-25,totals,409416.672776,5660.7122303999995,909927.0,2021,6,2
2021-06-28,futures,370354.717104,5131.74166758,819418.0,2021,6,2
2021-06-28,options,13814.614813,191.419283145,13874.0,2021,6,2
2021-06-28,totals,384169.331917,5323.16095072,833292.0,2021,6,2
2021-06-29,futures,507950.598415,7037.5004802700005,1165509.0,2021,6,2
2021-06-29,options,18249.848712,252.846082821,21701.0,2021,6,2
2021-06-29,totals,526200.447127,7290.34656309,1187210.0,2021,6,2
2021-06-30,futures,547913.791154,7570.76659377,1353149.0,2021,6,2
2021-06-30,options,18327.004354,253.232305095,22785.0,2021,6,2
2021-06-30,totals,566240.795508,7823.99889886,1375934.0,2021,6,2
2021-07-01,futures,585132.386977,8045.99877037,1271004.0,2021,7,3
2021-07-01,options,23259.786865,319.839100826,24508.0,2021,7,3
2021-07-01,totals,608392.173842,8365.83787119,1295512.0,2021,7,3
2021-07-02,futures,576783.926224,7911.05474833,1286588.0,2021,7,3
2021-07-02,options,18479.10814,253.45580823100002,22523.0,2021,7,3
2021-07-02,totals,595263.034364,8164.510556560001,1309111.0,2021,7,3
2021-07-05,futures,321898.117751,4372.5760553,760004.0,2021,7,3
2021-07-05,options,10850.219262,147.38641303999998,13344.0,2021,7,3
2021-07-05,totals,332748.337013,4519.96246834,773348.0,2021,7,3
2021-07-06,futures,629527.19789,8582.043213590001,1425075.0,2021,7,3
2021-07-06,options,28920.34785,394.257270905,31110.0,2021,7,3
2021-07-06,totals,658447.54574,8976.3004845,1456185.0,2021,7,3
2021-07-07,futures,714462.510914,9751.62436756,1575778.0,2021,7,3
2021-07-07,options,28612.268578,390.525872547,34146.0,2021,7,3
2021-07-07,totals,743074.779492,10142.1502401,1609924.0,2021,7,3
2021-07-08,futures,701605.804883,9473.734166229999,1554457.0,2021,7,3
2021-07-08,options,35553.165419,480.071908761,40012.0,2021,7,3
2021-07-08,totals,737158.970302,9953.806075,1594469.0,2021,7,3
2021-07-09,futures,502865.239079,6687.464613149999,1147112.0,2021,7,3
2021-07-09,options,23737.0298,315.672141307,25595.0,2021,7,3
2021-07-09,totals,526602.268879,7003.13675446,1172707.0,2021,7,3
2021-07-12,futures,480405.066368,6451.20443641,1121639.0,2021,7,3
2021-07-12,options,15125.96949,203.12175768,17530.0,2021,7,3
2021-07-12,totals,495531.035858,6654.32619408,1139169.0,2021,7,3
2021-07-13,futures,530828.750932,7112.46343379,1248595.0,2021,7,3
2021-07-13,options,23415.40158,313.738069449,22359.0,2021,7,3
2021-07-13,totals,554244.152512,7426.2015032399995,1270954.0,2021,7,3
2021-07-14,futures,522120.166747,7050.0664572,1231733.0,2021,7,3
2021-07-14,options,15288.341291,206.43489561700002,20269.0,2021,7,3
2021-07-14,totals,537408.508038,7256.50135282,1252002.0,2021,7,3
2021-07-15,futures,538830.502138,7269.35149046,1280886.0,2021,7,3
2021-07-15,options,26765.975381,361.099236694,29257.0,2021,7,3
2021-07-15,totals,565596.477519,7630.45072715,1310143.0,2021,7,3
2021-07-16,futures,584052.696443,7869.2408679,1322091.0,2021,7,3
2021-07-16,options,20768.459747,279.824086422,25032.0,2021,7,3
2021-07-16,totals,604821.15619,8149.06495432,1347123.0,2021,7,3
2021-07-19,futures,725990.716065,9788.77965074,1574759.0,2021,7,3
2021-07-19,options,28326.302812,381.933171335,34490.0,2021,7,3
2021-07-19,totals,754317.018877,10170.7128221,1609249.0,2021,7,3
2021-07-20,futures,657687.066325,8846.26492946,1514184.0,2021,7,3
2021-07-20,options,19376.934028,260.630778236,25374.0,2021,7,3
2021-07-20,totals,677064.000353,9106.89570769,1539558.0,2021,7,3
2021-07-21,futures,549509.296797,7376.85487907,1250181.0,2021,7,3
2021-07-21,options,17047.712445,228.856002,22689.0,2021,7,3
2021-07-21,totals,566557.009242,7605.71088107,1272870.0,2021,7,3
2021-07-22,futures,494363.330362,6636.22150787,1164966.0,2021,7,3
2021-07-22,options,26296.72637,353.00130573,30244.0,2021,7,3
2021-07-22,totals,520660.056732,6989.2228136,1195210.0,2021,7,3
2021-07-23,futures,447673.546105,6074.72126285,1037600.0,2021,7,3
2021-07-23,options,17644.303934,239.424976545,22023.0,2021,7,3
2021-07-23,totals,465317.850039,6314.14623939,1059623.0,2021,7,3
2021-07-26,futures,530959.073699,7197.85421933,1225988.0,2021,7,3
2021-07-26,options,19427.1683,263.361023936,25411.0,2021,7,3
2021-07-26,totals,550386.241999,7461.2152432600005,1251399.0,2021,7,3
2021-07-27,futures,455831.060439,6151.73230639,1072425.0,2021,7,3
2021-07-27,options,15352.942327,207.197796526,19286.0,2021,7,3
2021-07-27,totals,471184.002766,6358.93010292,1091711.0,2021,7,3
2021-07-28,futures,522019.601951,7068.92487249,1087160.0,2021,7,3
2021-07-28,options,19044.972318,257.89736249599997,19198.0,2021,7,3
2021-07-28,totals,541064.574269,7326.82223498,1106358.0,2021,7,3
2021-07-29,futures,475532.13415,6460.26200875,1114366.0,2021,7,3
2021-07-29,options,27276.992139,370.566999313,28991.0,2021,7,3
2021-07-29,totals,502809.126289,6830.82900807,1143357.0,2021,7,3
2021-07-30,futures,501443.147656,6851.21474478,1178341.0,2021,7,3
2021-07-30,options,21201.169577,289.671453866,25491.0,2021,7,3
2021-07-30,totals,522644.317233,7140.886198640001,1203832.0,2021,7,3
2021-08-02,futures,456554.734929,6242.30551949,1045802.0,2021,8,3
2021-08-02,options,17470.249605,238.864318324,19227.0,2021,8,3
2021-08-02,totals,474024.984534,6481.16983782,1065029.0,2021,8,3
2021-08-03,futures,480723.449168,6583.8457695100005,1136008.0,2021,8,3
2021-08-03,options,16127.899513,220.882927936,20244.0,2021,8,3
2021-08-03,totals,496851.348681,6804.728697439999,1156252.0,2021,8,3
2021-08-04,futures,561005.936027,7698.46932483,1281410.0,2021,8,3
2021-08-04,options,20047.943929,275.110246527,23697.0,2021,8,3
2021-08-04,totals,581053.879956,7973.57957136,1305107.0,2021,8,3
2021-08-05,futures,473639.357433,6507.31335184,1126151.0,2021,8,3
2021-08-05,options,20515.491846,281.861572342,21237.0,2021,8,3
2021-08-05,totals,494154.849279,6789.174924180001,1147388.0,2021,8,3
2021-08-06,futures,525787.033114,7186.024397470001,1263085.0,2021,8,3
2021-08-06,options,19772.500458,270.234261672,20842.0,2021,8,3
2021-08-06,totals,545559.533572,7456.25865914,1283927.0,2021,8,3
2021-08-09,futures,525197.380225,7181.65605856,1276274.0,2021,8,3
2021-08-09,options,17536.233976,239.794038813,23186.0,2021,8,3
2021-08-09,totals,542733.614201,7421.45009737,1299460.0,2021,8,3
2021-08-10,futures,493977.245383,6720.06569892,1175908.0,2021,8,3
2021-08-10,options,14479.431882,196.978169419,20090.0,2021,8,3
2021-08-10,totals,508456.677265,6917.04386834,1195998.0,2021,8,3
2021-08-11,futures,516999.957858,7024.8186436000005,1205111.0,2021,8,3
2021-08-11,options,19575.295676,265.982424038,21987.0,2021,8,3
2021-08-11,totals,536575.253534,7290.80106764,1227098.0,2021,8,3
2021-08-12,futures,467520.1645,6320.44510913,1092424.0,2021,8,3
2021-08-12,options,27533.085955,372.222145006,25702.0,2021,8,3
2021-08-12,totals,495053.250455,6692.66725414,1118126.0,2021,8,3
2021-08-13,futures,379018.489027,5152.0107361400005,915224.0,2021,8,3
2021-08-13,options,18248.576389,248.05349659,18136.0,2021,8,3
2021-08-13,totals,397267.065416,5400.064232729999,933360.0,2021,8,3
2021-08-16,futures,523859.265837,7130.04345645,1218836.0,2021,8,3
2021-08-16,options,19038.311527,259.123007604,20638.0,2021,8,3
2021-08-16,totals,542897.577364,7389.16646406,1239474.0,2021,8,3
2021-08-17,futures,494726.159878,6740.87311802,1157272.0,2021,8,3
2021-08-17,options,22485.820536,306.37972171399997,22218.0,2021,8,3
2021-08-17,totals,517211.980414,7047.25283974,1179490.0,2021,8,3
2021-08-18,futures,514379.024174,7000.70668883,1256407.0,2021,8,3
2021-08-18,options,23499.459386,319.828015483,22984.0,2021,8,3
2021-08-18,totals,537878.48356,7320.53470432,1279391.0,2021,8,3
2021-08-19,futures,719634.934385,9795.84274577,1674853.0,2021,8,3
2021-08-19,options,35386.580226,481.69058871600004,40364.0,2021,8,3
2021-08-19,totals,755021.514611,10277.5333345,1715217.0,2021,8,3
2021-08-20,futures,553759.331741,7468.06596522,1312807.0,2021,8,3
2021-08-20,options,22507.749032,303.542251778,25857.0,2021,8,3
2021-08-20,totals,576267.080773,7771.608217,1338664.0,2021,8,3
2021-08-23,futures,512178.592446,6887.453505,1169932.0,2021,8,3
2021-08-23,options,13771.534184,185.19087440200002,18842.0,2021,8,3
2021-08-23,totals,525950.12663,7072.6443794,1188774.0,2021,8,3
2021-08-24,futures,543616.291907,7339.5605024,1207312.0,2021,8,3
2021-08-24,options,21957.79067,296.46008686799996,24778.0,2021,8,3
2021-08-24,totals,565574.082577,7636.0205892700005,1232090.0,2021,8,3
2021-08-25,futures,488432.377486,6605.21292402,1129474.0,2021,8,3
2021-08-25,options,16344.220354,221.027639631,20721.0,2021,8,3
2021-08-25,totals,504776.59784,6826.24056365,1150195.0,2021,8,3
2021-08-26,futures,559811.757478,7591.409025399999,1250566.0,2021,8,3
2021-08-26,options,25072.348303,339.997237737,26521.0,2021,8,3
2021-08-26,totals,584884.105781,7931.40626313,1277087.0,2021,8,3
2021-08-27,futures,568519.121847,7683.64609988,1355880.0,2021,8,3
2021-08-27,options,24284.739864,328.21296517900004,24140.0,2021,8,3
2021-08-27,totals,592803.861711,8011.859065060001,1380020.0,2021,8,3
2021-08-30,futures,472565.565335,6387.177750229999,1083883.0,2021,8,3
2021-08-30,options,33518.406088,453.033469412,27206.0,2021,8,3
2021-08-30,totals,506083.971423,6840.21121964,1111089.0,2021,8,3
2021-08-31,futures,454553.054375,6178.1415054,1136718.0,2021,8,3
2021-08-31,options,29913.24958,406.57143762,26268.0,2021,8,3
2021-08-31,totals,484466.303955,6584.71294302,1162986.0,2021,8,3
2021-09-01,futures,483353.625921,6596.15391121,1180080.0,2021,9,3
2021-09-01,options,24059.420199,328.330295122,25661.0,2021,9,3
2021-09-01,totals,507413.04612,6924.48420633,1205741.0,2021,9,3
2021-09-02,futures,411262.465761,5619.01520621,1068174.0,2021,9,3
2021-09-02,options,33034.028467,451.338801208,31081.0,2021,9,3
2021-09-02,totals,444296.494228,6070.35400742,1099255.0,2021,9,3
2021-09-03,futures,487519.260002,6692.1795876999995,1221804.0,2021,9,3
2021-09-03,options,26567.622237,364.693897893,22971.0,2021,9,3
2021-09-03,totals,514086.882239,7056.87348559,1244775.0,2021,9,3
2021-09-06,futures,355810.435053,4883.84979724,924474.0,2021,9,3
2021-09-06,options,21479.849203,294.832154541,17495.0,2021,9,3
2021-09-06,totals,377290.284256,5178.6819517799995,941969.0,2021,9,3
2021-09-07,futures,488025.118319,6689.509228020001,1228934.0,2021,9,3
2021-09-07,options,17622.078249,241.55120431,19122.0,2021,9,3
2021-09-07,totals,505647.196568,6931.06043233,1248056.0,2021,9,3
2021-09-08,futures,538003.647995,7350.69042729,1337611.0,2021,9,3
2021-09-08,options,23558.661219,321.879649232,22443.0,2021,9,3
2021-09-08,totals,561562.309214,7672.57007653,1360054.0,2021,9,3
2021-09-09,futures,594478.034948,8094.51302384,1409755.0,2021,9,3
2021-09-09,options,29786.19582,405.573857774,27493.0,2021,9,3
2021-09-09,totals,624264.230768,8500.08688161,1437248.0,2021,9,3
2021-09-10,futures,515129.258087,7044.11735545,1222868.0,2021,9,3
2021-09-10,options,23833.506391,325.910464946,22611.0,2021,9,3
2021-09-10,totals,538962.764478,7370.0278204,1245479.0,2021,9,3
2021-09-13,futures,531484.189167,7304.62052181,1289604.0,2021,9,3
2021-09-13,options,25633.242461,352.298549491,22149.0,2021,9,3
2021-09-13,totals,557117.431628,7656.9190713,1311753.0,2021,9,3
2021-09-14,futures,661971.55162,9057.66851641,1546318.0,2021,9,3
2021-09-14,options,26029.139765,356.153250365,24397.0,2021,9,3
2021-09-14,totals,688000.691385,9413.821766770001,1570715.0,2021,9,3
2021-09-15,futures,688608.663633,9469.69369836,1731396.0,2021,9,3
2021-09-15,options,30440.419114,418.614316495,30519.0,2021,9,3
2021-09-15,totals,719049.082747,9888.308014850001,1761915.0,2021,9,3
2021-09-16,futures,653639.352631,8972.15385482,1509657.0,2021,9,3
2021-09-16,options,36761.59364,504.60651238099996,35308.0,2021,9,3
2021-09-16,totals,690400.946271,9476.7603672,1544965.0,2021,9,3
2021-09-17,futures,480128.186906,6628.59262719,1132329.0,2021,9,3
2021-09-17,options,24078.541835,332.425483931,23177.0,2021,9,3
2021-09-17,totals,504206.728741,6961.01811112,1155506.0,2021,9,3
2021-09-20,futures,630127.808419,8684.20716066,1435134.0,2021,9,3
2021-09-20,options,45232.403654,623.377604444,41318.0,2021,9,3
2021-09-20,totals,675360.212073,9307.584765110001,1476452.0,2021,9,3
2021-09-21,futures,581464.287691,7929.256699930001,1401892.0,2021,9,3
2021-09-21,options,27741.562474,378.303491324,29388.0,2021,9,3
2021-09-21,totals,609205.850165,8307.56019125,1431280.0,2021,9,3
2021-09-22,futures,470020.164108,6420.45282888,1145140.0,2021,9,3
2021-09-22,options,24685.492671,337.202642258,26544.0,2021,9,3
2021-09-22,totals,494705.656779,6757.65547114,1171684.0,2021,9,3
2021-09-23,futures,677854.442007,9300.889976299999,1622064.0,2021,9,3
2021-09-23,options,36897.911381,506.278918958,36994.0,2021,9,3
2021-09-23,totals,714752.353388,9807.16889526,1659058.0,2021,9,3
2021-09-24,futures,471717.00423,6486.356100489999,1181487.0,2021,9,3
2021-09-24,options,24249.827084,333.447835104,24442.0,2021,9,3
2021-09-24,totals,495966.831314,6819.80393559,1205929.0,2021,9,3
2021-09-27,futures,467128.016643,6398.30397782,1156273.0,2021,9,3
2021-09-27,options,24469.995209,335.16822392299997,25697.0,2021,9,3
2021-09-27,totals,491598.011852,6733.47220174,1181970.0,2021,9,3
2021-09-28,futures,701815.500221,9658.724798770001,1544737.0,2021,9,3
2021-09-28,options,29595.845189,407.31235456800005,30262.0,2021,9,3
2021-09-28,totals,731411.34541,10066.0371533,1574999.0,2021,9,3
2021-09-29,futures,573142.511255,7904.509018350001,1445815.0,2021,9,3
2021-09-29,options,25543.36507,352.281946619,25136.0,2021,9,3
2021-09-29,totals,598685.876325,8256.79096497,1470951.0,2021,9,3
2021-09-30,futures,641760.957691,8820.14708045,1605146.0,2021,9,3
2021-09-30,options,33085.485412,454.715800431,30893.0,2021,9,3
2021-09-30,totals,674846.443103,9274.862880879999,1636039.0,2021,9,3
2021-10-01,futures,706122.840194,9717.616655709999,1601261.0,2021,10,4
2021-10-01,options,25080.738287,345.15949101499996,28375.0,2021,10,4
2021-10-01,totals,731203.578481,10062.7761467,1629636.0,2021,10,4
2021-10-04,futures,608503.535238,8344.6382101,1511189.0,2021,10,4
2021-10-04,options,24899.10167,341.450761024,27592.0,2021,10,4
2021-10-04,totals,633402.636908,8686.088971129999,1538781.0,2021,10,4
2021-10-05,futures,574354.033614,7876.07401159,1468001.0,2021,10,4
2021-10-05,options,33906.419952,464.956207115,36819.0,2021,10,4
2021-10-05,totals,608260.453566,8341.03021871,1504820.0,2021,10,4
2021-10-06,futures,791311.054617,10904.317495700001,2114276.0,2021,10,4
2021-10-06,options,43243.265735,595.894997768,43200.0,2021,10,4
2021-10-06,totals,834554.320352,11500.2124934,2157476.0,2021,10,4
2021-10-07,futures,717733.809217,9890.472813389999,1908840.0,2021,10,4
2021-10-07,options,57045.589485,786.096244429,50595.0,2021,10,4
2021-10-07,totals,774779.398702,10676.5690578,1959435.0,2021,10,4
2021-10-08,futures,528212.024529,7307.31274267,1398245.0,2021,10,4
2021-10-08,options,30057.961068,415.82340373,29763.0,2021,10,4
2021-10-08,totals,558269.985597,7723.136146399999,1428008.0,2021,10,4
2021-10-11,futures,470970.076714,6542.32327957,1327848.0,2021,10,4
2021-10-11,options,28646.426006,397.93224453500005,27948.0,2021,10,4
2021-10-11,totals,499616.50272,6940.2555241,1355796.0,2021,10,4
2021-10-12,futures,518845.126612,7242.66725033,1340502.0,2021,10,4
2021-10-12,options,17466.101323,243.812948324,20729.0,2021,10,4
2021-10-12,totals,536311.227935,7486.48019865,1361231.0,2021,10,4
2021-10-13,futures,591538.401793,8229.51556541,1547031.0,2021,10,4
2021-10-13,options,29784.839009,414.36835798799996,28815.0,2021,10,4
2021-10-13,totals,621323.240802,8643.88392339,1575846.0,2021,10,4
2021-10-14,futures,548575.63363,7634.19415915,1391327.0,2021,10,4
2021-10-14,options,42096.568716,585.832398142,35488.0,2021,10,4
2021-10-14,totals,590672.202346,8220.02655729,1426815.0,2021,10,4
2021-10-15,futures,464401.320523,6469.3725468,1219866.0,2021,10,4
2021-10-15,options,30898.84583,430.43836463499997,28954.0,2021,10,4
2021-10-15,totals,495300.166353,6899.8109114399995,1248820.0,2021,10,4
2021-10-18,futures,478821.093991,6721.51300363,1240094.0,2021,10,4
2021-10-18,options,23866.106748,335.02355862300004,25256.0,2021,10,4
2021-10-18,totals,502687.200739,7056.53656225,1265350.0,2021,10,4
2021-10-19,futures,507473.48693,7130.300751850001,1345403.0,2021,10,4
2021-10-19,options,35909.296365,504.546719118,29468.0,2021,10,4
2021-10-19,totals,543382.783295,7634.8474709600005,1374871.0,2021,10,4
2021-10-20,futures,473868.739554,6677.273502399999,1227876.0,2021,10,4
2021-10-20,options,21070.015036,296.897096921,21522.0,2021,10,4
2021-10-20,totals,494938.75459,6974.170599319999,1249398.0,2021,10,4
2021-10-21,futures,594531.210899,8367.13851706,1437435.0,2021,10,4
2021-10-21,options,41518.190234,584.3064961050001,39402.0,2021,10,4
2021-10-21,totals,636049.401133,8951.44501317,1476837.0,2021,10,4
2021-10-22,futures,667175.989685,9398.11565627,1632457.0,2021,10,4
2021-10-22,options,35897.43337,505.666024843,41195.0,2021,10,4
2021-10-22,totals,703073.423055,9903.78168111,1673652.0,2021,10,4
2021-10-25,futures,558017.974371,7874.68053353,1405530.0,2021,10,4
2021-10-25,options,30250.86735,426.896492917,30971.0,2021,10,4
2021-10-25,totals,588268.841721,8301.57702644,1436501.0,2021,10,4
2021-10-26,futures,612831.402822,8737.94498887,1384813.0,2021,10,4
2021-10-26,options,30636.210453,436.820829307,32244.0,2021,10,4
2021-10-26,totals,643467.613275,9174.76581818,1417057.0,2021,10,4
2021-10-27,futures,705229.938551,10139.519422,1689260.0,2021,10,4
2021-10-27,options,31452.049191,452.205225843,33906.0,2021,10,4
2021-10-27,totals,736681.987742,10591.7246478,1723166.0,2021,10,4
2021-10-28,futures,738285.381321,10575.5787293,1896064.0,2021,10,4
2021-10-28,options,44401.612474,636.03148634,40565.0,2021,10,4
2021-10-28,totals,782686.993795,11211.6102156,1936629.0,2021,10,4
2021-10-29,futures,627930.525733,8904.20154271,1635682.0,2021,10,4
2021-10-29,options,31495.03815,446.606998371,33794.0,2021,10,4
2021-10-29,totals,659425.563883,9350.80854108,1669476.0,2021,10,4
2021-11-01,futures,557668.648844,7907.950210489999,1465239.0,2021,11,4
2021-11-01,options,53661.385288,760.938532161,38501.0,2021,11,4
2021-11-01,totals,611330.034132,8668.88874265,1503740.0,2021,11,4
2021-11-02,futures,679383.379826,9557.16333282,1730962.0,2021,11,4
2021-11-02,options,41262.672096,580.458852071,35665.0,2021,11,4
2021-11-02,totals,720646.051922,10137.6221849,1766627.0,2021,11,4
2021-11-03,futures,668505.675944,9352.56820523,1624810.0,2021,11,4
2021-11-03,options,47040.308911,658.106151251,41477.0,2021,11,4
2021-11-03,totals,715545.984855,10010.6743565,1666287.0,2021,11,4
2021-11-04,futures,,,,2021,11,4
2021-11-04,options,,,,2021,11,4
2021-11-04,totals,,,,2021,11,4
2021-11-05,futures,745986.990241,10435.1942189,1791384.0,2021,11,4
2021-11-05,options,28555.53426,399.447376328,36838.0,2021,11,4
2021-11-05,totals,774542.524501,10834.6415952,1828222.0,2021,11,4
2021-11-08,futures,556829.500958,7789.17603833,1391940.0,2021,11,4
2021-11-08,options,27092.434208,378.980889105,27985.0,2021,11,4
2021-11-08,totals,583921.935166,8168.15692744,1419925.0,2021,11,4
2021-11-09,futures,527120.792539,7382.9026582,1325506.0,2021,11,4
2021-11-09,options,27994.237813,392.089888483,28389.0,2021,11,4
2021-11-09,totals,555115.030352,7774.9925466899995,1353895.0,2021,11,4
2021-11-10,futures,651029.172503,9132.56029188,1647266.0,2021,11,4
2021-11-10,options,32229.437452,452.110739634,31728.0,2021,11,4
2021-11-10,totals,683258.609955,9584.67103151,1678994.0,2021,11,4
2021-11-11,futures,745896.179351,10550.9042981,1848186.0,2021,11,4
2021-11-11,options,51586.187486,729.700650484,47640.0,2021,11,4
2021-11-11,totals,797482.366837,11280.6049485,1895826.0,2021,11,4
2021-11-12,futures,988978.642254,13890.851816299999,2480149.0,2021,11,4
2021-11-12,options,64611.414357,907.509570105,61114.0,2021,11,4
2021-11-12,totals,1053590.05661,14798.3613864,2541263.0,2021,11,4
2021-11-15,futures,755973.700004,10527.151526700001,1974768.0,2021,11,4
2021-11-15,options,44266.074357,616.417836024,44712.0,2021,11,4
2021-11-15,totals,800239.774361,11143.5693627,2019480.0,2021,11,4
2021-11-16,futures,776774.212118,10747.867956799999,1968146.0,2021,11,4
2021-11-16,options,47157.682765,652.499194229,40323.0,2021,11,4
2021-11-16,totals,823931.894883,11400.367151,2008469.0,2021,11,4
2021-11-17,futures,698409.410778,9625.89102075,1842621.0,2021,11,4
2021-11-17,options,31415.185615,432.98264379,33882.0,2021,11,4
2021-11-17,totals,729824.596393,10058.8736645,1876503.0,2021,11,4
2021-11-18,futures,749906.983693,10297.6950034,2012162.0,2021,11,4
2021-11-18,options,47652.534647,654.362845798,44651.0,2021,11,4
2021-11-18,totals,797559.51834,10952.0578492,2056813.0,2021,11,4
2021-11-19,futures,986053.955832,13581.5988473,2376918.0,2021,11,4
2021-11-19,options,51648.562351,711.391147252,53834.0,2021,11,4
2021-11-19,totals,1037702.51818,14292.9899946,2430752.0,2021,11,4
2021-11-22,futures,1071985.70705,14732.8293189,2809427.0,2021,11,4
2021-11-22,options,73425.680445,1009.12541138,68029.0,2021,11,4
2021-11-22,totals,1145411.3875,15741.954730200001,2877456.0,2021,11,4
2021-11-23,futures,1051940.02556,14321.734956,2964897.0,2021,11,4
2021-11-23,options,53954.064065,734.562604866,58258.0,2021,11,4
2021-11-23,totals,1105894.08962,15056.2975609,3023155.0,2021,11,4
2021-11-24,futures,1032040.98292,13791.310255,2634105.0,2021,11,4
2021-11-24,options,40290.930191,538.4134234229999,45890.0,2021,11,4
2021-11-24,totals,1072331.91311,14329.7236784,2679995.0,2021,11,4
2021-11-25,futures,495213.769515,6658.55126102,1350595.0,2021,11,4
2021-11-25,options,32499.132725,436.977229853,31175.0,2021,11,4
2021-11-25,totals,527712.90224,7095.52849087,1381770.0,2021,11,4
2021-11-26,futures,1016877.96952,13630.998889,2738217.0,2021,11,4
2021-11-26,options,40556.129311,543.6449310060001,50410.0,2021,11,4
2021-11-26,totals,1057434.09883,14174.64382,2788627.0,2021,11,4
2021-11-29,futures,936970.409593,12395.8708618,2534290.0,2021,11,4
2021-11-29,options,49543.304402,655.444822106,46894.0,2021,11,4
2021-11-29,totals,986513.713995,13051.3156839,2581184.0,2021,11,4
2021-11-30,futures,954478.122314,12729.4639808,2919571.0,2021,11,4
2021-11-30,options,36435.059897,485.91871490100004,40840.0,2021,11,4
2021-11-30,totals,990913.182211,13215.3826957,2960411.0,2021,11,4
2021-12-01,futures,876353.303338,11701.467212200001,2403688.0,2021,12,4
2021-12-01,options,38574.58418,515.065362666,45297.0,2021,12,4
2021-12-01,totals,914927.887518,12216.5325749,2448985.0,2021,12,4
2021-12-02,futures,921673.983358,12459.330410100001,2629918.0,2021,12,4
2021-12-02,options,45043.627921,608.9066777109999,53719.0,2021,12,4
2021-12-02,totals,966717.611279,13068.2370879,2683637.0,2021,12,4
2021-12-03,futures,672444.843243,9079.27693652,1800685.0,2021,12,4
2021-12-03,options,28426.6174,383.81308792299996,30280.0,2021,12,4
2021-12-03,totals,700871.460643,9463.09002444,1830965.0,2021,12,4
2021-12-06,futures,738752.858755,10017.9931106,2117796.0,2021,12,4
2021-12-06,options,29391.40119,398.567465617,35289.0,2021,12,4
2021-12-06,totals,768144.259945,10416.560576200001,2153085.0,2021,12,4
2021-12-07,futures,749972.362983,10180.2425835,2127601.0,2021,12,4
2021-12-07,options,35102.280429,476.483864793,37349.0,2021,12,4
2021-12-07,totals,785074.643412,10656.7264483,2164950.0,2021,12,4
2021-12-08,futures,804674.643601,10853.4627589,2388219.0,2021,12,4
2021-12-08,options,36937.143112,498.208698852,39062.0,2021,12,4
2021-12-08,totals,841611.786713,11351.6714578,2427281.0,2021,12,4
2021-12-09,futures,583785.711878,7905.52292262,1761194.0,2021,12,4
2021-12-09,options,29599.481872,400.830951625,32094.0,2021,12,4
2021-12-09,totals,613385.19375,8306.35387425,1793288.0,2021,12,4
2021-12-10,futures,598087.114313,8126.20570046,1709203.0,2021,12,4
2021-12-10,options,24381.484194,331.27106587199995,26272.0,2021,12,4
2021-12-10,totals,622468.598507,8457.47676634,1735475.0,2021,12,4
2021-12-13,futures,656755.834366,8922.59770434,2091185.0,2021,12,4
2021-12-13,options,44018.465768,598.0290407150001,42344.0,2021,12,4
2021-12-13,totals,700774.300134,9520.626745059999,2133529.0,2021,12,4
2021-12-14,futures,778903.184904,10610.213291799999,2750285.0,2021,12,4
2021-12-14,options,41420.603426,564.231146495,40621.0,2021,12,4
2021-12-14,totals,820323.78833,11174.4444383,2790906.0,2021,12,4
2021-12-15,futures,646791.744002,8803.50489592,1938675.0,2021,12,4
2021-12-15,options,21684.184596,295.14418980299996,27045.0,2021,12,4
2021-12-15,totals,668475.928598,9098.649085719999,1965720.0,2021,12,4
2021-12-16,futures,792687.991845,10733.612162899999,2126613.0,2021,12,4
2021-12-16,options,60966.619799,825.5354673459999,51685.0,2021,12,4
2021-12-16,totals,853654.611644,11559.1476303,2178298.0,2021,12,4
2021-12-17,futures,599047.531369,8142.46319693,1648185.0,2021,12,4
2021-12-17,options,26418.83805,359.09407061,27407.0,2021,12,4
2021-12-17,totals,625466.369419,8501.55726754,1675592.0,2021,12,4
2021-12-20,futures,617908.98007,8380.35859208,1740532.0,2021,12,4
2021-12-20,options,27295.338758,370.19162055000004,31471.0,2021,12,4
2021-12-20,totals,645204.318828,8750.55021263,1772003.0,2021,12,4
2021-12-21,futures,581472.858909,7826.57254029,1543088.0,2021,12,4
2021-12-21,options,26258.015218,353.43053027999997,27409.0,2021,12,4
2021-12-21,totals,607730.874127,8180.00307057,1570497.0,2021,12,4
2021-12-22,futures,487501.764127,6603.87160396,1360489.0,2021,12,4
2021-12-22,options,26674.346477,361.34014729,25134.0,2021,12,4
2021-12-22,totals,514176.110604,6965.21175125,1385623.0,2021,12,4
2021-12-23,futures,507538.781579,6878.14194017,1405158.0,2021,12,4
2021-12-23,options,36537.809715,495.158696289,32501.0,2021,12,4
2021-12-23,totals,544076.591294,7373.30063645,1437659.0,2021,12,4
2021-12-24,futures,375299.790377,5115.98265468,955877.0,2021,12,4
2021-12-24,options,24739.85642,337.246861228,20515.0,2021,12,4
2021-12-24,totals,400039.646797,5453.2295159099995,976392.0,2021,12,4
2021-12-27,futures,447745.80526,6117.69872986,1091714.0,2021,12,4
2021-12-27,options,14918.657191,203.83853757300002,17455.0,2021,12,4
2021-12-27,totals,462664.462451,6321.537267430001,1109169.0,2021,12,4
2021-12-28,futures,392644.557104,5361.586897470001,1104046.0,2021,12,4
2021-12-28,options,17192.463269,234.76420118599998,20421.0,2021,12,4
2021-12-28,totals,409837.020373,5596.3510986599995,1124467.0,2021,12,4
2021-12-29,futures,413325.545052,5623.790511470001,1165651.0,2021,12,4
2021-12-29,options,22639.66815,308.039879095,21466.0,2021,12,4
2021-12-29,totals,435965.213202,5931.8303905699995,1187117.0,2021,12,4
2021-12-30,futures,473556.086801,6429.69565821,1149294.0,2021,12,4
2021-12-30,options,25631.750622,348.014438585,22999.0,2021,12,4
2021-12-30,totals,499187.837423,6777.71009679,1172293.0,2021,12,4
