date,instrument_type,value_rub_mm,value_usd_mm,num_trades,year,month,quarter
2015-01-05,futures,90698.541623,1612.77404482,545411.0,2015,1,1
2015-01-06,futures,95840.403131,1704.20507154,591717.0,2015,1,1
2015-01-08,futures,151026.82793,2685.5133919299997,891796.0,2015,1,1
2015-01-09,futures,154043.813269,2739.16051306,893840.0,2015,1,1
2015-01-12,futures,157218.257282,2795.6075167100003,803737.0,2015,1,1
2015-01-13,futures,187270.545781,2985.04288237,950826.0,2015,1,1
2015-01-14,futures,193267.591891,2980.56971725,969636.0,2015,1,1
2015-01-15,futures,295457.335775,4469.96875525,1348510.0,2015,1,1
2015-01-16,futures,189411.942907,2921.50444764,944696.0,2015,1,1
2015-01-19,futures,224174.604751,3439.6429968899997,1050408.0,2015,1,1
2015-01-20,futures,191929.35673,2953.97728186,865081.0,2015,1,1
2015-01-21,futures,228732.757078,3519.7127556,908630.0,2015,1,1
2015-01-22,futures,243068.946754,3707.8175654,1083631.0,2015,1,1
2015-01-23,futures,254636.668452,3893.52704055,1122108.0,2015,1,1
2015-01-26,futures,229915.048013,3626.82075329,1011390.0,2015,1,1
2015-01-27,futures,289802.497762,4418.145306060001,1327744.0,2015,1,1
2015-01-28,futures,249016.494486,3671.9810203,1094868.0,2015,1,1
2015-01-29,futures,240400.197248,3580.0156253,1062231.0,2015,1,1
2015-01-30,futures,309334.678408,4500.703160149999,1296932.0,2015,1,1
2015-02-02,futures,393771.90062,5712.709155060001,1614656.0,2015,2,1
2015-02-03,futures,388978.829925,5583.64190866,1470708.0,2015,2,1
2015-02-04,futures,403443.575418,5952.89217366,1508931.0,2015,2,1
2015-02-05,futures,474127.579248,7244.45091827,1832355.0,2015,2,1
2015-02-06,futures,363812.021652,5302.5087945,1514276.0,2015,2,1
2015-02-09,futures,407239.690932,6166.26224853,1754398.0,2015,2,1
2015-02-10,futures,278184.358641,4228.9019384,1177673.0,2015,2,1
2015-02-11,futures,299604.111472,4577.81975116,1218256.0,2015,2,1
2015-02-12,futures,474805.258063,7187.64819157,2115372.0,2015,2,1
2015-02-13,futures,349876.325324,5293.184587520001,1503862.0,2015,2,1
2015-02-16,futures,264800.378379,4068.45657573,1152533.0,2015,2,1
2015-02-17,futures,302401.634725,4825.82496146,1370379.0,2015,2,1
2015-02-18,futures,346471.869713,5513.96857679,1449189.0,2015,2,1
2015-02-19,futures,304855.253551,4885.49302887,1369978.0,2015,2,1
2015-02-20,futures,275568.878767,4435.309416550001,1137515.0,2015,2,1
2015-02-24,futures,258215.16925,4183.41748686,989593.0,2015,2,1
2015-02-25,futures,233012.273979,3669.00505885,860027.0,2015,2,1
2015-02-26,futures,309161.083895,4939.4171632,1154809.0,2015,2,1
2015-02-27,futures,275157.807127,4532.26368127,1062687.0,2015,2,1
2015-03-02,futures,240845.454346,3930.77164937,870176.0,2015,3,1
2015-03-03,futures,278273.346913,4472.064946979999,994314.0,2015,3,1
2015-03-04,futures,266980.473284,4280.94125516,927910.0,2015,3,1
2015-03-05,futures,279595.350532,4518.749251020001,1103237.0,2015,3,1
2015-03-06,futures,276895.301221,4477.195685729999,1051023.0,2015,3,1
2015-03-10,futures,315408.526949,5257.352042189999,1089973.0,2015,3,1
2015-03-11,futures,364480.548759,6008.09609443,1250257.0,2015,3,1
2015-03-12,futures,348098.255901,5553.60437113,1154251.0,2015,3,1
2015-03-13,futures,374726.097433,6147.1320701899995,1279682.0,2015,3,1
2015-03-16,futures,357787.170369,5835.0689187299995,1176633.0,2015,3,1
2015-03-17,futures,259829.715373,4180.7074752300005,1042832.0,2015,3,1
2015-03-18,futures,222271.081873,3599.47339918,852370.0,2015,3,1
2015-03-19,futures,331732.566763,5407.363639470001,1241446.0,2015,3,1
2015-03-20,futures,295196.930964,4933.8623412,1226885.0,2015,3,1
2015-03-23,futures,243248.760192,4051.8432056399997,951135.0,2015,3,1
2015-03-24,futures,269361.22178,4531.252679439999,1093785.0,2015,3,1
2015-03-25,futures,297447.914109,5061.13413263,1205227.0,2015,3,1
2015-03-26,futures,319355.199321,5564.85250934,1438307.0,2015,3,1
2015-03-27,futures,243185.651055,4309.73151296,1140734.0,2015,3,1
2015-03-30,futures,235291.44179,4075.87045068,1047802.0,2015,3,1
2015-03-31,futures,227995.493471,3899.73870329,994986.0,2015,3,1
2015-04-01,futures,263040.145408,4562.70850664,1127540.0,2015,4,2
2015-04-02,futures,281496.343235,4823.97561136,1205858.0,2015,4,2
2015-04-03,futures,216264.305586,3794.76305726,949555.0,2015,4,2
2015-04-06,futures,205449.863758,3620.04503269,807943.0,2015,4,2
2015-04-07,futures,282884.039987,5005.370858689999,1258685.0,2015,4,2
2015-04-08,futures,295888.042385,5347.42580142,1236573.0,2015,4,2
2015-04-09,futures,335692.399825,6213.41921308,1467913.0,2015,4,2
2015-04-10,futures,368986.026681,7022.63365741,1649613.0,2015,4,2
2015-04-13,futures,320822.397179,6282.28349721,1419099.0,2015,4,2
2015-04-14,futures,247401.057117,4719.41278694,1117755.0,2015,4,2
2015-04-15,futures,237623.791183,4571.89511058,1062109.0,2015,4,2
2015-04-16,futures,270486.228713,5355.81296099,1340950.0,2015,4,2
2015-04-17,futures,334546.38028,6734.7167338,1570785.0,2015,4,2
2015-04-20,futures,375643.308499,7434.138641760001,1631145.0,2015,4,2
2015-04-21,futures,259260.471222,5032.16127153,1246275.0,2015,4,2
2015-04-22,futures,254389.907083,4713.298311060001,1284264.0,2015,4,2
2015-04-23,futures,298194.813849,5557.58149396,1537317.0,2015,4,2
2015-04-24,futures,292356.477723,5665.70243121,1466002.0,2015,4,2
2015-04-27,futures,243287.185626,4841.79618857,1233488.0,2015,4,2
2015-04-28,futures,266793.869334,5183.5836976400005,1292812.0,2015,4,2
2015-04-29,futures,240975.15501,4607.19436928,1127215.0,2015,4,2
2015-04-30,futures,279845.286403,5412.56460282,1323281.0,2015,4,2
2015-05-05,futures,238242.572952,4658.7439078,1065056.0,2015,5,2
2015-05-06,futures,248252.034845,4796.45490007,1174184.0,2015,5,2
2015-05-07,futures,256776.325792,5137.41708533,1180666.0,2015,5,2
2015-05-08,futures,238657.793781,4738.893674350001,1179362.0,2015,5,2
2015-05-12,futures,225963.320711,4452.38272099,1071796.0,2015,5,2
2015-05-13,futures,250823.975196,4926.42446471,1134845.0,2015,5,2
2015-05-14,futures,236670.195333,4777.68347713,1137432.0,2015,5,2
2015-05-15,futures,195069.837924,3895.36673078,897395.0,2015,5,2
2015-05-18,futures,206492.382439,4128.89800224,932127.0,2015,5,2
2015-05-19,futures,233206.999308,4738.29429183,1006351.0,2015,5,2
2015-05-20,futures,220380.332524,4481.30621245,979125.0,2015,5,2
2015-05-21,futures,223314.980537,4484.966039399999,1064187.0,2015,5,2
2015-05-22,futures,195132.931329,3908.88156603,914210.0,2015,5,2
2015-05-25,futures,141057.209038,2833.0372712199996,699026.0,2015,5,2
2015-05-26,futures,237958.416134,4772.40697964,996333.0,2015,5,2
2015-05-27,futures,278036.330158,5525.1117329300005,1118086.0,2015,5,2
2015-05-28,futures,264923.118238,5192.75857128,1073360.0,2015,5,2
2015-05-29,futures,312722.879479,5980.46840985,1324965.0,2015,5,2
2015-06-01,futures,271640.489408,5128.040108439999,1171020.0,2015,6,2
2015-06-02,futures,272520.477558,5159.291375979999,1208638.0,2015,6,2
2015-06-03,futures,338009.195093,6324.86850232,1389770.0,2015,6,2
2015-06-04,futures,361923.37361,6821.14954315,1406856.0,2015,6,2
2015-06-05,futures,424769.85214,7724.380298890001,1774928.0,2015,6,2
2015-06-08,futures,319671.26071,5683.41847748,1484393.0,2015,6,2
2015-06-09,futures,275372.418775,4913.54784721,1171840.0,2015,6,2
2015-06-10,futures,365311.375386,6533.91835783,1385198.0,2015,6,2
2015-06-11,futures,351087.589347,6404.14851267,1331295.0,2015,6,2
2015-06-15,futures,366037.212425,6712.76878009,1359572.0,2015,6,2
2015-06-16,futures,227180.217626,4110.52740607,975273.0,2015,6,2
2015-06-17,futures,247591.679274,4581.5609894399995,1083745.0,2015,6,2
2015-06-18,futures,345254.426347,6405.47433941,1447769.0,2015,6,2
2015-06-19,futures,258361.803607,4844.57752014,1136801.0,2015,6,2
2015-06-22,futures,256510.144364,4767.793377100001,1046856.0,2015,6,2
2015-06-23,futures,259602.082699,4847.22010981,1110265.0,2015,6,2
2015-06-24,futures,284650.74305,5251.0739732600005,1145352.0,2015,6,2
2015-06-25,futures,227814.454581,4212.96606135,891927.0,2015,6,2
2015-06-26,futures,230630.067034,4223.79276873,883003.0,2015,6,2
2015-06-29,futures,269547.74649,4917.62380347,1034172.0,2015,6,2
2015-06-30,futures,297227.75599,5353.14019145,1128622.0,2015,6,2
2015-07-01,futures,285908.8959,5120.025785569999,1118588.0,2015,7,3
2015-07-02,futures,265729.048193,4790.01665945,982530.0,2015,7,3
2015-07-03,futures,210943.203361,3790.15916416,792542.0,2015,7,3
2015-07-06,futures,232797.039826,4186.62815374,875601.0,2015,7,3
2015-07-07,futures,324025.283829,5743.98849571,1234826.0,2015,7,3
2015-07-08,futures,440909.743379,7705.625793069999,1664655.0,2015,7,3
2015-07-09,futures,326057.402773,5698.57076297,1218168.0,2015,7,3
2015-07-10,futures,298285.804375,5234.89353996,1098041.0,2015,7,3
2015-07-13,futures,307238.605741,5421.682341,1130519.0,2015,7,3
2015-07-14,futures,300152.838384,5302.31360612,1077223.0,2015,7,3
2015-07-15,futures,274871.822245,4824.22543403,1023458.0,2015,7,3
2015-07-16,futures,258569.355233,4563.18725462,874621.0,2015,7,3
2015-07-17,futures,224508.012517,3942.16743898,796053.0,2015,7,3
2015-07-20,futures,225623.96513,3969.29689914,809310.0,2015,7,3
2015-07-21,futures,234409.047026,4124.480008760001,813396.0,2015,7,3
2015-07-22,futures,254850.297186,4470.86175494,852394.0,2015,7,3
2015-07-23,futures,258454.868065,4532.45114383,838740.0,2015,7,3
2015-07-24,futures,331944.569723,5787.2611872,1093879.0,2015,7,3
2015-07-27,futures,385748.16571,6646.544567989999,1238154.0,2015,7,3
2015-07-28,futures,460123.002791,7827.670611060001,1481866.0,2015,7,3
2015-07-29,futures,474019.809875,7871.06292893,1541131.0,2015,7,3
2015-07-30,futures,419510.89764,7019.1645426800005,1442006.0,2015,7,3
2015-07-31,futures,481883.568378,8168.81958105,1541733.0,2015,7,3
2015-08-03,futures,485819.091944,8050.58665133,1529667.0,2015,8,3
2015-08-04,futures,430684.112944,6894.5088893,1399829.0,2015,8,3
2015-08-05,futures,420206.345047,6678.61358156,1361823.0,2015,8,3
2015-08-06,futures,448010.044821,7143.19952073,1485678.0,2015,8,3
2015-08-07,futures,483780.261699,7575.11636685,1373539.0,2015,8,3
2015-08-10,futures,456926.567415,7157.38225491,1340098.0,2015,8,3
2015-08-11,futures,506856.667753,7858.5231373100005,1504043.0,2015,8,3
2015-08-12,futures,479735.906413,7589.58114743,1403855.0,2015,8,3
2015-08-13,futures,449739.129285,6917.26503855,1281824.0,2015,8,3
2015-08-14,futures,364627.776637,5697.4158365,1019409.0,2015,8,3
2015-08-17,futures,345252.119652,5316.78151746,1038782.0,2015,8,3
2015-08-18,futures,336640.364759,5139.28078175,986433.0,2015,8,3
2015-08-19,futures,418027.588926,6350.21379555,1195023.0,2015,8,3
2015-08-20,futures,518857.883113,7894.712640680001,1503870.0,2015,8,3
2015-08-21,futures,496496.406542,7414.73229923,1416423.0,2015,8,3
2015-08-24,futures,868338.026074,12746.882429,2394081.0,2015,8,3
2015-08-25,futures,851616.371254,12037.5760109,2414956.0,2015,8,3
2015-08-26,futures,759790.073917,10862.508044299999,2135183.0,2015,8,3
2015-08-27,futures,720258.3973,10391.209843,2002021.0,2015,8,3
2015-08-28,futures,805605.119613,11944.215997,2360080.0,2015,8,3
2015-08-31,futures,674674.406905,10148.8525797,2158964.0,2015,8,3
2015-09-01,futures,824487.56982,12358.3166927,2590784.0,2015,9,3
2015-09-02,futures,793079.26361,12135.9652883,2457719.0,2015,9,3
2015-09-03,futures,668635.576452,10028.189869299998,2017955.0,2015,9,3
2015-09-04,futures,512551.982247,7648.865131680001,1581297.0,2015,9,3
2015-09-07,futures,354160.901345,5232.487277020001,1104188.0,2015,9,3
2015-09-08,futures,475155.21442,6937.94993488,1320107.0,2015,9,3
2015-09-09,futures,499727.884314,7264.20466433,1515297.0,2015,9,3
2015-09-10,futures,532993.861328,7881.971097060001,1641416.0,2015,9,3
2015-09-11,futures,482491.80181,7044.07698847,1384457.0,2015,9,3
2015-09-14,futures,458969.990242,6748.63570485,1239135.0,2015,9,3
2015-09-15,futures,443619.805523,6527.93903099,1264911.0,2015,9,3
2015-09-16,futures,435271.312012,6481.36038638,1264456.0,2015,9,3
2015-09-17,futures,345451.099366,5239.8793726700005,1144416.0,2015,9,3
2015-09-18,futures,579326.305534,8863.30966833,1892309.0,2015,9,3
2015-09-21,futures,306239.137552,4665.11493807,1002718.0,2015,9,3
2015-09-22,futures,327211.298018,4946.841402939999,1053897.0,2015,9,3
2015-09-23,futures,441633.679048,6673.7541545,1377398.0,2015,9,3
2015-09-24,futures,439376.346785,6653.08439886,1410230.0,2015,9,3
2015-09-25,futures,360671.91995,5422.40664075,1155624.0,2015,9,3
2015-09-28,futures,287960.269734,4384.77890713,1049908.0,2015,9,3
2015-09-29,futures,347442.52056,5300.662433979999,1102331.0,2015,9,3
2015-09-30,futures,400523.226142,6046.84753531,1163992.0,2015,9,3
2015-10-01,futures,411345.29243,6257.49649251,1259289.0,2015,10,4
2015-10-02,futures,404929.166386,6226.46088154,1252884.0,2015,10,4
2015-10-05,futures,433405.212269,6572.58129595,1261997.0,2015,10,4
2015-10-06,futures,433007.441176,6598.22873633,1313718.0,2015,10,4
2015-10-07,futures,501426.669779,7702.85623092,1498087.0,2015,10,4
2015-10-08,futures,424345.672631,6767.215193270001,1402363.0,2015,10,4
2015-10-09,futures,546899.815359,8779.305543040002,1734789.0,2015,10,4
2015-10-12,futures,368260.724052,6007.83931357,1282192.0,2015,10,4
2015-10-13,futures,514650.895616,8415.72265882,1556705.0,2015,10,4
2015-10-14,futures,423280.55931,6802.56171378,1358868.0,2015,10,4
2015-10-15,futures,409169.5684,6481.91468963,1295855.0,2015,10,4
2015-10-16,futures,432866.025638,6954.419602399999,1409498.0,2015,10,4
2015-10-19,futures,348376.720891,5677.7070063599995,1176463.0,2015,10,4
2015-10-20,futures,380539.149013,6193.47951501,1247988.0,2015,10,4
2015-10-21,futures,472311.20973,7598.06971671,1459437.0,2015,10,4
2015-10-22,futures,397696.946883,6349.8520200600005,1242064.0,2015,10,4
2015-10-23,futures,452655.805024,7209.18069821,1377923.0,2015,10,4
2015-10-26,futures,394605.598175,6371.944435609999,1233157.0,2015,10,4
2015-10-27,futures,429469.152846,6871.08868334,1335016.0,2015,10,4
2015-10-28,futures,564298.297273,8886.531380479999,1685226.0,2015,10,4
2015-10-29,futures,613575.203535,9393.9638516,1902469.0,2015,10,4
2015-10-30,futures,413677.362545,6446.725696760001,1345497.0,2015,10,4
2015-11-02,futures,386368.332949,6001.91276861,1276374.0,2015,11,4
2015-11-03,futures,454877.318912,7129.81676777,1415735.0,2015,11,4
2015-11-05,futures,404146.498884,6329.37627946,1312245.0,2015,11,4
2015-11-06,futures,454157.487151,7163.46899484,1359954.0,2015,11,4
2015-11-09,futures,390484.848368,6131.67755967,1166464.0,2015,11,4
2015-11-10,futures,374237.46713,5787.72029845,1147948.0,2015,11,4
2015-11-11,futures,340339.298955,5285.52679816,1039091.0,2015,11,4
2015-11-12,futures,491902.278909,7618.20677797,1353891.0,2015,11,4
2015-11-13,futures,516504.753925,7891.098554939999,1453741.0,2015,11,4
2015-11-16,futures,497842.642542,7471.266938229999,1419433.0,2015,11,4
2015-11-17,futures,579831.260129,8724.423006809999,1741573.0,2015,11,4
2015-11-18,futures,495522.019109,7567.54391972,1514426.0,2015,11,4
2015-11-19,futures,525503.647198,8112.31577141,1604482.0,2015,11,4
2015-11-20,futures,383218.970187,5903.669124149999,1212575.0,2015,11,4
2015-11-23,futures,662682.97079,10215.9789415,1851987.0,2015,11,4
2015-11-24,futures,565411.953811,8619.43942527,1745781.0,2015,11,4
2015-11-25,futures,463469.623995,7062.82476639,1416810.0,2015,11,4
2015-11-26,futures,314874.216671,4808.78904,1052188.0,2015,11,4
2015-11-27,futures,316275.229898,4815.1323907,1030203.0,2015,11,4
2015-11-30,futures,368019.999412,5555.91619193,1129537.0,2015,11,4
2015-12-01,futures,384777.645633,5765.58199549,1158672.0,2015,12,4
2015-12-02,futures,427195.59919,6447.41797553,1227609.0,2015,12,4
2015-12-03,futures,493371.606345,7392.42025563,1378320.0,2015,12,4
2015-12-04,futures,593852.749212,8762.883810059999,1593969.0,2015,12,4
2015-12-07,futures,437375.748015,6463.38171555,1229754.0,2015,12,4
2015-12-08,futures,532943.536552,7778.4261767,1495658.0,2015,12,4
2015-12-09,futures,478910.293358,6910.423178319999,1350766.0,2015,12,4
2015-12-10,futures,546928.453489,7903.59036834,1516655.0,2015,12,4
2015-12-11,futures,466692.97544,6742.64684209,1286872.0,2015,12,4
2015-12-14,futures,665939.306079,9626.80871232,1817011.0,2015,12,4
2015-12-15,futures,583228.975425,8305.21834896,1567711.0,2015,12,4
2015-12-16,futures,396145.984977,5592.95187707,1158781.0,2015,12,4
2015-12-17,futures,529813.548832,7525.632358989999,1446258.0,2015,12,4
2015-12-18,futures,477490.032131,6765.1738881599995,1291735.0,2015,12,4
2015-12-21,futures,337619.75142,4733.77244477,1063487.0,2015,12,4
2015-12-22,futures,235928.885615,3311.03631049,743861.0,2015,12,4
2015-12-23,futures,364656.486915,5127.26162721,979308.0,2015,12,4
2015-12-24,futures,429006.520779,6048.02710122,1180926.0,2015,12,4
2015-12-25,futures,166241.283313,2391.39317015,504341.0,2015,12,4
2015-12-28,futures,367244.18251,5226.26168737,943925.0,2015,12,4
2015-12-29,futures,313824.319318,4433.39223324,905054.0,2015,12,4
2015-12-30,futures,284043.860258,3917.48972174,782436.0,2015,12,4
2016-01-04,futures,231456.515343,3173.68480339,770018.0,2016,1,1
2016-01-05,futures,206498.46329,2831.4650546599996,747699.0,2016,1,1
2016-01-06,futures,247476.922498,3393.35337767,855439.0,2016,1,1
2016-01-11,futures,353661.323149,4849.33234721,1216517.0,2016,1,1
2016-01-12,futures,476888.813139,6278.92584451,1610803.0,2016,1,1
2016-01-13,futures,512626.680523,6691.89613249,1593430.0,2016,1,1
2016-01-14,futures,427905.822401,5598.84625823,1329339.0,2016,1,1
2016-01-15,futures,603041.355798,7880.5242319,1792887.0,2016,1,1
2016-01-18,futures,478554.378144,6250.30207202,1478711.0,2016,1,1
2016-01-19,futures,510856.106355,6493.84000004,1484218.0,2016,1,1
2016-01-20,futures,646824.762704,8241.2546754,1841852.0,2016,1,1
2016-01-21,futures,931612.160974,11724.0844105,2572188.0,2016,1,1
2016-01-22,futures,881200.030229,10541.767268,2733538.0,2016,1,1
2016-01-25,futures,755465.105567,9376.34328766,2456498.0,2016,1,1
2016-01-26,futures,779444.953581,10019.0233954,2491797.0,2016,1,1
2016-01-27,futures,691506.226325,8449.55151583,2258244.0,2016,1,1
2016-01-28,futures,820191.988304,10382.584485,2756803.0,2016,1,1
2016-01-29,futures,664617.962296,8590.41356303,2165762.0,2016,1,1
2016-02-01,futures,600812.623722,7765.70782684,2007559.0,2016,2,1
2016-02-02,futures,767192.317707,10051.4673521,2350075.0,2016,2,1
2016-02-03,futures,740083.142021,9497.09719214,2285323.0,2016,2,1
2016-02-04,futures,878057.308456,11078.2874496,2812792.0,2016,2,1
2016-02-05,futures,705284.83601,9224.1241734,2360050.0,2016,2,1
2016-02-08,futures,645426.310607,8345.21334258,2229288.0,2016,2,1
2016-02-09,futures,662623.459623,8621.01730678,2196127.0,2016,2,1
2016-02-10,futures,744035.753502,9456.41872512,2381149.0,2016,2,1
2016-02-11,futures,710390.861123,8984.45357306,2234415.0,2016,2,1
2016-02-12,futures,593131.507031,7497.13714609,1955361.0,2016,2,1
2016-02-15,futures,492801.82706,6199.14720605,1633325.0,2016,2,1
2016-02-16,futures,641832.46077,8251.98074511,2088602.0,2016,2,1
2016-02-17,futures,615420.318988,8071.61543692,1960555.0,2016,2,1
2016-02-18,futures,655718.395979,8422.81142114,2000499.0,2016,2,1
2016-02-19,futures,605784.451131,8028.15427401,1800413.0,2016,2,1
2016-02-20,futures,182262.915372,2386.71177468,645063.0,2016,2,1
2016-02-22,futures,299254.171091,3879.7365976399997,1047886.0,2016,2,1
2016-02-24,futures,541816.1301,7024.47642242,1621093.0,2016,2,1
2016-02-25,futures,621556.098751,8136.31780418,2004531.0,2016,2,1
2016-02-26,futures,734350.742638,9612.81405259,2189132.0,2016,2,1
2016-02-29,futures,503857.779301,6710.02485409,1653460.0,2016,2,1
2016-03-01,futures,535062.29302,7049.62480626,1671451.0,2016,3,1
2016-03-02,futures,483898.93358,6534.441723020001,1540878.0,2016,3,1
2016-03-03,futures,502439.888646,6824.25526781,1619916.0,2016,3,1
2016-03-04,futures,500718.056986,6782.573424239999,1572811.0,2016,3,1
2016-03-07,futures,389145.603393,5317.25731352,1283514.0,2016,3,1
2016-03-09,futures,542194.072424,7408.50049906,1601261.0,2016,3,1
2016-03-10,futures,634533.093095,8766.993790819999,1830352.0,2016,3,1
2016-03-11,futures,596847.751558,8395.33330461,1722597.0,2016,3,1
2016-03-14,futures,499882.723439,7110.02967625,1481995.0,2016,3,1
2016-03-15,futures,616725.375691,8790.9971989,1786281.0,2016,3,1
2016-03-16,futures,460909.361636,6533.94009759,1443415.0,2016,3,1
2016-03-17,futures,625452.530589,8806.01544498,1935922.0,2016,3,1
2016-03-18,futures,505298.817165,7370.1909452,1610822.0,2016,3,1
2016-03-21,futures,469142.610002,6858.5493826599995,1577221.0,2016,3,1
2016-03-22,futures,457291.159422,6645.84309842,1548125.0,2016,3,1
2016-03-23,futures,462447.00089,6823.1272373599995,1515060.0,2016,3,1
2016-03-24,futures,476240.103196,7040.712101640001,1508819.0,2016,3,1
2016-03-25,futures,283812.502397,4117.2345008,903141.0,2016,3,1
2016-03-28,futures,321648.66155,4700.0882821000005,1085760.0,2016,3,1
2016-03-29,futures,404340.675431,5965.4248987,1265228.0,2016,3,1
2016-03-30,futures,564670.436704,8212.80282138,1703325.0,2016,3,1
2016-03-31,futures,534178.65373,7901.162794270001,1748944.0,2016,3,1
2016-04-01,futures,527613.229926,7775.57548907,1599879.0,2016,4,2
2016-04-04,futures,516743.786352,7696.39693112,1621897.0,2016,4,2
2016-04-05,futures,469340.762632,6834.200398569999,1494812.0,2016,4,2
2016-04-06,futures,473056.716023,6866.83160604,1468776.0,2016,4,2
2016-04-07,futures,464648.019813,6781.054410850001,1456626.0,2016,4,2
2016-04-08,futures,427816.362775,6310.348144060001,1383589.0,2016,4,2
2016-04-11,futures,432535.700963,6411.14663288,1416742.0,2016,4,2
2016-04-12,futures,468926.028211,6985.86261767,1498625.0,2016,4,2
2016-04-13,futures,528614.904882,7967.595513220001,1635340.0,2016,4,2
2016-04-14,futures,460264.953482,6998.50308338,1457088.0,2016,4,2
2016-04-15,futures,401819.437548,6042.81555638,1277096.0,2016,4,2
2016-04-18,futures,642896.367315,9734.18760659,1942780.0,2016,4,2
2016-04-19,futures,522584.414881,7654.40228967,1714367.0,2016,4,2
2016-04-20,futures,511840.820359,7796.81785355,1682859.0,2016,4,2
2016-04-21,futures,600476.335644,9093.11130898,1854802.0,2016,4,2
2016-04-22,futures,562946.593894,8657.33380947,1860956.0,2016,4,2
2016-04-25,futures,426643.198857,6442.834301180001,1405094.0,2016,4,2
2016-04-26,futures,372814.523702,5595.33725605,1264881.0,2016,4,2
2016-04-27,futures,432598.491873,6509.55734364,1431293.0,2016,4,2
2016-04-28,futures,454011.610249,6967.4504118800005,1499260.0,2016,4,2
2016-04-29,futures,427115.495291,6559.57377818,1465176.0,2016,4,2
2016-05-04,futures,454735.848267,7068.42554982,1408938.0,2016,5,2
2016-05-05,futures,397376.192578,6005.21963401,1296297.0,2016,5,2
2016-05-06,futures,425354.908858,6455.354214909999,1372276.0,2016,5,2
2016-05-10,futures,360932.945143,5452.75234078,1241852.0,2016,5,2
2016-05-11,futures,429988.285563,6482.7860089099995,1375479.0,2016,5,2
2016-05-12,futures,407236.817523,6147.6389513,1341471.0,2016,5,2
2016-05-13,futures,424656.553677,6537.13019837,1406509.0,2016,5,2
2016-05-16,futures,346055.055819,5329.61432389,1148247.0,2016,5,2
2016-05-17,futures,396918.738421,6112.9688994200005,1303025.0,2016,5,2
2016-05-18,futures,397045.564889,6154.428430649999,1266382.0,2016,5,2
2016-05-19,futures,524550.467685,8062.05676687,1675371.0,2016,5,2
2016-05-20,futures,412124.153133,6224.40611278,1309588.0,2016,5,2
2016-05-23,futures,320002.346912,4820.9460572,1064133.0,2016,5,2
2016-05-24,futures,324716.876007,4843.08700559,1050250.0,2016,5,2
2016-05-25,futures,445701.72061,6647.37321061,1373508.0,2016,5,2
2016-05-26,futures,407766.876916,6188.14015828,1329649.0,2016,5,2
2016-05-27,futures,340564.661485,5222.88772364,1202199.0,2016,5,2
2016-05-30,futures,238621.897417,3613.2222929699997,856981.0,2016,5,2
2016-05-31,futures,332211.299066,5027.22050567,1154832.0,2016,5,2
2016-06-01,futures,478731.838144,7253.930349689999,1474253.0,2016,6,2
2016-06-02,futures,466817.361233,7007.62826174,1472429.0,2016,6,2
2016-06-03,futures,553046.560707,8285.45344742,1657747.0,2016,6,2
2016-06-06,futures,394743.86699,5904.66332784,1152705.0,2016,6,2
2016-06-07,futures,416119.232598,6325.01941951,1314187.0,2016,6,2
2016-06-08,futures,469201.512201,7195.36002296,1474061.0,2016,6,2
2016-06-09,futures,441123.276782,6820.1194004,1384337.0,2016,6,2
2016-06-10,futures,427182.652859,6701.934616760001,1298877.0,2016,6,2
2016-06-14,futures,528989.699718,8175.06571425,1516118.0,2016,6,2
2016-06-15,futures,445077.122133,6740.467633689999,1303477.0,2016,6,2
2016-06-16,futures,444290.893281,6740.29961467,1352830.0,2016,6,2
2016-06-17,futures,403122.891168,6120.739050069999,1263728.0,2016,6,2
2016-06-20,futures,291729.20408,4457.97823465,973946.0,2016,6,2
2016-06-21,futures,353564.125342,5511.44450572,1149327.0,2016,6,2
2016-06-22,futures,358024.012716,5578.9313279,1173063.0,2016,6,2
2016-06-23,futures,431694.118786,6775.2646703,1420239.0,2016,6,2
2016-06-24,futures,518866.443135,8066.8029068999995,1781509.0,2016,6,2
2016-06-27,futures,366874.222802,5598.6800104700005,1260227.0,2016,6,2
2016-06-28,futures,359545.588347,5526.47125903,1246667.0,2016,6,2
2016-06-29,futures,389429.20915,6008.82909373,1332608.0,2016,6,2
2016-06-30,futures,365406.605896,5686.5985433000005,1308533.0,2016,6,2
2016-07-01,futures,358129.988679,5580.47835512,1240056.0,2016,7,3
2016-07-04,futures,214907.474798,3357.06380071,797714.0,2016,7,3
2016-07-05,futures,329749.699044,5177.87243099,1133261.0,2016,7,3
2016-07-06,futures,367108.885516,5712.19223242,1249626.0,2016,7,3
2016-07-07,futures,439157.591209,6794.90752353,1466434.0,2016,7,3
2016-07-08,futures,483211.288295,7544.28240898,1632044.0,2016,7,3
2016-07-11,futures,303983.120332,4731.34315866,1083424.0,2016,7,3
2016-07-12,futures,327531.097373,5101.53977691,1086830.0,2016,7,3
2016-07-13,futures,379484.689858,5938.45803333,1300010.0,2016,7,3
2016-07-14,futures,387842.159948,6073.975420899999,1309618.0,2016,7,3
2016-07-15,futures,308621.802508,4854.27664446,1032335.0,2016,7,3
2016-07-18,futures,291487.15988,4614.35086568,978984.0,2016,7,3
2016-07-19,futures,296573.096817,4698.902277689999,1042899.0,2016,7,3
2016-07-20,futures,363037.484349,5763.49692802,1188386.0,2016,7,3
2016-07-21,futures,339722.444765,5356.85196174,1159444.0,2016,7,3
2016-07-22,futures,300073.397641,4707.97159028,965500.0,2016,7,3
2016-07-25,futures,289849.438344,4484.958892479999,903743.0,2016,7,3
2016-07-26,futures,371500.375335,5722.57442166,1171568.0,2016,7,3
2016-07-27,futures,347293.329118,5282.76700493,1106304.0,2016,7,3
2016-07-28,futures,442577.818201,6711.1442756199995,1426325.0,2016,7,3
2016-07-29,futures,477383.488491,7220.77501972,1457547.0,2016,7,3
2016-08-01,futures,349075.389625,5206.1020477600005,1130063.0,2016,8,3
2016-08-02,futures,434723.501402,6591.1837472,1307983.0,2016,8,3
2016-08-03,futures,433510.636473,6481.76234529,1336900.0,2016,8,3
2016-08-04,futures,376405.280148,5639.706334060001,1201562.0,2016,8,3
2016-08-05,futures,451612.491211,6801.9973342700005,1304233.0,2016,8,3
2016-08-08,futures,320529.139179,4888.89474013,1000657.0,2016,8,3
2016-08-09,futures,335690.111816,5158.12273553,1053318.0,2016,8,3
2016-08-10,futures,403555.039283,6229.16238505,1272085.0,2016,8,3
2016-08-11,futures,411061.709447,6342.20403166,1212972.0,2016,8,3
2016-08-12,futures,442544.242458,6813.645674390001,1350653.0,2016,8,3
2016-08-15,futures,349387.53188,5430.63540826,1084409.0,2016,8,3
2016-08-16,futures,399213.919558,6217.5493175,1290627.0,2016,8,3
2016-08-17,futures,390816.18598,6111.14355558,1260886.0,2016,8,3
2016-08-18,futures,431011.190523,6735.149701189999,1356181.0,2016,8,3
2016-08-19,futures,314732.705661,4952.6222513,1022301.0,2016,8,3
2016-08-22,futures,343834.692026,5377.534122720001,1094656.0,2016,8,3
2016-08-23,futures,347526.429201,5412.526658770001,1122062.0,2016,8,3
2016-08-24,futures,359171.169854,5545.46923892,1096118.0,2016,8,3
2016-08-25,futures,332266.562721,5126.46284323,1036229.0,2016,8,3
2016-08-26,futures,438336.506148,6749.25601382,1358516.0,2016,8,3
2016-08-29,futures,302792.634651,4677.20094305,981311.0,2016,8,3
2016-08-30,futures,363574.892011,5586.498240819999,1127189.0,2016,8,3
2016-08-31,futures,322882.444961,4974.524320279999,1025776.0,2016,8,3
2016-09-01,futures,362265.631062,5551.66590393,1112005.0,2016,9,3
2016-09-02,futures,510315.23471,7820.13213545,1554990.0,2016,9,3
2016-09-05,futures,425464.037619,6459.30427366,1336229.0,2016,9,3
2016-09-06,futures,347490.598258,5365.45692167,1084278.0,2016,9,3
2016-09-07,futures,383261.071221,5911.73105325,1260030.0,2016,9,3
2016-09-08,futures,381424.437198,5924.54282977,1224557.0,2016,9,3
2016-09-09,futures,440589.40091,6887.11489081,1295166.0,2016,9,3
2016-09-12,futures,473625.259649,7381.74424382,1425002.0,2016,9,3
2016-09-13,futures,497612.070884,7649.2273466199995,1444773.0,2016,9,3
2016-09-14,futures,581678.550292,8975.10808934,1652586.0,2016,9,3
2016-09-15,futures,512042.247847,7880.761721229999,1384281.0,2016,9,3
2016-09-16,futures,397269.779376,6091.506499470001,1176316.0,2016,9,3
2016-09-19,futures,336819.658806,5182.31927264,997746.0,2016,9,3
2016-09-20,futures,351593.702549,5416.0247353,1081502.0,2016,9,3
2016-09-21,futures,327527.662942,5058.240729409999,996969.0,2016,9,3
2016-09-22,futures,413052.151685,6409.63328003,1170990.0,2016,9,3
2016-09-23,futures,395427.398585,6198.4851065600005,1194816.0,2016,9,3
2016-09-26,futures,415722.430703,6509.47527258,1261889.0,2016,9,3
2016-09-27,futures,371328.366219,5788.38492889,1124560.0,2016,9,3
2016-09-28,futures,405413.716413,6365.211955850001,1196661.0,2016,9,3
2016-09-29,futures,494702.618524,7735.66311849,1489214.0,2016,9,3
2016-09-30,futures,434948.871966,6886.66809112,1419452.0,2016,9,3
2016-10-03,futures,354290.401203,5588.52926372,1129576.0,2016,10,4
2016-10-04,futures,354525.627819,5668.08416327,1110713.0,2016,10,4
2016-10-05,futures,361880.42203,5796.36537545,1092964.0,2016,10,4
2016-10-06,futures,287335.175783,4600.43222091,878455.0,2016,10,4
2016-10-07,futures,408682.634881,6550.450951770001,1189096.0,2016,10,4
2016-10-10,futures,350064.108192,5618.72696851,997812.0,2016,10,4
2016-10-11,futures,408119.477783,6541.5923117600005,1149128.0,2016,10,4
2016-10-12,futures,343639.577745,5525.2317362799995,1023998.0,2016,10,4
2016-10-13,futures,359894.709898,5750.10880308,1068756.0,2016,10,4
2016-10-14,futures,283281.893537,4471.94230995,878711.0,2016,10,4
2016-10-17,futures,309577.330008,4914.4407193100005,868070.0,2016,10,4
2016-10-18,futures,245741.627402,3891.33390448,730232.0,2016,10,4
2016-10-19,futures,304180.534865,4836.70750302,862211.0,2016,10,4
2016-10-20,futures,281221.680519,4493.50043412,799426.0,2016,10,4
2016-10-21,futures,240146.975577,3847.31310421,713058.0,2016,10,4
2016-10-24,futures,256025.492417,4099.69419354,771910.0,2016,10,4
2016-10-25,futures,282238.450983,4535.05108842,813564.0,2016,10,4
2016-10-26,futures,410821.814408,6621.03233638,1115696.0,2016,10,4
2016-10-27,futures,349108.833553,5607.30028498,969156.0,2016,10,4
2016-10-28,futures,263304.288661,4176.78785437,766422.0,2016,10,4
2016-10-31,futures,303651.911402,4827.25040661,866346.0,2016,10,4
2016-11-01,futures,305152.108258,4827.0271833100005,872276.0,2016,11,4
2016-11-02,futures,402071.533869,6361.63971155,1163757.0,2016,11,4
2016-11-03,futures,318252.173097,5018.43638885,916217.0,2016,11,4
2016-11-04,futures,,,,2016,11,4
2016-11-07,futures,273628.842438,4308.82385032,846507.0,2016,11,4
2016-11-08,futures,241096.898379,3772.5975141999998,744702.0,2016,11,4
2016-11-09,futures,657190.676623,10311.0730544,1835607.0,2016,11,4
2016-11-10,futures,627751.907986,9825.08057224,1795116.0,2016,11,4
2016-11-11,futures,597332.677794,9348.98263645,1689610.0,2016,11,4
2016-11-14,futures,485238.840545,7440.407756680001,1447863.0,2016,11,4
2016-11-15,futures,497702.964628,7557.087245770001,1499916.0,2016,11,4
2016-11-16,futures,571608.028622,8719.545000850001,1673728.0,2016,11,4
2016-11-17,futures,435589.282535,6748.47795358,1325226.0,2016,11,4
2016-11-18,futures,439501.444216,6770.372580560001,1287151.0,2016,11,4
2016-11-21,futures,333029.212317,5115.475372100001,954622.0,2016,11,4
2016-11-22,futures,438323.000193,6810.69952753,1234991.0,2016,11,4
2016-11-23,futures,483431.416551,7597.75408625,1357893.0,2016,11,4
2016-11-24,futures,318866.327243,4981.60917567,969246.0,2016,11,4
2016-11-25,futures,311304.401563,4816.8732322,955326.0,2016,11,4
2016-11-28,futures,407208.858847,6301.84530555,1190908.0,2016,11,4
2016-11-29,futures,437926.004482,6746.11385116,1239757.0,2016,11,4
2016-11-30,futures,666655.467997,10264.9394794,1845103.0,2016,11,4
2016-12-01,futures,501371.026462,7685.23696947,1414289.0,2016,12,4
2016-12-02,futures,403524.31455,6336.68151496,1174989.0,2016,12,4
2016-12-05,futures,331905.537371,5173.67187981,1001680.0,2016,12,4
2016-12-06,futures,368846.513894,5770.0606952299995,1048430.0,2016,12,4
2016-12-07,futures,296578.896437,4643.17926103,909574.0,2016,12,4
2016-12-08,futures,426792.097701,6677.87120453,1227395.0,2016,12,4
2016-12-09,futures,378668.207723,5973.61745325,1119776.0,2016,12,4
2016-12-12,futures,520118.356908,8216.35625767,1492558.0,2016,12,4
2016-12-13,futures,479637.115457,7788.79506234,1331053.0,2016,12,4
2016-12-14,futures,493613.824119,8082.88696587,1317953.0,2016,12,4
2016-12-15,futures,701385.818592,11534.452243700001,1750285.0,2016,12,4
2016-12-16,futures,343163.617835,5567.51190579,1019029.0,2016,12,4
2016-12-19,futures,317895.317255,5147.97725165,919601.0,2016,12,4
2016-12-20,futures,273161.145607,4420.5768218,873095.0,2016,12,4
2016-12-21,futures,268200.354438,4340.04331037,844380.0,2016,12,4
2016-12-22,futures,309212.528163,5059.999609930001,960275.0,2016,12,4
2016-12-23,futures,261799.189714,4301.37289,817637.0,2016,12,4
2016-12-26,futures,131740.456965,2164.90378364,436177.0,2016,12,4
2016-12-27,futures,166146.346592,2727.8067818600002,532555.0,2016,12,4
2016-12-28,futures,207161.860073,3403.9810261,634331.0,2016,12,4
2016-12-29,futures,254151.416456,4189.2929498,750051.0,2016,12,4
2016-12-30,futures,299786.172064,4973.80538656,863530.0,2016,12,4
2017-01-03,futures,234729.953645,3869.79805504,694011.0,2017,1,1
2017-01-04,futures,287502.575918,4739.81650757,830004.0,2017,1,1
2017-01-05,futures,276543.645032,4559.14570365,855842.0,2017,1,1
2017-01-06,futures,255429.551826,4211.05516151,846809.0,2017,1,1
2017-01-09,futures,249595.443494,4114.87305639,767314.0,2017,1,1
2017-01-10,futures,274894.248856,4589.518330180001,862192.0,2017,1,1
2017-01-11,futures,325794.64108,5434.14025717,1018939.0,2017,1,1
2017-01-12,futures,434469.402021,7221.73024599,1273563.0,2017,1,1
2017-01-13,futures,285166.169365,4792.885944770001,897954.0,2017,1,1
2017-01-16,futures,224763.409236,3785.80780253,760375.0,2017,1,1
2017-01-17,futures,340260.793578,5708.43199805,1043500.0,2017,1,1
2017-01-18,futures,285339.310956,4803.57080134,906277.0,2017,1,1
2017-01-19,futures,457215.426355,7725.452010800001,1407835.0,2017,1,1
2017-01-20,futures,273844.944113,4613.9048848,888362.0,2017,1,1
2017-01-23,futures,271586.839931,4551.50335817,848388.0,2017,1,1
2017-01-24,futures,270702.353586,4549.3594246,802899.0,2017,1,1
2017-01-25,futures,286915.656773,4845.1732747,882627.0,2017,1,1
2017-01-26,futures,456640.310856,7720.18263832,1335441.0,2017,1,1
2017-01-27,futures,395025.890572,6623.99456989,1220334.0,2017,1,1
2017-01-30,futures,318022.63748,5272.293541069999,954623.0,2017,1,1
2017-01-31,futures,307186.13227,5105.999692,917951.0,2017,1,1
2017-02-01,futures,312109.70661,5194.4609663599995,894999.0,2017,2,1
2017-02-02,futures,388084.710683,6434.84254961,1103630.0,2017,2,1
2017-02-03,futures,412351.627594,6874.15400968,1325753.0,2017,2,1
2017-02-06,futures,263264.584212,4438.512252850001,882050.0,2017,2,1
2017-02-07,futures,306358.916865,5217.98601762,878288.0,2017,2,1
2017-02-08,futures,318410.297056,5379.16110533,976546.0,2017,2,1
2017-02-09,futures,274200.455042,4607.41209119,877447.0,2017,2,1
2017-02-10,futures,280380.711056,4750.3233636800005,878320.0,2017,2,1
2017-02-13,futures,311207.743757,5288.53839375,914468.0,2017,2,1
2017-02-14,futures,299585.907602,5159.76755156,963924.0,2017,2,1
2017-02-15,futures,430681.657851,7459.13766568,1434511.0,2017,2,1
2017-02-16,futures,306025.725601,5390.44361032,1044964.0,2017,2,1
2017-02-17,futures,354600.667668,6204.66009459,1124565.0,2017,2,1
2017-02-20,futures,277716.460399,4818.60527949,940375.0,2017,2,1
2017-02-21,futures,281625.934611,4847.53754707,939309.0,2017,2,1
2017-02-22,futures,321277.515212,5552.76647042,1064991.0,2017,2,1
2017-02-24,futures,242414.118767,4217.64345533,789367.0,2017,2,1
2017-02-27,futures,216417.831982,3765.34690849,723190.0,2017,2,1
2017-02-28,futures,319560.726703,5515.64932838,1089246.0,2017,2,1
2017-03-01,futures,354001.631976,6107.404106020001,1122754.0,2017,3,1
2017-03-02,futures,417633.922865,7154.00980624,1258518.0,2017,3,1
2017-03-03,futures,359763.170698,6159.62159646,1172589.0,2017,3,1
2017-03-06,futures,335569.119354,5696.31113538,1175579.0,2017,3,1
2017-03-07,futures,301339.051859,5165.48762979,1031903.0,2017,3,1
2017-03-09,futures,540331.447616,9274.006618540001,1661111.0,2017,3,1
2017-03-10,futures,396650.932312,6742.11790753,1312077.0,2017,3,1
2017-03-13,futures,332458.337823,5614.20018142,1125663.0,2017,3,1
2017-03-14,futures,500540.222567,8464.69419741,1438860.0,2017,3,1
2017-03-15,futures,404776.248226,6865.96750392,1237722.0,2017,3,1
2017-03-16,futures,573849.071202,9707.69564632,1710556.0,2017,3,1
2017-03-17,futures,270389.468084,4642.38137488,1006447.0,2017,3,1
2017-03-20,futures,322461.126074,5565.96989136,1145840.0,2017,3,1
2017-03-21,futures,347804.151261,6071.50166207,1245712.0,2017,3,1
2017-03-22,futures,450122.286989,7864.82959778,1497488.0,2017,3,1
2017-03-23,futures,328186.765605,5694.12807282,1192478.0,2017,3,1
2017-03-24,futures,273430.484285,4753.42793266,984351.0,2017,3,1
2017-03-27,futures,299137.959078,5209.22110308,1078971.0,2017,3,1
2017-03-28,futures,261097.331201,4578.78325528,967130.0,2017,3,1
2017-03-29,futures,273945.948278,4811.43781971,946347.0,2017,3,1
2017-03-30,futures,321124.150291,5631.37603734,1046294.0,2017,3,1
2017-03-31,futures,330012.27816,5853.575215819999,1101127.0,2017,3,1
2017-04-03,futures,259801.249599,4642.5744112600005,978771.0,2017,4,2
2017-04-04,futures,286153.608925,5097.17933375,990932.0,2017,4,2
2017-04-05,futures,347678.979686,6147.59323505,1196004.0,2017,4,2
2017-04-06,futures,295773.445631,5291.68507588,967108.0,2017,4,2
2017-04-07,futures,419415.150762,7431.57669472,1263745.0,2017,4,2
2017-04-10,futures,284287.830703,4994.50687372,1039576.0,2017,4,2
2017-04-11,futures,278471.59529,4852.30068322,1015094.0,2017,4,2
2017-04-12,futures,299526.616397,5258.986297949999,1118015.0,2017,4,2
2017-04-13,futures,350955.085457,6183.620390890001,1329338.0,2017,4,2
2017-04-14,futures,164400.303738,2904.5015050399998,592981.0,2017,4,2
2017-04-17,futures,211396.484391,3755.1889508000004,858209.0,2017,4,2
2017-04-18,futures,275350.636988,4895.07892353,1045021.0,2017,4,2
2017-04-19,futures,294081.512605,5253.39746308,1078047.0,2017,4,2
2017-04-20,futures,335052.359253,5964.40711937,1190549.0,2017,4,2
2017-04-21,futures,292191.383491,5179.1831023,1073596.0,2017,4,2
2017-04-24,futures,320876.557307,5706.43006946,1128788.0,2017,4,2
2017-04-25,futures,235726.370935,4203.43960411,909593.0,2017,4,2
2017-04-26,futures,337328.446036,6040.40888017,1180765.0,2017,4,2
2017-04-27,futures,360544.353101,6402.495211609999,1196904.0,2017,4,2
2017-04-28,futures,304963.251086,5352.98409684,1081314.0,2017,4,2
2017-05-01,futures,,,,2017,5,2
2017-05-02,futures,214218.731698,3759.29179342,782738.0,2017,5,2
2017-05-03,futures,266515.108179,4679.660839149999,970704.0,2017,5,2
2017-05-04,futures,375511.429571,6577.2231751300005,1221734.0,2017,5,2
2017-05-05,futures,435155.094589,7558.5289673199995,1362228.0,2017,5,2
2017-05-08,futures,,,,2017,5,2
2017-05-09,futures,,,,2017,5,2
2017-05-10,futures,269310.637963,4600.59649875,931211.0,2017,5,2
2017-05-11,futures,271243.978476,4669.985718149999,976057.0,2017,5,2
2017-05-12,futures,240593.199633,4212.3534280700005,887962.0,2017,5,2
2017-05-15,futures,258473.792343,4521.61836721,932760.0,2017,5,2
2017-05-16,futures,228368.587377,4040.07705113,836851.0,2017,5,2
2017-05-17,futures,308142.495186,5477.08588802,1071610.0,2017,5,2
2017-05-18,futures,449952.013962,7930.30481988,1545651.0,2017,5,2
2017-05-19,futures,323335.030184,5626.31973077,1108551.0,2017,5,2
2017-05-22,futures,290659.584947,5084.999439239999,1145570.0,2017,5,2
2017-05-23,futures,317058.115523,5611.76725033,1078902.0,2017,5,2
2017-05-24,futures,276701.020884,4892.5831910100005,1072142.0,2017,5,2
2017-05-25,futures,347874.185099,6181.75943724,1197787.0,2017,5,2
2017-05-26,futures,358195.867154,6388.3579154300005,1324637.0,2017,5,2
2017-05-29,futures,198515.169154,3497.69485436,806764.0,2017,5,2
2017-05-30,futures,226030.737681,3985.6876436,855660.0,2017,5,2
2017-05-31,futures,297705.077413,5267.550134,1138242.0,2017,5,2
2017-06-01,futures,317919.446893,5608.27141902,1125471.0,2017,6,2
2017-06-02,futures,349169.079266,6175.9065124399995,1227708.0,2017,6,2
2017-06-05,futures,254789.925875,4494.63243946,959636.0,2017,6,2
2017-06-06,futures,215358.550374,3803.8998426900002,851587.0,2017,6,2
2017-06-07,futures,317670.052603,5605.14749267,1132953.0,2017,6,2
2017-06-08,futures,325664.888212,5755.037096550001,1140474.0,2017,6,2
2017-06-09,futures,223526.413003,3922.5000834099997,849835.0,2017,6,2
2017-06-12,futures,,,,2017,6,2
2017-06-13,futures,290581.913741,5097.7494428400005,1011496.0,2017,6,2
2017-06-14,futures,439340.177808,7719.966012899999,1356746.0,2017,6,2
2017-06-15,futures,528907.080854,9274.141655469999,1750410.0,2017,6,2
2017-06-16,futures,263523.532378,4587.50972479,960705.0,2017,6,2
2017-06-19,futures,256238.464922,4437.73665973,909193.0,2017,6,2
2017-06-20,futures,401393.683118,6925.536083890001,1321847.0,2017,6,2
2017-06-21,futures,405429.409265,6921.11810909,1414135.0,2017,6,2
2017-06-22,futures,397888.837189,6631.480619819999,1423973.0,2017,6,2
2017-06-23,futures,286602.804897,4764.9440032600005,1014777.0,2017,6,2
2017-06-26,futures,308513.526017,5171.507600479999,1081581.0,2017,6,2
2017-06-27,futures,322053.96205,5458.41220802,1115720.0,2017,6,2
2017-06-28,futures,416415.655781,7071.7603127,1327775.0,2017,6,2
2017-06-29,futures,322713.1569,5419.97022077,1074929.0,2017,6,2
2017-06-30,futures,297323.917607,5032.09615907,1075437.0,2017,6,2
2017-07-03,futures,290360.061578,4889.35243504,957416.0,2017,7,3
2017-07-04,futures,190771.54124,3235.0883293899997,715178.0,2017,7,3
2017-07-05,futures,376943.384435,6364.11559164,1264181.0,2017,7,3
2017-07-06,futures,355839.996037,5972.6042367,1178727.0,2017,7,3
2017-07-07,futures,410517.840338,6814.41107021,1336307.0,2017,7,3
2017-07-10,futures,321450.012508,5323.85345463,1096980.0,2017,7,3
2017-07-11,futures,318967.523257,5289.5541937200005,1036262.0,2017,7,3
2017-07-12,futures,395940.089875,6518.63756118,1273724.0,2017,7,3
2017-07-13,futures,349494.655081,5765.079006399999,1226972.0,2017,7,3
2017-07-14,futures,304038.328227,5051.84681918,1084666.0,2017,7,3
2017-07-17,futures,255600.271841,4268.49884338,948874.0,2017,7,3
2017-07-18,futures,276534.72841,4681.81581544,945394.0,2017,7,3
2017-07-19,futures,293951.963256,4951.145152149999,1061216.0,2017,7,3
2017-07-20,futures,296697.44304,5008.24490546,1012068.0,2017,7,3
2017-07-21,futures,273771.601545,4633.73297155,996994.0,2017,7,3
2017-07-24,futures,394220.737322,6689.36049416,1328668.0,2017,7,3
2017-07-25,futures,307111.63264,5147.93910274,1107100.0,2017,7,3
2017-07-26,futures,286296.413122,4786.084791859999,992758.0,2017,7,3
2017-07-27,futures,315213.309466,5261.429764310001,1115027.0,2017,7,3
2017-07-28,futures,291448.779737,4905.70272002,1088226.0,2017,7,3
2017-07-31,futures,315523.77949,5299.0376713900005,1134412.0,2017,7,3
2017-08-01,futures,330903.619261,5509.248064310001,1084775.0,2017,8,3
2017-08-02,futures,357646.625011,5976.17569623,1164201.0,2017,8,3
2017-08-03,futures,338609.157699,5589.27926821,1110955.0,2017,8,3
2017-08-04,futures,339519.345668,5588.76821461,1096156.0,2017,8,3
2017-08-07,futures,276743.563885,4587.30780325,984994.0,2017,8,3
2017-08-08,futures,269088.973092,4480.29858379,949681.0,2017,8,3
2017-08-09,futures,314305.891641,5239.42701848,1043104.0,2017,8,3
2017-08-10,futures,317495.379928,5295.02260512,1061944.0,2017,8,3
2017-08-11,futures,351352.236517,5862.73000272,1158786.0,2017,8,3
2017-08-14,futures,254390.707197,4226.65092465,897833.0,2017,8,3
2017-08-15,futures,304096.968324,5085.31862279,983562.0,2017,8,3
2017-08-16,futures,281691.224501,4700.60414742,901890.0,2017,8,3
2017-08-17,futures,296766.343919,4974.95216294,953067.0,2017,8,3
2017-08-18,futures,267641.940422,4517.23979176,896091.0,2017,8,3
2017-08-21,futures,275456.554662,4640.34680333,890482.0,2017,8,3
2017-08-22,futures,250875.533195,4241.99721673,801260.0,2017,8,3
2017-08-23,futures,234536.767985,3972.5331469899998,770993.0,2017,8,3
2017-08-24,futures,214255.61705,3623.3936914899996,706916.0,2017,8,3
2017-08-25,futures,259495.941359,4387.84676552,843868.0,2017,8,3
2017-08-28,futures,257047.560902,4345.86628878,822119.0,2017,8,3
2017-08-29,futures,300777.160129,5137.37123791,955731.0,2017,8,3
2017-08-30,futures,301810.467449,5156.33273165,1002563.0,2017,8,3
2017-08-31,futures,338189.375034,5758.316363770001,1077846.0,2017,8,3
2017-09-01,futures,349357.952663,5967.299782100001,1075492.0,2017,9,3
2017-09-04,futures,212637.637584,3662.64875945,753555.0,2017,9,3
2017-09-05,futures,303703.124559,5256.043428270001,1051630.0,2017,9,3
2017-09-06,futures,283875.209572,4907.06547022,951605.0,2017,9,3
2017-09-07,futures,336366.141508,5866.3021922,1033748.0,2017,9,3
2017-09-08,futures,282873.64983,4950.44109809,933341.0,2017,9,3
2017-09-11,futures,283298.877475,4970.45222829,991482.0,2017,9,3
2017-09-12,futures,316627.904398,5538.4157328599995,1076640.0,2017,9,3
2017-09-13,futures,306972.623306,5360.5065398100005,1089817.0,2017,9,3
2017-09-14,futures,337709.561701,5856.10992772,1146927.0,2017,9,3
2017-09-15,futures,329269.106176,5699.59644137,1061505.0,2017,9,3
2017-09-18,futures,286788.004565,4984.70466936,941293.0,2017,9,3
2017-09-19,futures,318594.761271,5528.836170760001,1013685.0,2017,9,3
2017-09-20,futures,415495.561654,7151.47276566,1132502.0,2017,9,3
2017-09-21,futures,433820.308738,7463.061617060001,1191244.0,2017,9,3
2017-09-22,futures,256915.685679,4412.5240995799995,754529.0,2017,9,3
2017-09-25,futures,282510.730212,4900.21681919,868737.0,2017,9,3
2017-09-26,futures,334283.787558,5806.96570125,1005930.0,2017,9,3
2017-09-27,futures,379485.182283,6597.608117770001,1143606.0,2017,9,3
2017-09-28,futures,327461.321237,5644.89212651,977992.0,2017,9,3
2017-09-29,futures,313569.012052,5366.98893552,990825.0,2017,9,3
2017-10-02,futures,258301.871476,4452.183268600001,753166.0,2017,10,4
2017-10-03,futures,258896.102899,4478.13314732,770573.0,2017,10,4
2017-10-04,futures,243473.720886,4202.35116955,769508.0,2017,10,4
2017-10-05,futures,251986.573056,4360.89681873,847009.0,2017,10,4
2017-10-06,futures,365506.544627,6347.68256645,1043668.0,2017,10,4
2017-10-09,futures,234237.9288,4055.28155232,695467.0,2017,10,4
2017-10-10,futures,249742.211628,4282.63368541,724063.0,2017,10,4
2017-10-11,futures,252153.742405,4342.14047912,770127.0,2017,10,4
2017-10-12,futures,229187.460678,3956.89751002,684602.0,2017,10,4
2017-10-13,futures,307073.407936,5323.104689899999,909438.0,2017,10,4
2017-10-16,futures,235633.58691,4089.4693283200004,746309.0,2017,10,4
2017-10-17,futures,246612.962416,4320.01769986,791776.0,2017,10,4
2017-10-18,futures,259082.276311,4518.414563,846606.0,2017,10,4
2017-10-19,futures,297533.882673,5195.092945310001,963820.0,2017,10,4
2017-10-20,futures,277022.136841,4811.868155640001,825045.0,2017,10,4
2017-10-23,futures,206950.667198,3598.40358323,684805.0,2017,10,4
2017-10-24,futures,273615.764489,4760.96933891,852301.0,2017,10,4
2017-10-25,futures,261483.830974,4540.81658089,841829.0,2017,10,4
2017-10-26,futures,280235.911368,4864.0245663900005,837654.0,2017,10,4
2017-10-27,futures,431786.258022,7474.96737642,1255312.0,2017,10,4
2017-10-30,futures,274538.10274,4726.627149970001,852966.0,2017,10,4
2017-10-31,futures,269813.000521,4662.269585100001,846172.0,2017,10,4
2017-11-01,futures,312083.931534,5369.84184793,926008.0,2017,11,4
2017-11-02,futures,307095.620585,5280.57646258,933402.0,2017,11,4
2017-11-03,futures,356145.300015,6131.24990342,1159869.0,2017,11,4
2017-11-07,futures,405851.035373,6945.9834634,1289673.0,2017,11,4
2017-11-08,futures,330252.616386,5649.62213071,1151909.0,2017,11,4
2017-11-09,futures,406990.759809,6869.27423388,1246695.0,2017,11,4
2017-11-10,futures,312568.139584,5275.171251,1144645.0,2017,11,4
2017-11-13,futures,319847.781204,5395.47005445,1059986.0,2017,11,4
2017-11-14,futures,391055.87676,6607.64919173,1173459.0,2017,11,4
2017-11-15,futures,385472.046235,6465.40624708,1265719.0,2017,11,4
2017-11-16,futures,352976.78295,5858.63305532,1207666.0,2017,11,4
2017-11-17,futures,308425.325744,5141.29611607,1011990.0,2017,11,4
2017-11-20,futures,309067.374719,5182.86797835,965369.0,2017,11,4
2017-11-21,futures,300835.673012,5075.28811687,992646.0,2017,11,4
2017-11-22,futures,275494.828636,4633.248828399999,885798.0,2017,11,4
2017-11-23,futures,245552.780476,4161.48127865,801503.0,2017,11,4
2017-11-24,futures,229834.310417,3931.33187627,764003.0,2017,11,4
2017-11-27,futures,244654.485859,4179.85583664,779719.0,2017,11,4
2017-11-28,futures,285057.218544,4891.39370808,892530.0,2017,11,4
2017-11-29,futures,304369.129762,5210.68486646,912656.0,2017,11,4
2017-11-30,futures,430226.095592,7375.58687547,1144823.0,2017,11,4
2017-12-01,futures,316363.629896,5400.410879489999,908870.0,2017,12,4
2017-12-04,futures,380754.360199,6506.59726716,1125219.0,2017,12,4
2017-12-05,futures,237049.792642,4018.39926094,720625.0,2017,12,4
2017-12-06,futures,273152.656032,4653.969781979999,789777.0,2017,12,4
2017-12-07,futures,278015.013776,4717.86827975,820499.0,2017,12,4
2017-12-08,futures,307703.738897,5189.38825828,873754.0,2017,12,4
2017-12-11,futures,253443.202414,4275.27833347,756206.0,2017,12,4
2017-12-12,futures,351538.709505,5934.6652559799995,915967.0,2017,12,4
2017-12-13,futures,316955.120609,5387.00342657,922287.0,2017,12,4
2017-12-14,futures,346160.744453,5852.78697384,1018767.0,2017,12,4
2017-12-15,futures,270313.347528,4604.35420483,801991.0,2017,12,4
2017-12-18,futures,254423.398956,4319.67766616,716052.0,2017,12,4
2017-12-19,futures,279764.170959,4766.48671004,753316.0,2017,12,4
2017-12-20,futures,314544.631208,5366.584337390001,794162.0,2017,12,4
2017-12-21,futures,308233.946928,5249.48391314,791838.0,2017,12,4
2017-12-22,futures,183197.046357,3128.3862314099997,568832.0,2017,12,4
2017-12-25,futures,121225.390048,2078.7957521900003,393539.0,2017,12,4
2017-12-26,futures,171231.240358,2942.17314001,508763.0,2017,12,4
2017-12-27,futures,237972.37069,4121.854264969999,697013.0,2017,12,4
2017-12-28,futures,178924.616615,3114.20216058,562240.0,2017,12,4
2017-12-29,futures,157691.7731,2736.32198143,447297.0,2017,12,4
2018-01-01,futures,,,,2018,1,1
2018-01-02,futures,,,,2018,1,1
2018-01-03,futures,118204.823894,2052.15995594,399246.0,2018,1,1
2018-01-04,futures,179158.740016,3110.383992,618036.0,2018,1,1
2018-01-05,futures,151097.265535,2623.20730718,530235.0,2018,1,1
2018-01-09,futures,185423.796627,3219.15195827,610638.0,2018,1,1
2018-01-10,futures,236136.879411,4139.38992382,721695.0,2018,1,1
2018-01-11,futures,224926.048276,3954.85496341,683148.0,2018,1,1
2018-01-12,futures,274976.451736,4824.5122305,779204.0,2018,1,1
2018-01-15,futures,223247.977967,3944.17816305,699975.0,2018,1,1
2018-01-16,futures,222884.408394,3954.87346525,679393.0,2018,1,1
2018-01-17,futures,282008.168442,5001.22665616,855111.0,2018,1,1
2018-01-18,futures,257599.066185,4551.82340743,806165.0,2018,1,1
2018-01-19,futures,254816.261549,4489.38703955,775098.0,2018,1,1
2018-01-22,futures,176281.894884,3115.11551469,550062.0,2018,1,1
2018-01-23,futures,265601.737896,4690.447300729999,797730.0,2018,1,1
2018-01-24,futures,237899.912116,4217.22365326,709742.0,2018,1,1
2018-01-25,futures,361193.165848,6405.40614179,1046212.0,2018,1,1
2018-01-26,futures,286182.191286,5116.90204843,903432.0,2018,1,1
2018-01-29,futures,254807.312536,4564.083636689999,823347.0,2018,1,1
2018-01-30,futures,325718.000519,5786.3452024,1018253.0,2018,1,1
2018-01-31,futures,257607.544937,4576.32151513,830410.0,2018,1,1
2018-02-01,futures,317780.777548,5656.0725037,1005624.0,2018,2,1
2018-02-02,futures,340253.678535,6047.73936143,1035985.0,2018,2,1
2018-02-05,futures,302814.066734,5403.45724426,926088.0,2018,2,1
2018-02-06,futures,489131.268676,8637.6526843,1525357.0,2018,2,1
2018-02-07,futures,356763.309293,6234.98432867,1148004.0,2018,2,1
2018-02-08,futures,471635.288957,8281.0879959,1457173.0,2018,2,1
2018-02-09,futures,470042.8507,8150.05220239,1571188.0,2018,2,1
2018-02-12,futures,510743.688415,8779.91893692,1604812.0,2018,2,1
2018-02-13,futures,349254.863049,6019.8607488,1122609.0,2018,2,1
2018-02-14,futures,406745.714105,7040.76527659,1286921.0,2018,2,1
2018-02-15,futures,417035.792612,7241.47450529,1331707.0,2018,2,1
2018-02-16,futures,324330.953075,5731.0591477,1123463.0,2018,2,1
2018-02-19,futures,224023.732848,3975.19550652,822863.0,2018,2,1
2018-02-20,futures,237940.115043,4223.00439521,882319.0,2018,2,1
2018-02-21,futures,257482.84958,4555.5979126,946508.0,2018,2,1
2018-02-22,futures,276955.334783,4888.56570326,986039.0,2018,2,1
2018-02-26,futures,297937.430351,5248.999844100001,1007489.0,2018,2,1
2018-02-27,futures,272005.543567,4864.1211064,928965.0,2018,2,1
2018-02-28,futures,303132.39461,5444.99978643,1019195.0,2018,2,1
2018-03-01,futures,394776.874364,7002.79337647,1234279.0,2018,3,1
2018-03-02,futures,416074.895895,7372.84827593,1379146.0,2018,3,1
2018-03-05,futures,330030.360512,5824.585972020001,1043141.0,2018,3,1
2018-03-06,futures,329753.564275,5775.01863879,1057999.0,2018,3,1
2018-03-07,futures,320095.568499,5664.9972037299995,1059098.0,2018,3,1
2018-03-09,futures,255144.095524,4491.88652199,876313.0,2018,3,1
2018-03-12,futures,294544.018753,5185.533708909999,925499.0,2018,3,1
2018-03-13,futures,395119.126786,6979.3989067,1160119.0,2018,3,1
2018-03-14,futures,499241.898256,8768.490499950001,1413314.0,2018,3,1
2018-03-15,futures,419516.946499,7368.06422689,1322636.0,2018,3,1
2018-03-16,futures,311263.207877,5458.9575346599995,1026273.0,2018,3,1
2018-03-19,futures,311782.589317,5422.85290198,1010163.0,2018,3,1
2018-03-20,futures,314876.928475,5471.16314565,1007629.0,2018,3,1
2018-03-21,futures,311238.231618,5393.76832205,955383.0,2018,3,1
2018-03-22,futures,383869.286958,6676.52172101,1194307.0,2018,3,1
2018-03-23,futures,350138.126673,6160.1631038000005,1106890.0,2018,3,1
2018-03-26,futures,346885.998243,6074.29532954,1100514.0,2018,3,1
2018-03-27,futures,297091.739564,5211.77918641,955199.0,2018,3,1
2018-03-28,futures,316039.7972,5527.61618688,1012582.0,2018,3,1
2018-03-29,futures,287062.0533,4987.19685093,887566.0,2018,3,1
2018-03-30,futures,151163.453944,2616.97800902,481162.0,2018,3,1
2018-04-02,futures,222877.422421,3892.04246268,732699.0,2018,4,2
2018-04-03,futures,265546.139413,4635.52656739,892235.0,2018,4,2
2018-04-04,futures,330733.479479,5748.1378141000005,1010815.0,2018,4,2
2018-04-05,futures,306055.079978,5298.31557698,961472.0,2018,4,2
2018-04-06,futures,297228.027901,5162.037039180001,979100.0,2018,4,2
2018-04-09,futures,654413.867357,11315.539644299999,2147402.0,2018,4,2
2018-04-10,futures,600486.268818,10252.2095907,2089940.0,2018,4,2
2018-04-11,futures,542329.098926,8695.36585638,1965178.0,2018,4,2
2018-04-12,futures,515516.521933,8047.0746103500005,1951291.0,2018,4,2
2018-04-13,futures,340307.906808,5483.00929831,1231750.0,2018,4,2
2018-04-16,futures,322090.476669,5243.11751977,1254192.0,2018,4,2
2018-04-17,futures,383716.135117,6161.20475016,1416430.0,2018,4,2
2018-04-18,futures,317795.537825,5197.37441942,1145276.0,2018,4,2
2018-04-19,futures,315257.972315,5121.65715438,1166438.0,2018,4,2
2018-04-20,futures,267081.610248,4388.5815122700005,917693.0,2018,4,2
2018-04-23,futures,371369.99632,6056.04489598,1317414.0,2018,4,2
2018-04-24,futures,278262.530135,4505.14494556,970863.0,2018,4,2
2018-04-25,futures,317591.077441,5150.314889,1120135.0,2018,4,2
2018-04-26,futures,342094.699967,5540.0489716,1161231.0,2018,4,2
2018-04-27,futures,275204.889442,4396.0546341,940006.0,2018,4,2
2018-04-28,futures,90216.183558,1438.25819529,267121.0,2018,4,2
2018-04-30,futures,163698.310478,2640.30810597,573438.0,2018,4,2
2018-05-02,futures,256078.727508,4130.322042010001,849045.0,2018,5,2
2018-05-03,futures,290467.794255,4684.98709276,990863.0,2018,5,2
2018-05-04,futures,332505.298919,5237.458635270001,1067532.0,2018,5,2
2018-05-07,futures,250696.19853,3966.6366861700003,742890.0,2018,5,2
2018-05-08,futures,321771.276665,5130.70721209,966602.0,2018,5,2
2018-05-10,futures,392759.58227,6233.62603711,1145180.0,2018,5,2
2018-05-11,futures,260419.645395,4165.18820136,834361.0,2018,5,2
2018-05-14,futures,229341.246783,3714.90663028,755581.0,2018,5,2
2018-05-15,futures,371162.07134,6008.93128752,1089422.0,2018,5,2
2018-05-16,futures,345386.523253,5578.2720451000005,1068656.0,2018,5,2
2018-05-17,futures,274924.892337,4412.685882399999,833832.0,2018,5,2
2018-05-18,futures,291229.546169,4710.81332819,900368.0,2018,5,2
2018-05-21,futures,226834.466836,3662.11716407,714737.0,2018,5,2
2018-05-22,futures,277201.555915,4432.90559843,842356.0,2018,5,2
2018-05-23,futures,320069.232053,5224.68180495,971039.0,2018,5,2
2018-05-24,futures,291657.752691,4735.12655661,864943.0,2018,5,2
2018-05-25,futures,337402.854545,5494.35513597,950475.0,2018,5,2
2018-05-28,futures,209849.586902,3403.00858176,602463.0,2018,5,2
2018-05-29,futures,303582.717887,4875.1861683100005,881528.0,2018,5,2
2018-05-30,futures,345528.43979,5515.9228599,992967.0,2018,5,2
2018-05-31,futures,352934.915691,5638.50540375,980743.0,2018,5,2
2018-06-01,futures,300085.315261,4838.61853601,842471.0,2018,6,2
2018-06-04,futures,233745.54761,3757.6286959699996,711922.0,2018,6,2
2018-06-05,futures,283280.166637,4574.273226390001,811836.0,2018,6,2
2018-06-06,futures,306802.608522,4949.85025575,823771.0,2018,6,2
2018-06-07,futures,270476.276188,4362.07030545,793417.0,2018,6,2
2018-06-08,futures,350993.413984,5678.35654575,1118710.0,2018,6,2
2018-06-09,futures,63067.985323,1006.38260872,212305.0,2018,6,2
2018-06-11,futures,160910.15862,2581.04198572,538582.0,2018,6,2
2018-06-13,futures,275065.563604,4412.12521681,841595.0,2018,6,2
2018-06-14,futures,377577.744342,5982.24462013,1063528.0,2018,6,2
2018-06-15,futures,374358.578478,6013.68615941,1068854.0,2018,6,2
2018-06-18,futures,338333.177185,5397.34605488,1028154.0,2018,6,2
2018-06-19,futures,397543.295931,6262.12192608,1161626.0,2018,6,2
2018-06-20,futures,355824.093866,5553.82449458,1048882.0,2018,6,2
2018-06-21,futures,412623.05271,6485.99917806,1105070.0,2018,6,2
2018-06-22,futures,344511.365053,5400.9397647,925405.0,2018,6,2
2018-06-25,futures,267289.080611,4226.60928613,840035.0,2018,6,2
2018-06-26,futures,297507.668967,4726.11734396,900344.0,2018,6,2
2018-06-27,futures,336041.779077,5351.767760199999,1001363.0,2018,6,2
2018-06-28,futures,307337.802912,4867.8771176499995,908994.0,2018,6,2
2018-06-29,futures,305097.16339,4820.54578676,855289.0,2018,6,2
2018-07-02,futures,278756.138015,4441.86877877,822423.0,2018,7,3
2018-07-03,futures,258604.047167,4095.76345621,761581.0,2018,7,3
2018-07-04,futures,151335.363445,2393.8120805500002,485618.0,2018,7,3
2018-07-05,futures,246973.111233,3906.15216725,712889.0,2018,7,3
2018-07-06,futures,253971.505142,4014.69964057,790771.0,2018,7,3
2018-07-09,futures,197953.078403,3136.05926344,611741.0,2018,7,3
2018-07-10,futures,239470.454918,3811.1725682399997,747954.0,2018,7,3
2018-07-11,futures,325668.651179,5215.35468753,980234.0,2018,7,3
2018-07-12,futures,348933.316271,5619.07495042,1041720.0,2018,7,3
2018-07-13,futures,235396.921103,3784.13921929,747964.0,2018,7,3
2018-07-16,futures,306678.697267,4923.133064930001,926205.0,2018,7,3
2018-07-17,futures,265131.947531,4258.764633719999,828468.0,2018,7,3
2018-07-18,futures,279729.311471,4480.3141732700005,909472.0,2018,7,3
2018-07-19,futures,318074.310181,5056.77704475,993718.0,2018,7,3
2018-07-20,futures,324780.740754,5132.8770273400005,1047577.0,2018,7,3
2018-07-23,futures,237128.129638,3734.9600187399997,759989.0,2018,7,3
2018-07-24,futures,231099.80377,3656.89127219,720915.0,2018,7,3
2018-07-25,futures,311145.527915,4944.82233053,1018169.0,2018,7,3
2018-07-26,futures,251179.067701,3981.6856948699997,802859.0,2018,7,3
2018-07-27,futures,211261.015903,3356.16757409,657444.0,2018,7,3
2018-07-30,futures,211421.074522,3357.35025268,676213.0,2018,7,3
2018-07-31,futures,223761.937899,3564.1948996700003,700108.0,2018,7,3
2018-08-01,futures,259046.150718,4154.72970548,744303.0,2018,8,3
2018-08-02,futures,283376.536434,4529.7485003599995,815067.0,2018,8,3
2018-08-03,futures,237699.594276,3764.89399479,738481.0,2018,8,3
2018-08-06,futures,214606.06202,3382.02506063,691535.0,2018,8,3
2018-08-07,futures,200912.782119,3164.1053918499997,645952.0,2018,8,3
2018-08-08,futures,413103.555957,6501.21660238,1264537.0,2018,8,3
2018-08-09,futures,438010.072097,6887.49228865,1442135.0,2018,8,3
2018-08-10,futures,475212.674675,7169.16909065,1426084.0,2018,8,3
2018-08-13,futures,410720.797437,6138.6361385,1248932.0,2018,8,3
2018-08-14,futures,416351.830186,6102.771632399999,1192191.0,2018,8,3
2018-08-15,futures,424565.967583,6360.2053462799995,1214305.0,2018,8,3
2018-08-16,futures,332565.43986,5010.2360428,993026.0,2018,8,3
2018-08-17,futures,327815.373858,4900.578442319999,967045.0,2018,8,3
2018-08-20,futures,264612.698996,3956.7839887399996,749574.0,2018,8,3
2018-08-21,futures,304920.328037,4538.80843809,860009.0,2018,8,3
2018-08-22,futures,359364.692493,5349.41629206,991346.0,2018,8,3
2018-08-23,futures,583141.702395,8624.277021889999,1736446.0,2018,8,3
2018-08-24,futures,337683.975331,4927.829847270001,1094617.0,2018,8,3
2018-08-27,futures,257753.573855,3802.17423607,768122.0,2018,8,3
2018-08-28,futures,273842.212929,4063.16389667,792963.0,2018,8,3
2018-08-29,futures,292838.661328,4345.36105403,813401.0,2018,8,3
2018-08-30,futures,321993.870139,4725.12139742,945956.0,2018,8,3
2018-08-31,futures,332672.091771,4886.33711021,960253.0,2018,8,3
2018-09-03,futures,229569.986937,3373.81143479,696124.0,2018,9,3
2018-09-04,futures,295323.285341,4359.382048979999,838552.0,2018,9,3
2018-09-05,futures,307396.792257,4502.41882682,872982.0,2018,9,3
2018-09-06,futures,371906.200264,5432.237657,1087065.0,2018,9,3
2018-09-07,futures,404804.421316,5931.15686062,1149027.0,2018,9,3
2018-09-10,futures,380088.494137,5506.24660122,1086661.0,2018,9,3
2018-09-11,futures,397100.473528,5683.54084499,1112720.0,2018,9,3
2018-09-12,futures,402970.037425,5758.820903430001,1174666.0,2018,9,3
2018-09-13,futures,488639.362105,7023.4252768999995,1511344.0,2018,9,3
2018-09-14,futures,406320.466512,5919.84595061,1216977.0,2018,9,3
2018-09-17,futures,282313.908169,4134.49265507,834441.0,2018,9,3
2018-09-18,futures,382229.615258,5604.88498204,1018143.0,2018,9,3
2018-09-19,futures,365905.733885,5400.67118243,1005496.0,2018,9,3
2018-09-20,futures,438225.337855,6539.720128319999,1231672.0,2018,9,3
2018-09-21,futures,345595.960354,5199.08173085,989353.0,2018,9,3
2018-09-24,futures,293804.790937,4434.80937932,843963.0,2018,9,3
2018-09-25,futures,304612.388881,4604.21933816,899091.0,2018,9,3
2018-09-26,futures,272526.803151,4140.2094535,792693.0,2018,9,3
2018-09-27,futures,328793.186873,5000.01044539,951532.0,2018,9,3
2018-09-28,futures,315956.136692,4799.17577435,947479.0,2018,9,3
2018-10-01,futures,268696.914384,4096.57655798,788729.0,2018,10,4
2018-10-02,futures,326834.03499,4984.16358478,962387.0,2018,10,4
2018-10-03,futures,311794.262759,4780.50021019,950057.0,2018,10,4
2018-10-04,futures,393833.089171,6019.66680888,1145954.0,2018,10,4
2018-10-05,futures,394420.534575,5956.97929476,1206741.0,2018,10,4
2018-10-08,futures,303711.205333,4558.3803162799995,937682.0,2018,10,4
2018-10-09,futures,317248.476804,4737.27912084,1005823.0,2018,10,4
2018-10-10,futures,361783.209967,5448.27975108,1139667.0,2018,10,4
2018-10-11,futures,461452.150718,6972.34571187,1388366.0,2018,10,4
2018-10-12,futures,337762.092157,5058.38601939,1069575.0,2018,10,4
2018-10-15,futures,342884.119936,5197.17469069,1095655.0,2018,10,4
2018-10-16,futures,274902.209097,4180.97132046,923111.0,2018,10,4
2018-10-17,futures,317215.285294,4840.72737571,1035971.0,2018,10,4
2018-10-18,futures,311421.878257,4761.613120229999,1012466.0,2018,10,4
2018-10-19,futures,325716.695039,4955.8408832,1098061.0,2018,10,4
2018-10-22,futures,295091.587968,4483.72060607,1058703.0,2018,10,4
2018-10-23,futures,319537.704343,4892.89281072,1100319.0,2018,10,4
2018-10-24,futures,477356.982607,7309.0836273,1587754.0,2018,10,4
2018-10-25,futures,376481.691414,5736.43554864,1282547.0,2018,10,4
2018-10-26,futures,332830.108523,5062.23966385,1120837.0,2018,10,4
2018-10-29,futures,299304.239125,4560.16636258,979508.0,2018,10,4
2018-10-30,futures,325660.365122,4948.27556789,1067088.0,2018,10,4
2018-10-31,futures,317379.868651,4825.294243810001,986397.0,2018,10,4
2018-11-01,futures,329607.240943,5024.79169438,1078280.0,2018,11,4
2018-11-02,futures,346848.560392,5283.16190429,1065440.0,2018,11,4
2018-11-06,futures,234440.333117,3574.88091804,829503.0,2018,11,4
2018-11-07,futures,311117.537821,4714.53069229,1085919.0,2018,11,4
2018-11-08,futures,302460.660509,4576.37196307,987886.0,2018,11,4
2018-11-09,futures,395021.129152,5965.6897426099995,1225295.0,2018,11,4
2018-11-12,futures,341543.195516,5109.12084147,1049578.0,2018,11,4
2018-11-13,futures,365707.15249,5415.97410824,1137804.0,2018,11,4
2018-11-14,futures,542456.791905,8014.881413229999,1601695.0,2018,11,4
2018-11-15,futures,399062.36104,5868.7798969099995,1238211.0,2018,11,4
2018-11-16,futures,355997.701085,5344.03499893,1120472.0,2018,11,4
2018-11-19,futures,303721.795798,4602.3265432,990686.0,2018,11,4
2018-11-20,futures,383397.687603,5808.34303067,1204818.0,2018,11,4
2018-11-21,futures,353669.720837,5392.36710934,1130358.0,2018,11,4
2018-11-22,futures,267650.647465,4058.47968437,847767.0,2018,11,4
2018-11-23,futures,339647.049503,5177.01773604,1062033.0,2018,11,4
2018-11-26,futures,425768.315968,6483.80779163,1411396.0,2018,11,4
2018-11-27,futures,363503.131651,5465.620739569999,1202778.0,2018,11,4
2018-11-28,futures,386658.341869,5790.03207351,1268369.0,2018,11,4
2018-11-29,futures,494170.994291,7381.900499689999,1550760.0,2018,11,4
2018-11-30,futures,375487.817796,5635.0615419099995,1201683.0,2018,11,4
2018-12-03,futures,375902.874853,5649.82865553,1138526.0,2018,12,4
2018-12-04,futures,324760.891447,4898.93805517,969431.0,2018,12,4
2018-12-05,futures,312464.69905,4702.48633943,960311.0,2018,12,4
2018-12-06,futures,497975.162685,7452.01832098,1403460.0,2018,12,4
2018-12-07,futures,536397.310408,8037.39581088,1580995.0,2018,12,4
2018-12-10,futures,359721.823589,5375.18395984,1138454.0,2018,12,4
2018-12-11,futures,309534.988833,4672.818724680001,969129.0,2018,12,4
2018-12-12,futures,327564.23726,4925.615051229999,1048868.0,2018,12,4
2018-12-13,futures,326631.278085,4917.47943972,1076324.0,2018,12,4
2018-12-14,futures,373303.199737,5634.34004584,1115771.0,2018,12,4
2018-12-17,futures,294411.267112,4431.65542657,959997.0,2018,12,4
2018-12-18,futures,380869.434421,5716.97479497,1180511.0,2018,12,4
2018-12-19,futures,497199.312045,7449.192184699999,1371647.0,2018,12,4
2018-12-20,futures,634016.306507,9447.123641,1826221.0,2018,12,4
2018-12-21,futures,476248.953868,7069.0497969200005,1390983.0,2018,12,4
2018-12-24,futures,351990.387256,5175.682264069999,1026918.0,2018,12,4
2018-12-25,futures,223441.905712,3266.34592671,852586.0,2018,12,4
2018-12-26,futures,267011.670861,3884.09990081,844247.0,2018,12,4
2018-12-27,futures,446434.67209,6480.72803946,1305532.0,2018,12,4
2018-12-28,futures,305508.49468,4435.617741399999,954514.0,2018,12,4
2018-12-29,futures,96466.59595,1387.57333599,321271.0,2018,12,4
2019-01-03,futures,205544.687843,2958.7291292,664391.0,2019,1,1
2019-01-04,futures,242718.155557,3493.82552557,737487.0,2019,1,1
2019-01-07,futures,,,,2019,1,1
2019-01-08,futures,254639.681264,3665.43086232,783549.0,2019,1,1
2019-01-09,futures,244987.565851,3526.49273003,784681.0,2019,1,1
2019-01-10,futures,302656.526049,4511.907901060001,949346.0,2019,1,1
2019-01-11,futures,299485.893303,4479.26493674,941919.0,2019,1,1
2019-01-14,futures,266598.518158,3984.03564668,794910.0,2019,1,1
2019-01-15,futures,261834.575374,3896.81175399,878211.0,2019,1,1
2019-01-16,futures,284443.154744,4240.230684,855454.0,2019,1,1
2019-01-17,futures,287844.901121,4311.52743446,883894.0,2019,1,1
2019-01-18,futures,306109.036975,4607.03687891,938766.0,2019,1,1
2019-01-21,futures,190099.082532,2865.92044631,646862.0,2019,1,1
2019-01-22,futures,244236.665977,3680.29163631,763710.0,2019,1,1
2019-01-23,futures,266852.456714,4009.81003298,831809.0,2019,1,1
2019-01-24,futures,314822.777655,4746.18173568,1018303.0,2019,1,1
2019-01-25,futures,291508.000353,4416.68081309,925968.0,2019,1,1
2019-01-28,futures,255192.955189,3871.42854179,801707.0,2019,1,1
2019-01-29,futures,383624.231998,5818.65966932,992989.0,2019,1,1
2019-01-30,futures,252232.562041,3802.0500389,786973.0,2019,1,1
2019-01-31,futures,349336.063016,5285.06707418,1046603.0,2019,1,1
2019-02-01,futures,289356.324556,4427.272143239999,910924.0,2019,2,1
2019-02-04,futures,250544.040945,3815.77306378,773849.0,2019,2,1
2019-02-05,futures,266929.546151,4069.92274484,807459.0,2019,2,1
2019-02-06,futures,245850.428304,3749.48608878,758381.0,2019,2,1
2019-02-07,futures,265216.059506,4038.70433519,849761.0,2019,2,1
2019-02-08,futures,287346.537999,4352.42310272,897509.0,2019,2,1
2019-02-11,futures,269205.136709,4074.98829461,816079.0,2019,2,1
2019-02-12,futures,262823.282964,4003.29744643,782458.0,2019,2,1
2019-02-13,futures,330873.918376,5035.0061459,1030670.0,2019,2,1
2019-02-14,futures,478772.790315,7289.66477992,1412036.0,2019,2,1
2019-02-15,futures,303866.957776,4566.48204055,943991.0,2019,2,1
2019-02-18,futures,243734.166552,3653.94436577,786966.0,2019,2,1
2019-02-19,futures,224134.281012,3383.3121652600003,768511.0,2019,2,1
2019-02-20,futures,247388.45474,3736.86153542,860445.0,2019,2,1
2019-02-21,futures,246323.859998,3740.29500367,860404.0,2019,2,1
2019-02-22,futures,225292.0615,3437.46899227,741332.0,2019,2,1
2019-02-25,futures,266795.022934,4072.280091,864183.0,2019,2,1
2019-02-26,futures,291324.161211,4464.177087489999,887803.0,2019,2,1
2019-02-27,futures,355442.749923,5416.83176197,929032.0,2019,2,1
2019-02-28,futures,315542.908295,4798.620805310001,888313.0,2019,2,1
2019-03-01,futures,292098.676703,4433.15970986,894356.0,2019,3,1
2019-03-04,futures,265750.172332,4037.8666149899996,847866.0,2019,3,1
2019-03-05,futures,264462.912612,4019.4619794,912755.0,2019,3,1
2019-03-06,futures,256842.449605,3903.3569644699996,879213.0,2019,3,1
2019-03-07,futures,291311.640683,4424.3372975600005,866962.0,2019,3,1
2019-03-08,futures,,,,2019,3,1
2019-03-11,futures,251578.552815,3813.84186086,756411.0,2019,3,1
2019-03-12,futures,260352.043635,3940.17285524,776039.0,2019,3,1
2019-03-13,futures,241457.235656,3671.3818039899998,721702.0,2019,3,1
2019-03-14,futures,281031.393338,4284.73361902,857980.0,2019,3,1
2019-03-15,futures,260261.614543,3979.40761142,797021.0,2019,3,1
2019-03-18,futures,334579.030913,5114.31549192,955823.0,2019,3,1
2019-03-19,futures,283209.106727,4379.3371629700005,822472.0,2019,3,1
2019-03-20,futures,343043.165739,5333.65620032,980947.0,2019,3,1
2019-03-21,futures,400987.562888,6238.10969905,1095829.0,2019,3,1
2019-03-22,futures,387508.23312,6079.3234150200005,1087510.0,2019,3,1
2019-03-25,futures,324541.149942,5089.20503904,1000090.0,2019,3,1
2019-03-26,futures,326500.256951,5062.0744248500005,927739.0,2019,3,1
2019-03-27,futures,347886.483882,5421.469539979999,995625.0,2019,3,1
2019-03-28,futures,392167.476431,6071.40885445,966017.0,2019,3,1
2019-03-29,futures,431325.573702,6656.13559166,1153116.0,2019,3,1
2019-04-01,futures,320920.866502,4957.47823813,926507.0,2019,4,2
2019-04-02,futures,287170.917916,4389.81127275,831915.0,2019,4,2
2019-04-03,futures,315936.349683,4825.47431571,947122.0,2019,4,2
2019-04-04,futures,288506.295713,4427.39454994,846219.0,2019,4,2
2019-04-05,futures,270191.808832,4135.92020634,794329.0,2019,4,2
2019-04-08,futures,263614.797939,4030.36359818,761859.0,2019,4,2
2019-04-09,futures,270548.615786,4140.00679093,846470.0,2019,4,2
2019-04-10,futures,263032.380074,4060.60799847,857166.0,2019,4,2
2019-04-11,futures,298757.647957,4614.92289541,925611.0,2019,4,2
2019-04-12,futures,279162.361231,4334.87985439,903175.0,2019,4,2
2019-04-15,futures,222341.340823,3446.2389168600002,728397.0,2019,4,2
2019-04-16,futures,258957.133937,4030.65570381,835540.0,2019,4,2
2019-04-17,futures,258734.501818,4027.48507707,785875.0,2019,4,2
2019-04-18,futures,256687.593259,4014.19334208,757441.0,2019,4,2
2019-04-19,futures,83817.816935,1308.2470240599998,275584.0,2019,4,2
2019-04-22,futures,184818.506066,2889.58611865,549745.0,2019,4,2
2019-04-23,futures,233985.404334,3668.28777998,718462.0,2019,4,2
2019-04-24,futures,268754.286355,4213.0703638899995,782732.0,2019,4,2
2019-04-25,futures,315395.057636,4929.60368172,949467.0,2019,4,2
2019-04-26,futures,381557.62832,5899.21409784,1009886.0,2019,4,2
2019-04-29,futures,273941.022012,4233.6720796,781319.0,2019,4,2
2019-04-30,futures,273636.485609,4229.85461209,786436.0,2019,4,2
2019-05-02,futures,300158.241289,4644.15502819,822822.0,2019,5,2
2019-05-03,futures,245734.668983,3802.0941675900003,734521.0,2019,5,2
2019-05-06,futures,268903.867992,4160.57625229,763025.0,2019,5,2
2019-05-07,futures,286650.676074,4387.3984246400005,761325.0,2019,5,2
2019-05-08,futures,345677.968646,5300.45983148,895908.0,2019,5,2
2019-05-10,futures,245835.978021,3768.83148094,691609.0,2019,5,2
2019-05-13,futures,340197.184411,5215.45246818,866363.0,2019,5,2
2019-05-14,futures,388010.592738,5926.513132489999,1111262.0,2019,5,2
2019-05-15,futures,319167.439143,4887.70214966,1013142.0,2019,5,2
2019-05-16,futures,262496.7568,4047.82127068,817971.0,2019,5,2
2019-05-17,futures,252481.557752,3910.81691319,732700.0,2019,5,2
2019-05-20,futures,226716.899483,3507.7739206799997,681456.0,2019,5,2
2019-05-21,futures,249159.186987,3863.60402096,833831.0,2019,5,2
2019-05-22,futures,252554.057856,3913.3098097800003,786052.0,2019,5,2
2019-05-23,futures,384941.112808,5975.898894180001,1062782.0,2019,5,2
2019-05-24,futures,312390.002487,4843.90921701,925226.0,2019,5,2
2019-05-27,futures,178922.527291,2769.2441687699998,593982.0,2019,5,2
2019-05-28,futures,268823.097184,4170.15334521,828651.0,2019,5,2
2019-05-29,futures,341056.255172,5284.46584833,1005128.0,2019,5,2
2019-05-30,futures,340319.389458,5243.07161258,970583.0,2019,5,2
2019-05-31,futures,368771.678187,5668.32638091,1063098.0,2019,5,2
2019-06-03,futures,449132.505408,6869.21306338,1423343.0,2019,6,2
2019-06-04,futures,384276.239606,5861.91744613,1222955.0,2019,6,2
2019-06-05,futures,341160.832399,5235.62772437,1013727.0,2019,6,2
2019-06-06,futures,330045.625888,5067.93356532,981189.0,2019,6,2
2019-06-07,futures,313971.887098,4813.009888979999,895862.0,2019,6,2
2019-06-10,futures,245230.436179,3770.4846466999998,763790.0,2019,6,2
2019-06-11,futures,270400.013664,4173.36138721,853011.0,2019,6,2
2019-06-13,futures,273018.919654,4231.81483689,894642.0,2019,6,2
2019-06-14,futures,296419.655484,4586.31029939,970017.0,2019,6,2
2019-06-17,futures,264457.946783,4104.41215756,832549.0,2019,6,2
2019-06-18,futures,366507.840996,5698.30921639,1036794.0,2019,6,2
2019-06-19,futures,333314.658432,5180.90654,915122.0,2019,6,2
2019-06-20,futures,444890.666746,6953.65487557,1184004.0,2019,6,2
2019-06-21,futures,332018.548282,5237.901805590001,971659.0,2019,6,2
2019-06-24,futures,224113.068097,3550.05295618,731919.0,2019,6,2
2019-06-25,futures,243915.365128,3877.24215147,795942.0,2019,6,2
2019-06-26,futures,297138.888251,4752.4809030100005,886560.0,2019,6,2
2019-06-27,futures,243044.743529,3869.62779647,784723.0,2019,6,2
2019-06-28,futures,251565.673661,3990.2430900500003,728350.0,2019,6,2
2019-07-01,futures,334693.36883,5306.22568521,938541.0,2019,7,3
2019-07-02,futures,297428.857197,4715.43445004,829573.0,2019,7,3
2019-07-03,futures,284323.566376,4496.9050378599995,826492.0,2019,7,3
2019-07-04,futures,187051.406032,2945.91875644,605731.0,2019,7,3
2019-07-05,futures,262199.70543,4135.557242989999,764811.0,2019,7,3
2019-07-08,futures,236069.545792,3712.71348957,716665.0,2019,7,3
2019-07-09,futures,212494.406673,3326.9882475599998,642404.0,2019,7,3
2019-07-10,futures,308306.038705,4827.09443267,838951.0,2019,7,3
2019-07-11,futures,246976.152444,3871.17238011,725557.0,2019,7,3
2019-07-12,futures,229831.293522,3648.44007598,704176.0,2019,7,3
2019-07-15,futures,218406.720487,3465.6511302199997,676353.0,2019,7,3
2019-07-16,futures,248653.062244,3957.67909601,720583.0,2019,7,3
2019-07-17,futures,334789.256907,5329.94427748,895878.0,2019,7,3
2019-07-18,futures,322834.16661,5128.82125233,893686.0,2019,7,3
2019-07-19,futures,300720.213385,4786.358654899999,774319.0,2019,7,3
2019-07-22,futures,279592.083362,4447.38674212,802129.0,2019,7,3
2019-07-23,futures,246666.690817,3916.73691625,727778.0,2019,7,3
2019-07-24,futures,276264.288949,4376.186680430001,765575.0,2019,7,3
2019-07-25,futures,370867.686695,5875.95081287,1038204.0,2019,7,3
2019-07-26,futures,287496.873878,4552.083909319999,852423.0,2019,7,3
2019-07-29,futures,206502.194947,3271.2130756399997,610530.0,2019,7,3
2019-07-30,futures,253945.971313,3997.8270385100004,711870.0,2019,7,3
2019-07-31,futures,240218.26819,3790.1811194899997,672717.0,2019,7,3
2019-08-01,futures,413952.638305,6527.450570270001,1137143.0,2019,8,3
2019-08-02,futures,599018.031173,9383.99647794,1585777.0,2019,8,3
2019-08-05,futures,356383.586637,5513.16377414,1065237.0,2019,8,3
2019-08-06,futures,345331.464346,5308.332759649999,986028.0,2019,8,3
2019-08-07,futures,462496.98524,7093.185669979999,1277791.0,2019,8,3
2019-08-08,futures,338096.349962,5194.0348601999995,967821.0,2019,8,3
2019-08-09,futures,330004.503685,5066.86642671,908929.0,2019,8,3
2019-08-12,futures,298625.320261,4576.3316786899995,846921.0,2019,8,3
2019-08-13,futures,504691.989362,7713.61786742,1307498.0,2019,8,3
2019-08-14,futures,481599.643961,7360.6787841000005,1324093.0,2019,8,3
2019-08-15,futures,534772.749913,8201.63350745,1463957.0,2019,8,3
2019-08-16,futures,335655.132495,5147.83219988,956436.0,2019,8,3
2019-08-19,futures,355429.378939,5451.10330381,967185.0,2019,8,3
2019-08-20,futures,328717.271358,5041.428509,968321.0,2019,8,3
2019-08-21,futures,331010.231883,4956.430161159999,897860.0,2019,8,3
2019-08-22,futures,336256.025126,5074.56687934,935826.0,2019,8,3
2019-08-23,futures,455684.261409,6876.90357227,1185699.0,2019,8,3
2019-08-26,futures,377381.190184,5752.3586788699995,1034781.0,2019,8,3
2019-08-27,futures,315518.947187,4782.510359270001,883814.0,2019,8,3
2019-08-28,futures,376960.296623,5689.039320729999,998640.0,2019,8,3
2019-08-29,futures,314655.981852,4737.88871484,857400.0,2019,8,3
2019-08-30,futures,372113.005926,5574.9688889300005,946227.0,2019,8,3
2019-09-02,futures,256436.999806,3856.7928537199996,706598.0,2019,9,3
2019-09-03,futures,317220.6029,4761.39204485,884124.0,2019,9,3
2019-09-04,futures,373938.663915,5588.915152850001,1006091.0,2019,9,3
2019-09-05,futures,336579.902069,5061.33668875,958443.0,2019,9,3
2019-09-06,futures,378682.227476,5733.023088739999,1020021.0,2019,9,3
2019-09-09,futures,290169.322552,4396.63145684,803389.0,2019,9,3
2019-09-10,futures,329501.037643,5025.19509962,877069.0,2019,9,3
2019-09-11,futures,357643.278295,5465.26748139,950994.0,2019,9,3
2019-09-12,futures,537684.153913,8217.436914189999,1305539.0,2019,9,3
2019-09-13,futures,303420.891396,4654.34426271,818685.0,2019,9,3
2019-09-16,futures,478858.791639,7427.49529074,1087153.0,2019,9,3
2019-09-17,futures,629732.931446,9866.2158366,1424823.0,2019,9,3
2019-09-18,futures,471140.698104,7347.64732006,1174438.0,2019,9,3
2019-09-19,futures,516198.089816,8011.8904502,1226879.0,2019,9,3
2019-09-20,futures,258284.187441,4021.87152956,746681.0,2019,9,3
2019-09-23,futures,338710.921828,5304.89926699,850844.0,2019,9,3
2019-09-24,futures,321803.05055,5032.47385734,820137.0,2019,9,3
2019-09-25,futures,412322.908556,6472.2774708199995,1021906.0,2019,9,3
2019-09-26,futures,317814.167082,4951.35590813,862137.0,2019,9,3
2019-09-27,futures,339423.210955,5279.66319102,896719.0,2019,9,3
2019-09-30,futures,315366.559753,4895.81032782,884859.0,2019,9,3
2019-10-01,futures,314576.285709,4866.535877689999,859346.0,2019,10,4
2019-10-02,futures,393418.101642,6046.35378367,1053462.0,2019,10,4
2019-10-03,futures,395550.942834,6044.49185946,1071551.0,2019,10,4
2019-10-04,futures,351005.727285,5389.21019857,992904.0,2019,10,4
2019-10-07,futures,282429.21686,4343.06038536,846913.0,2019,10,4
2019-10-08,futures,339814.883055,5241.96167049,901608.0,2019,10,4
2019-10-09,futures,332503.888855,5125.91708683,906565.0,2019,10,4
2019-10-10,futures,316828.654435,4866.97903509,864303.0,2019,10,4
2019-10-11,futures,335319.073902,5179.34487103,890268.0,2019,10,4
2019-10-14,futures,290790.972331,4527.78292641,821306.0,2019,10,4
2019-10-15,futures,324989.768589,5049.1534026,873941.0,2019,10,4
2019-10-16,futures,294752.872185,4587.25063629,857296.0,2019,10,4
2019-10-17,futures,285843.235276,4442.31896987,783183.0,2019,10,4
2019-10-18,futures,246022.980228,3843.24433609,720194.0,2019,10,4
2019-10-21,futures,260925.216903,4079.8761755,764300.0,2019,10,4
2019-10-22,futures,250485.692505,3928.5341183299997,744594.0,2019,10,4
2019-10-23,futures,294404.25471,4626.55349862,853271.0,2019,10,4
2019-10-24,futures,334913.933815,5249.45938327,894340.0,2019,10,4
2019-10-25,futures,326244.818615,5108.7506829799995,900020.0,2019,10,4
2019-10-28,futures,292977.016836,4578.009094800001,860233.0,2019,10,4
2019-10-29,futures,303842.156574,4757.19675237,842302.0,2019,10,4
2019-10-30,futures,319326.096682,5002.60209115,868857.0,2019,10,4
2019-10-31,futures,415706.738059,6508.29199728,1143103.0,2019,10,4
2019-11-01,futures,342819.140814,5375.46398913,984086.0,2019,11,4
2019-11-05,futures,283169.868524,4422.345662520001,868962.0,2019,11,4
2019-11-06,futures,257176.29206,4066.1569071,797337.0,2019,11,4
2019-11-07,futures,322809.768075,5076.583130069999,950660.0,2019,11,4
2019-11-08,futures,329596.146741,5171.77437778,974624.0,2019,11,4
2019-11-11,futures,251460.84978,3945.7527484099996,771983.0,2019,11,4
2019-11-12,futures,291186.726943,4556.05005849,864759.0,2019,11,4
2019-11-13,futures,326114.638357,5107.27198968,977092.0,2019,11,4
2019-11-14,futures,308413.947004,4803.88821658,937423.0,2019,11,4
2019-11-15,futures,278329.471265,4334.668085939999,834481.0,2019,11,4
2019-11-18,futures,261931.687067,4099.85094356,772794.0,2019,11,4
2019-11-19,futures,291387.339165,4570.4806768,821874.0,2019,11,4
2019-11-20,futures,352743.840108,5531.24112254,998958.0,2019,11,4
2019-11-21,futures,343789.847532,5369.9291881300005,979101.0,2019,11,4
2019-11-22,futures,286149.982494,4482.088600069999,830123.0,2019,11,4
2019-11-25,futures,270540.383752,4246.42849018,756797.0,2019,11,4
2019-11-26,futures,254870.919787,3997.11622423,756800.0,2019,11,4
2019-11-27,futures,246578.581837,3851.3521019,679818.0,2019,11,4
2019-11-28,futures,251959.492034,3938.5778828,642130.0,2019,11,4
2019-11-29,futures,272329.414743,4248.47567091,733971.0,2019,11,4
2019-12-02,futures,300864.079047,4695.00776426,838214.0,2019,12,4
2019-12-03,futures,322174.20833,5001.951698729999,900078.0,2019,12,4
2019-12-04,futures,345465.11123,5386.10184939,929426.0,2019,12,4
2019-12-05,futures,286795.849548,4467.58693146,833740.0,2019,12,4
2019-12-06,futures,289831.780081,4541.8568184,794505.0,2019,12,4
2019-12-09,futures,217727.530804,3417.02222752,635271.0,2019,12,4
2019-12-10,futures,260781.556995,4092.33444324,746841.0,2019,12,4
2019-12-11,futures,229719.371504,3613.14418492,650390.0,2019,12,4
2019-12-12,futures,401650.195952,6318.702121310001,1072729.0,2019,12,4
2019-12-13,futures,451731.048589,7144.737797899999,1138757.0,2019,12,4
2019-12-16,futures,198178.758793,3168.10262416,582505.0,2019,12,4
2019-12-17,futures,272991.491869,4349.1728646,762329.0,2019,12,4
2019-12-18,futures,332895.38517,5323.54939935,938735.0,2019,12,4
2019-12-19,futures,366427.695324,5855.05823975,934776.0,2019,12,4
2019-12-20,futures,248059.306883,3967.15258344,706405.0,2019,12,4
2019-12-23,futures,233895.955873,3747.90618172,676032.0,2019,12,4
2019-12-24,futures,227484.448156,3654.37451556,622649.0,2019,12,4
2019-12-25,futures,124383.001819,2000.77857361,413786.0,2019,12,4
2019-12-26,futures,193992.52152,3143.28965267,548926.0,2019,12,4
2019-12-27,futures,247276.900338,4003.3431821500003,603147.0,2019,12,4
2019-12-30,futures,217003.202912,3498.27431083,585319.0,2019,12,4
2019-12-31,futures,,,,2019,12,4
2020-01-03,futures,220513.803223,3562.09207267,598658.0,2020,1,1
2020-01-06,futures,224746.215884,3630.46077961,665014.0,2020,1,1
2020-01-08,futures,283330.635499,4576.81014025,809652.0,2020,1,1
2020-01-09,futures,386644.811118,6245.70614851,991080.0,2020,1,1
2020-01-10,futures,308524.684384,5038.453871770001,789790.0,2020,1,1
2020-01-13,futures,285280.534493,4656.63782651,821869.0,2020,1,1
2020-01-14,futures,304425.605287,4994.890762970001,902470.0,2020,1,1
2020-01-15,futures,403591.909292,6571.65970775,1185149.0,2020,1,1
2020-01-16,futures,311676.975115,5073.46197984,898037.0,2020,1,1
2020-01-17,futures,299988.694912,4872.36670996,872488.0,2020,1,1
2020-01-20,futures,240021.183149,3900.67139498,723358.0,2020,1,1
2020-01-21,futures,316785.212222,5153.87864102,905579.0,2020,1,1
2020-01-22,futures,319418.524075,5163.972052069999,926095.0,2020,1,1
2020-01-23,futures,345064.601812,5580.4723561499995,1010197.0,2020,1,1
2020-01-24,futures,364743.89528,5887.57165331,1054029.0,2020,1,1
2020-01-27,futures,507294.884347,8208.24334616,1410586.0,2020,1,1
2020-01-28,futures,487251.859729,7816.28957825,1396439.0,2020,1,1
2020-01-29,futures,398077.315627,6335.7941939600005,1169816.0,2020,1,1
2020-01-30,futures,451446.585303,7235.4862101300005,1263181.0,2020,1,1
2020-01-31,futures,525569.088882,8337.61537286,1509733.0,2020,1,1
2020-02-03,futures,567701.411318,8991.36677808,1587456.0,2020,2,1
2020-02-04,futures,494155.658591,7732.164255029999,1409825.0,2020,2,1
2020-02-05,futures,578596.263769,9121.20376341,1581996.0,2020,2,1
2020-02-06,futures,488824.023505,7737.7160851300005,1358569.0,2020,2,1
2020-02-07,futures,520903.586607,8294.946894659999,1460940.0,2020,2,1
2020-02-10,futures,426665.25168,6722.10189816,1272853.0,2020,2,1
2020-02-11,futures,484273.393941,7593.96767707,1359741.0,2020,2,1
2020-02-12,futures,408457.140859,6387.232651939999,1159836.0,2020,2,1
2020-02-13,futures,460064.12894,7297.16130728,1235185.0,2020,2,1
2020-02-14,futures,370995.740203,5833.11961025,1065609.0,2020,2,1
2020-02-17,futures,256423.852209,4041.12378508,761017.0,2020,2,1
2020-02-18,futures,385100.673282,6082.92209233,1098100.0,2020,2,1
2020-02-19,futures,383013.30427,6006.18638086,1068554.0,2020,2,1
2020-02-20,futures,392721.130954,6166.39629807,1067440.0,2020,2,1
2020-02-21,futures,501477.282289,7867.38397693,1315539.0,2020,2,1
2020-02-24,futures,,,,2020,2,1
2020-02-25,futures,601317.794931,9351.63784791,1517937.0,2020,2,1
2020-02-26,futures,696412.388998,10727.024705299998,1882095.0,2020,2,1
2020-02-27,futures,738759.888919,11275.729900799999,1978318.0,2020,2,1
2020-02-28,futures,999735.012777,15237.6098775,2874118.0,2020,2,1
2020-03-02,futures,866015.059071,12927.353701299999,2689663.0,2020,3,1
2020-03-03,futures,825913.694174,12452.0740173,2363059.0,2020,3,1
2020-03-04,futures,739823.109152,11134.586261,2134570.0,2020,3,1
2020-03-05,futures,629598.314049,9528.050225930001,1833898.0,2020,3,1
2020-03-06,futures,969642.508315,14650.3988541,2826142.0,2020,3,1
2020-03-09,futures,,,,2020,3,1
2020-03-10,futures,880722.238567,13044.3549978,2914635.0,2020,3,1
2020-03-11,futures,646645.59537,8978.59500825,2402696.0,2020,3,1
2020-03-12,futures,856877.650368,11988.9977945,2991125.0,2020,3,1
2020-03-13,futures,881452.076136,11907.105695100001,3332793.0,2020,3,1
2020-03-16,futures,795322.620059,10866.8148699,2939298.0,2020,3,1
2020-03-17,futures,736698.435265,9938.43519923,2741207.0,2020,3,1
2020-03-18,futures,858083.823725,11613.0527669,2832294.0,2020,3,1
2020-03-19,futures,831091.003375,10763.6010389,2879547.0,2020,3,1
2020-03-20,futures,744813.417592,9291.93230276,2791467.0,2020,3,1
2020-03-23,futures,619137.999365,7933.1610298900005,2401479.0,2020,3,1
2020-03-24,futures,523206.681319,6468.805367350001,1938311.0,2020,3,1
2020-03-25,futures,637704.768756,8087.64020424,2432206.0,2020,3,1
2020-03-26,futures,544976.162034,7005.48330995,2153870.0,2020,3,1
2020-03-27,futures,463733.436808,5890.75061079,1810942.0,2020,3,1
2020-03-30,futures,451675.836316,5810.64337717,1860446.0,2020,3,1
2020-03-31,futures,491383.570999,6321.46876788,1870802.0,2020,3,1
2020-04-01,futures,442519.669444,5692.85266065,1697682.0,2020,4,2
2020-04-02,futures,632710.679831,8139.59000201,2393061.0,2020,4,2
2020-04-03,futures,706201.083298,9085.01699158,2462432.0,2020,4,2
2020-04-06,futures,423061.130394,5442.52571825,1588981.0,2020,4,2
2020-04-07,futures,421520.738905,5516.752813270001,1564742.0,2020,4,2
2020-04-08,futures,376924.901605,4995.3601696999995,1491016.0,2020,4,2
2020-04-09,futures,647594.208412,8549.10974684,2437465.0,2020,4,2
2020-04-10,futures,301621.125184,4042.90764941,1229095.0,2020,4,2
2020-04-13,futures,269746.03487,3657.49896436,1165944.0,2020,4,2
2020-04-14,futures,335924.562294,4568.87924833,1386380.0,2020,4,2
2020-04-15,futures,455577.758544,6213.97747451,1686097.0,2020,4,2
2020-04-16,futures,507782.175009,6888.49785333,1952530.0,2020,4,2
2020-04-17,futures,431698.800965,5778.17992803,1675115.0,2020,4,2
2020-04-20,futures,374792.874148,5068.59741545,1477546.0,2020,4,2
2020-04-21,futures,751190.103066,10060.7119878,2842410.0,2020,4,2
2020-04-22,futures,646033.561304,8471.88243453,2692900.0,2020,4,2
2020-04-23,futures,427664.68368,5551.0877718,1708170.0,2020,4,2
2020-04-24,futures,412580.181167,5491.62348982,1663478.0,2020,4,2
2020-04-27,futures,314436.861355,4208.41049885,1292225.0,2020,4,2
2020-04-28,futures,394032.843135,5289.31544157,1614888.0,2020,4,2
2020-04-29,futures,308115.026314,4131.85660722,1325425.0,2020,4,2
2020-04-30,futures,422416.98336,5732.39819241,1635690.0,2020,4,2
2020-05-04,futures,367982.695779,5059.829742180001,1414900.0,2020,5,2
2020-05-05,futures,327722.180892,4506.240258229999,1256260.0,2020,5,2
2020-05-06,futures,416614.112694,5728.52066851,1486479.0,2020,5,2
2020-05-07,futures,372913.986351,5041.29252258,1359502.0,2020,5,2
2020-05-08,futures,313237.472937,4226.262471,1162813.0,2020,5,2
2020-05-12,futures,281287.86459,3807.74800623,1067449.0,2020,5,2
2020-05-13,futures,379754.13513,5171.4651957,1339520.0,2020,5,2
2020-05-14,futures,455206.101274,6186.38688691,1555091.0,2020,5,2
2020-05-15,futures,415725.071006,5623.240844770001,1428853.0,2020,5,2
2020-05-18,futures,377348.132556,5154.63478963,1320619.0,2020,5,2
2020-05-19,futures,381925.233942,5233.30063856,1369646.0,2020,5,2
2020-05-20,futures,444231.20784,6136.485179810001,1438188.0,2020,5,2
2020-05-21,futures,450984.217125,6234.394007100001,1536757.0,2020,5,2
2020-05-22,futures,433364.618456,6110.26758863,1418230.0,2020,5,2
2020-05-25,futures,203861.688376,2836.12345474,731504.0,2020,5,2
2020-05-26,futures,335610.82199,4687.55076373,1121810.0,2020,5,2
2020-05-27,futures,432194.183204,6075.194307680001,1430246.0,2020,5,2
2020-05-28,futures,430420.482797,6056.84328519,1393795.0,2020,5,2
2020-05-29,futures,416997.591755,5864.84604697,1411110.0,2020,5,2
2020-06-01,futures,449338.185985,6350.89023611,1488179.0,2020,6,2
2020-06-02,futures,382988.382677,5493.91322907,1325054.0,2020,6,2
2020-06-03,futures,423375.319239,6137.377404600001,1495846.0,2020,6,2
2020-06-04,futures,452485.528467,6620.96753306,1498801.0,2020,6,2
2020-06-05,futures,460146.256454,6667.32724366,1475270.0,2020,6,2
2020-06-08,futures,370251.032856,5394.73674568,1256807.0,2020,6,2
2020-06-09,futures,384472.313732,5628.15647741,1288920.0,2020,6,2
2020-06-10,futures,382639.628194,5571.78615343,1273179.0,2020,6,2
2020-06-11,futures,557515.79222,8124.88493915,1667796.0,2020,6,2
2020-06-15,futures,589753.072819,8532.07265453,1767031.0,2020,6,2
2020-06-16,futures,592482.603602,8416.54383979,1781849.0,2020,6,2
2020-06-17,futures,508326.063893,7287.5781176400005,1566739.0,2020,6,2
2020-06-18,futures,470635.392244,6773.46704975,1407472.0,2020,6,2
2020-06-19,futures,377640.326644,5424.46388354,1136344.0,2020,6,2
2020-06-22,futures,378766.99509,5444.205614140001,1219083.0,2020,6,2
2020-06-23,futures,325037.288209,4677.90609582,1057425.0,2020,6,2
2020-06-25,futures,436444.031072,6340.19825026,1324776.0,2020,6,2
2020-06-26,futures,373816.505939,5381.28733393,1138283.0,2020,6,2
2020-06-29,futures,402159.534562,5817.57330651,1192121.0,2020,6,2
2020-06-30,futures,414679.476611,5928.1167985600005,1207761.0,2020,6,2
2020-07-02,futures,394028.608262,5593.71573583,1150994.0,2020,7,3
2020-07-03,futures,322134.883814,4568.00620271,932789.0,2020,7,3
2020-07-06,futures,402094.173537,5703.47154446,1106478.0,2020,7,3
2020-07-07,futures,402135.426156,5636.81459241,1155343.0,2020,7,3
2020-07-08,futures,360206.258649,4990.94881317,1111183.0,2020,7,3
2020-07-09,futures,413588.783404,5805.74081218,1199863.0,2020,7,3
2020-07-10,futures,395539.586214,5580.41176938,1117945.0,2020,7,3
2020-07-13,futures,351042.118557,4928.30414457,1025462.0,2020,7,3
2020-07-14,futures,463762.004826,6555.13456691,1340746.0,2020,7,3
2020-07-15,futures,378146.990305,5316.46677171,1138938.0,2020,7,3
2020-07-16,futures,297782.912676,4205.9852242,882699.0,2020,7,3
2020-07-17,futures,312589.425604,4388.39024588,879434.0,2020,7,3
2020-07-18,futures,,,,2020,7,3
2020-07-20,futures,333545.080633,4651.052036399999,945216.0,2020,7,3
2020-07-21,futures,335866.880555,4667.229187229999,1009962.0,2020,7,3
2020-07-22,futures,383729.806793,5407.1735909300005,1092065.0,2020,7,3
2020-07-23,futures,394921.977236,5578.931730560001,1107269.0,2020,7,3
2020-07-24,futures,410313.275318,5782.07340893,1168294.0,2020,7,3
2020-07-27,futures,375876.743941,5249.86583229,1055904.0,2020,7,3
2020-07-28,futures,432098.449896,6036.1591100900005,1176597.0,2020,7,3
2020-07-29,futures,367469.29442,5109.44574803,1001322.0,2020,7,3
2020-07-30,futures,582489.565473,8063.8357893,1486844.0,2020,7,3
2020-07-31,futures,480820.57817,6553.96605892,1258248.0,2020,7,3
2020-08-03,futures,453264.440353,6173.06979879,1272061.0,2020,8,3
2020-08-04,futures,439443.814421,5925.72964459,1226875.0,2020,8,3
2020-08-05,futures,506633.544452,6904.189178770001,1429872.0,2020,8,3
2020-08-06,futures,458874.399889,6261.88104204,1278250.0,2020,8,3
2020-08-07,futures,444523.401797,6086.05185669,1190852.0,2020,8,3
2020-08-10,futures,341111.021625,4632.294121819999,960993.0,2020,8,3
2020-08-11,futures,445773.961981,6042.34445247,1228939.0,2020,8,3
2020-08-12,futures,481495.349861,6582.10347551,1394258.0,2020,8,3
2020-08-13,futures,437504.807772,5973.97706526,1219381.0,2020,8,3
2020-08-14,futures,395819.354631,5377.49083482,1099713.0,2020,8,3
2020-08-17,futures,450389.633368,6151.54445519,1275615.0,2020,8,3
2020-08-18,futures,422739.027359,5793.516949430001,1187255.0,2020,8,3
2020-08-19,futures,379993.965044,5174.76641747,1074783.0,2020,8,3
2020-08-20,futures,540184.254793,7375.61653859,1442162.0,2020,8,3
2020-08-21,futures,559955.191402,7590.4411267,1432920.0,2020,8,3
2020-08-24,futures,373052.470558,5034.45309046,985209.0,2020,8,3
2020-08-25,futures,426494.017215,5731.02911666,1105181.0,2020,8,3
2020-08-26,futures,488665.737729,6558.16248163,1251459.0,2020,8,3
2020-08-27,futures,607862.488807,8047.11924487,1501164.0,2020,8,3
2020-08-28,futures,446768.810279,5938.2791914300005,1132948.0,2020,8,3
2020-08-31,futures,427794.44733,5731.5750826,1106295.0,2020,8,3
2020-09-01,futures,460417.812105,6238.39407003,1179541.0,2020,9,3
2020-09-02,futures,646360.713455,8783.87703802,1657030.0,2020,9,3
2020-09-03,futures,636411.813817,8616.601052510001,1612875.0,2020,9,3
2020-09-04,futures,551642.225234,7309.61765562,1450455.0,2020,9,3
2020-09-07,futures,481863.728286,6409.27090932,1271187.0,2020,9,3
2020-09-08,futures,600065.482016,7938.319138729999,1494715.0,2020,9,3
2020-09-09,futures,573729.618259,7552.6017845,1422909.0,2020,9,3
2020-09-10,futures,558431.927411,7340.9015937799995,1363544.0,2020,9,3
2020-09-11,futures,459859.452633,6088.64402367,1205586.0,2020,9,3
2020-09-14,futures,359445.363494,4799.66996077,902309.0,2020,9,3
2020-09-15,futures,446688.52059,5978.58149376,1067036.0,2020,9,3
2020-09-16,futures,505798.510167,6727.08170631,1290783.0,2020,9,3
2020-09-17,futures,588403.77125,7852.9433835,1403309.0,2020,9,3
2020-09-18,futures,436539.103771,5805.496758,1097111.0,2020,9,3
2020-09-21,futures,566549.559962,7550.78253332,1469322.0,2020,9,3
2020-09-22,futures,510272.562874,6710.74846523,1339103.0,2020,9,3
2020-09-23,futures,579526.209028,7598.24112971,1483388.0,2020,9,3
2020-09-24,futures,601132.564034,7872.91599099,1553416.0,2020,9,3
2020-09-25,futures,706126.422663,9149.322639389999,1680019.0,2020,9,3
2020-09-26,futures,,,,2020,9,3
2020-09-28,futures,582490.677526,7582.58876361,1350211.0,2020,9,3
2020-09-29,futures,892892.779643,11349.6634687,1977601.0,2020,9,3
2020-09-30,futures,755495.153535,9481.08043013,1661606.0,2020,9,3
2020-10-01,futures,583098.818534,7401.168228529999,1455177.0,2020,10,4
2020-10-02,futures,668389.27932,8649.220591270001,1627545.0,2020,10,4
2020-10-05,futures,528929.491901,6773.201845279999,1332073.0,2020,10,4
2020-10-06,futures,533363.905671,6826.78710568,1369242.0,2020,10,4
2020-10-07,futures,570214.216872,7262.77439308,1472214.0,2020,10,4
2020-10-08,futures,508353.96712,6509.672132260001,1271114.0,2020,10,4
2020-10-09,futures,501844.353615,6440.86305603,1235412.0,2020,10,4
2020-10-12,futures,442009.644859,5738.26854587,1138906.0,2020,10,4
2020-10-13,futures,468289.836603,6079.799083180001,1217142.0,2020,10,4
2020-10-14,futures,481021.840806,6223.95974414,1175000.0,2020,10,4
2020-10-15,futures,529181.898459,6847.955164020001,1272106.0,2020,10,4
2020-10-16,futures,539865.297641,6926.1361074,1311621.0,2020,10,4
2020-10-19,futures,433257.674586,5557.12189905,1077668.0,2020,10,4
2020-10-20,futures,521870.183245,6697.160227,1340286.0,2020,10,4
2020-10-21,futures,532053.171171,6840.66408459,1383963.0,2020,10,4
2020-10-22,futures,497198.136936,6454.41954061,1292478.0,2020,10,4
2020-10-23,futures,446860.123646,5797.2873130200005,1170565.0,2020,10,4
2020-10-26,futures,483940.989118,6328.78088263,1246687.0,2020,10,4
2020-10-27,futures,561661.511418,7347.33016612,1371588.0,2020,10,4
2020-10-28,futures,766164.54158,10021.0388981,1893120.0,2020,10,4
2020-10-29,futures,880088.422792,11348.3652619,2166430.0,2020,10,4
2020-10-30,futures,709956.797123,9001.61908565,1774117.0,2020,10,4
2020-11-02,futures,643500.33896,8111.45446382,1671968.0,2020,11,4
2020-11-03,futures,625351.833077,7761.12453229,1598322.0,2020,11,4
2020-11-04,futures,,,,2020,11,4
2020-11-05,futures,709953.407431,8874.35103525,1814642.0,2020,11,4
2020-11-06,futures,672382.651283,8570.19868847,1813888.0,2020,11,4
2020-11-09,futures,932105.993762,12075.8671257,2401912.0,2020,11,4
2020-11-10,futures,693890.35074,9017.24268845,1893831.0,2020,11,4
2020-11-11,futures,595189.66705,7790.66500671,1636449.0,2020,11,4
2020-11-12,futures,627643.52986,8235.98110238,1691105.0,2020,11,4
2020-11-13,futures,467107.622584,6057.301874399999,1335980.0,2020,11,4
2020-11-16,futures,640927.426863,8288.61921138,1631042.0,2020,11,4
2020-11-17,futures,560600.21164,7288.12269991,1523068.0,2020,11,4
2020-11-18,futures,542278.016419,7111.56303908,1425821.0,2020,11,4
2020-11-19,futures,553529.736984,7290.30773039,1432643.0,2020,11,4
2020-11-20,futures,416611.781061,5462.85118493,1082558.0,2020,11,4
2020-11-23,futures,546606.367537,7191.05361702,1268486.0,2020,11,4
2020-11-24,futures,543740.484711,7177.14472955,1435411.0,2020,11,4
2020-11-25,futures,593793.035671,7832.17263787,1521233.0,2020,11,4
2020-11-26,futures,437049.687431,5790.83148517,1155810.0,2020,11,4
2020-11-27,futures,473811.386627,6279.65650425,1185948.0,2020,11,4
2020-11-30,futures,488920.470401,6445.04501589,1239105.0,2020,11,4
2020-12-01,futures,636383.554093,8351.50117117,1547068.0,2020,12,4
2020-12-02,futures,584648.048154,7660.4526994,1476862.0,2020,12,4
2020-12-03,futures,576719.156753,7627.03688487,1440875.0,2020,12,4
2020-12-04,futures,529268.970885,7038.18864575,1426581.0,2020,12,4
2020-12-07,futures,532087.685891,7165.88424009,1388649.0,2020,12,4
2020-12-08,futures,552784.345253,7444.8468464,1479516.0,2020,12,4
2020-12-09,futures,526218.258428,7143.70621446,1392729.0,2020,12,4
2020-12-10,futures,657880.49633,8974.47942425,1741827.0,2020,12,4
2020-12-11,futures,552961.572468,7501.60858238,1508277.0,2020,12,4
2020-12-14,futures,570155.927905,7797.59062774,1544392.0,2020,12,4
2020-12-15,futures,592290.84595,8121.67265369,1760743.0,2020,12,4
2020-12-16,futures,547449.508131,7453.83990713,1466894.0,2020,12,4
2020-12-17,futures,642937.957455,8756.97469024,1689288.0,2020,12,4
2020-12-18,futures,510663.279703,6997.486639180001,1379803.0,2020,12,4
2020-12-21,futures,784020.857992,10693.7940544,2133519.0,2020,12,4
2020-12-22,futures,576648.319545,7722.40662235,1624289.0,2020,12,4
2020-12-23,futures,564241.579868,7488.29565398,1602113.0,2020,12,4
2020-12-24,futures,497874.209085,6598.10950971,1376557.0,2020,12,4
2020-12-25,futures,248821.067396,3324.74247982,688692.0,2020,12,4
2020-12-28,futures,318811.945148,4326.270321350001,922771.0,2020,12,4
2020-12-29,futures,356485.299183,4835.83001571,1010094.0,2020,12,4
2020-12-30,futures,443420.764932,6020.10088603,1167772.0,2020,12,4
2021-01-04,futures,468880.175587,6346.87963142,1272220.0,2021,1,1
2021-01-05,futures,597678.369197,8090.324277090001,1746973.0,2021,1,1
2021-01-06,futures,543176.114316,7352.568088229999,1601032.0,2021,1,1
2021-01-08,futures,592009.940957,8013.59501104,1789502.0,2021,1,1
2021-01-11,futures,611298.903216,8274.69524101,1881004.0,2021,1,1
2021-01-12,futures,590322.898594,7922.12780117,1642109.0,2021,1,1
2021-01-13,futures,552687.870958,7441.9739634,1578948.0,2021,1,1
2021-01-14,futures,562064.637128,7644.39217924,1551996.0,2021,1,1
2021-01-15,futures,593936.897704,8048.350762489999,1626579.0,2021,1,1
2021-01-18,futures,498279.017578,6775.13066883,1389368.0,2021,1,1
2021-01-19,futures,443252.950745,5992.050541680001,1264362.0,2021,1,1
2021-01-20,futures,480492.944262,6517.42972483,1303153.0,2021,1,1
2021-01-21,futures,563609.356601,7683.31206599,1524245.0,2021,1,1
2021-01-22,futures,645851.974607,8802.74303193,1710568.0,2021,1,1
2021-01-25,futures,697206.744805,9375.910179389999,1789816.0,2021,1,1
2021-01-26,futures,646168.069475,8632.0442,1746279.0,2021,1,1
2021-01-27,futures,688298.76496,9100.21980395,1799988.0,2021,1,1
2021-01-28,futures,736660.214125,9816.90050806,1884345.0,2021,1,1
2021-01-29,futures,695607.156529,9130.452245819999,1895156.0,2021,1,1
2021-02-01,futures,674661.602036,8847.70771443,1852987.0,2021,2,1
2021-02-02,futures,670630.100787,8881.894394,1818728.0,2021,2,1
2021-02-03,futures,638404.17059,8410.55700592,1699156.0,2021,2,1
2021-02-04,futures,574370.588152,7549.550909529999,1453762.0,2021,2,1
2021-02-05,futures,535040.591291,7065.17281014,1417183.0,2021,2,1
2021-02-08,futures,455482.654428,6064.15137162,1218204.0,2021,2,1
2021-02-09,futures,493607.696247,6647.00197747,1342180.0,2021,2,1
2021-02-10,futures,489304.296762,6601.5863199,1366322.0,2021,2,1
2021-02-11,futures,407128.696943,5512.71988993,1105612.0,2021,2,1
2021-02-12,futures,696824.942234,9447.46179371,1635836.0,2021,2,1
2021-02-15,futures,525854.220362,7112.11613494,1360481.0,2021,2,1
2021-02-16,futures,560472.753588,7645.32628358,1478081.0,2021,2,1
2021-02-17,futures,665405.770173,9079.141898540001,1687749.0,2021,2,1
2021-02-18,futures,648366.677486,8789.39846308,1656844.0,2021,2,1
2021-02-19,futures,584712.968808,7925.57107452,1556686.0,2021,2,1
2021-02-20,futures,232763.629045,3146.65783056,582388.0,2021,2,1
2021-02-22,futures,445000.028526,6014.871309149999,1110274.0,2021,2,1
2021-02-24,futures,627915.852582,8487.26472842,1586882.0,2021,2,1
2021-02-25,futures,695034.30629,9423.78508716,1666165.0,2021,2,1
2021-02-26,futures,910128.089368,12386.9589038,2274620.0,2021,2,1
2021-03-01,futures,617451.835949,8294.92520482,1593194.0,2021,3,1
2021-03-02,futures,731118.674146,9874.004307469999,1878509.0,2021,3,1
2021-03-03,futures,638832.45974,8566.25111116,1676810.0,2021,3,1
2021-03-04,futures,652602.64377,8876.68911134,1753801.0,2021,3,1
2021-03-05,futures,1055854.65454,14309.6106402,2705470.0,2021,3,1
2021-03-08,futures,,,,2021,3,1
2021-03-09,futures,675265.210533,9072.79178439,1745374.0,2021,3,1
2021-03-10,futures,640262.947807,8621.44441192,1619964.0,2021,3,1
2021-03-11,futures,637420.334654,8609.21611433,1536752.0,2021,3,1
2021-03-12,futures,639781.145156,8704.55274799,1566638.0,2021,3,1
2021-03-15,futures,636405.703154,8657.626889469999,1631687.0,2021,3,1
2021-03-16,futures,636741.876728,8694.89410635,1719223.0,2021,3,1
2021-03-17,futures,915647.06535,12549.6603755,2357684.0,2021,3,1
2021-03-18,futures,918384.906113,12563.0784715,2264186.0,2021,3,1
2021-03-19,futures,904422.829271,12278.644187200001,2168474.0,2021,3,1
2021-03-22,futures,637428.194853,8597.74470728,1535773.0,2021,3,1
2021-03-23,futures,819150.835937,10979.323213,1931249.0,2021,3,1
2021-03-24,futures,786370.860412,10435.0651939,1948904.0,2021,3,1
2021-03-25,futures,784885.918781,10306.629620200001,1991329.0,2021,3,1
2021-03-26,futures,665974.01705,8742.7881268,1701413.0,2021,3,1
2021-03-29,futures,565966.32736,7470.75313051,1501497.0,2021,3,1
2021-03-30,futures,691524.944524,9119.56745301,1570033.0,2021,3,1
2021-03-31,futures,543125.373071,7174.489719220001,1404868.0,2021,3,1
2021-04-01,futures,753061.071808,9956.21302992,1852524.0,2021,4,2
2021-04-02,futures,337208.229465,4448.22898936,899352.0,2021,4,2
2021-04-05,futures,460855.322193,6058.035031859999,1194546.0,2021,4,2
2021-04-06,futures,719698.820552,9394.90818576,1855410.0,2021,4,2
2021-04-07,futures,808375.467742,10583.5735929,2130255.0,2021,4,2
2021-04-08,futures,656250.619227,8438.02629739,1752803.0,2021,4,2
2021-04-09,futures,517922.857725,6717.450953680001,1372324.0,2021,4,2
2021-04-12,futures,618764.12877,8018.64207504,1627793.0,2021,4,2
2021-04-13,futures,599697.528032,7736.99436504,1608368.0,2021,4,2
2021-04-14,futures,604481.238456,7824.645335890001,1739963.0,2021,4,2
2021-04-15,futures,896583.452419,11846.625940700002,2393843.0,2021,4,2
2021-04-16,futures,550748.219999,7154.35822957,1590713.0,2021,4,2
2021-04-19,futures,472515.760396,6254.05521116,1401350.0,2021,4,2
2021-04-20,futures,661786.126545,8679.26475913,1790809.0,2021,4,2
2021-04-21,futures,631983.734413,8313.87985888,1838392.0,2021,4,2
2021-04-22,futures,664819.823394,8654.27693634,1823130.0,2021,4,2
2021-04-23,futures,592948.832718,7758.90660268,1665448.0,2021,4,2
2021-04-26,futures,492653.79682,6560.90543952,1366434.0,2021,4,2
2021-04-27,futures,548394.85426,7334.619814090001,1349602.0,2021,4,2
2021-04-28,futures,475140.441362,6338.77250082,1318206.0,2021,4,2
2021-04-29,futures,546307.628756,7290.0309419099995,1496050.0,2021,4,2
2021-04-30,futures,572543.850226,7697.31307349,1438137.0,2021,4,2
2021-05-04,futures,540285.942925,7218.72163876,1400112.0,2021,5,2
2021-05-05,futures,415500.384761,5521.10821709,1111691.0,2021,5,2
2021-05-06,futures,465048.879241,6212.10684824,1215239.0,2021,5,2
2021-05-07,futures,515742.61207,6915.57198694,1371565.0,2021,5,2
2021-05-10,futures,413236.763715,5573.938674800001,1033986.0,2021,5,2
2021-05-11,futures,532075.269387,7176.890302010001,1430063.0,2021,5,2
2021-05-12,futures,584580.427444,7883.04263059,1491929.0,2021,5,2
2021-05-13,futures,631908.240408,8534.68720162,1610823.0,2021,5,2
2021-05-14,futures,503594.457954,6772.693452279999,1285769.0,2021,5,2
2021-05-17,futures,451747.523249,6104.9602583999995,1173244.0,2021,5,2
2021-05-18,futures,442369.591885,5989.80947312,1127801.0,2021,5,2
2021-05-19,futures,669409.084512,9082.989835870001,1725714.0,2021,5,2
2021-05-20,futures,582676.917314,7908.44619837,1412761.0,2021,5,2
2021-05-21,futures,527067.268717,7161.171955119999,1260186.0,2021,5,2
2021-05-24,futures,519821.139051,7064.67816863,1155321.0,2021,5,2
2021-05-25,futures,437558.496012,5951.02311289,1077794.0,2021,5,2
2021-05-26,futures,552446.000747,7526.89169273,1142241.0,2021,5,2
2021-05-27,futures,415610.213036,5656.584778439999,1044187.0,2021,5,2
2021-05-28,futures,473365.268744,6444.026093060001,1084056.0,2021,5,2
2021-05-31,futures,318957.67798,4334.42969519,752521.0,2021,5,2
2021-06-01,futures,507241.041143,6920.399216100001,1162527.0,2021,6,2
2021-06-02,futures,451232.833827,6160.92376858,1047580.0,2021,6,2
2021-06-03,futures,536440.438481,7298.717901890001,1305585.0,2021,6,2
2021-06-04,futures,481782.226965,6576.01082891,1143838.0,2021,6,2
2021-06-07,futures,358493.166971,4892.62853079,933478.0,2021,6,2
2021-06-08,futures,471061.040716,6459.13775125,1132379.0,2021,6,2
2021-06-09,futures,419589.487864,5761.5658211400005,1021888.0,2021,6,2
2021-06-10,futures,497577.917229,6902.856533640001,1167647.0,2021,6,2
2021-06-11,futures,492488.843463,6821.42076395,1137255.0,2021,6,2
2021-06-14,futures,388809.304354,5424.25964888,958484.0,2021,6,2
2021-06-15,futures,555156.471727,7744.96087075,1308865.0,2021,6,2
2021-06-16,futures,567060.870056,7894.28734984,1386812.0,2021,6,2
2021-06-17,futures,930500.898522,12917.8285092,2131804.0,2021,6,2
2021-06-18,futures,571600.493979,7883.62279434,1324435.0,2021,6,2
2021-06-21,futures,517728.938395,7168.6162920100005,1205327.0,2021,6,2
2021-06-22,futures,399440.28805,5456.93144892,920484.0,2021,6,2
2021-06-23,futures,513825.221158,7022.72256083,1166207.0,2021,6,2
2021-06-24,futures,434567.000757,5980.24416492,1056008.0,2021,6,2
2021-06-25,futures,396630.588073,5483.92815962,894030.0,2021,6,2
2021-06-28,futures,370354.717104,5131.74166758,819418.0,2021,6,2
2021-06-29,futures,507950.598415,7037.5004802700005,1165509.0,2021,6,2
2021-06-30,futures,547913.791154,7570.76659377,1353149.0,2021,6,2
2021-07-01,futures,585132.386977,8045.99877037,1271004.0,2021,7,3
2021-07-02,futures,576783.926224,7911.05474833,1286588.0,2021,7,3
2021-07-05,futures,321898.117751,4372.5760553,760004.0,2021,7,3
2021-07-06,futures,629527.19789,8582.043213590001,1425075.0,2021,7,3
2021-07-07,futures,714462.510914,9751.62436756,1575778.0,2021,7,3
2021-07-08,futures,701605.804883,9473.734166229999,1554457.0,2021,7,3
2021-07-09,futures,502865.239079,6687.464613149999,1147112.0,2021,7,3
2021-07-12,futures,480405.066368,6451.20443641,1121639.0,2021,7,3
2021-07-13,futures,530828.750932,7112.46343379,1248595.0,2021,7,3
2021-07-14,futures,522120.166747,7050.0664572,1231733.0,2021,7,3
2021-07-15,futures,538830.502138,7269.35149046,1280886.0,2021,7,3
2021-07-16,futures,584052.696443,7869.2408679,1322091.0,2021,7,3
2021-07-19,futures,725990.716065,9788.77965074,1574759.0,2021,7,3
2021-07-20,futures,657687.066325,8846.26492946,1514184.0,2021,7,3
2021-07-21,futures,549509.296797,7376.85487907,1250181.0,2021,7,3
2021-07-22,futures,494363.330362,6636.22150787,1164966.0,2021,7,3
2021-07-23,futures,447673.546105,6074.72126285,1037600.0,2021,7,3
2021-07-26,futures,530959.073699,7197.85421933,1225988.0,2021,7,3
2021-07-27,futures,455831.060439,6151.73230639,1072425.0,2021,7,3
2021-07-28,futures,522019.601951,7068.92487249,1087160.0,2021,7,3
2021-07-29,futures,475532.13415,6460.26200875,1114366.0,2021,7,3
2021-07-30,futures,501443.147656,6851.21474478,1178341.0,2021,7,3
2021-08-02,futures,456554.734929,6242.30551949,1045802.0,2021,8,3
2021-08-03,futures,480723.449168,6583.8457695100005,1136008.0,2021,8,3
2021-08-04,futures,561005.936027,7698.46932483,1281410.0,2021,8,3
2021-08-05,futures,473639.357433,6507.31335184,1126151.0,2021,8,3
2021-08-06,futures,525787.033114,7186.024397470001,1263085.0,2021,8,3
2021-08-09,futures,525197.380225,7181.65605856,1276274.0,2021,8,3
2021-08-10,futures,493977.245383,6720.06569892,1175908.0,2021,8,3
2021-08-11,futures,516999.957858,7024.8186436000005,1205111.0,2021,8,3
2021-08-12,futures,467520.1645,6320.44510913,1092424.0,2021,8,3
2021-08-13,futures,379018.489027,5152.0107361400005,915224.0,2021,8,3
2021-08-16,futures,523859.265837,7130.04345645,1218836.0,2021,8,3
2021-08-17,futures,494726.159878,6740.87311802,1157272.0,2021,8,3
2021-08-18,futures,514379.024174,7000.70668883,1256407.0,2021,8,3
2021-08-19,futures,719634.934385,9795.84274577,1674853.0,2021,8,3
2021-08-20,futures,553759.331741,7468.06596522,1312807.0,2021,8,3
2021-08-23,futures,512178.592446,6887.453505,1169932.0,2021,8,3
2021-08-24,futures,543616.291907,7339.5605024,1207312.0,2021,8,3
2021-08-25,futures,488432.377486,6605.21292402,1129474.0,2021,8,3
2021-08-26,futures,559811.757478,7591.409025399999,1250566.0,2021,8,3
2021-08-27,futures,568519.121847,7683.64609988,1355880.0,2021,8,3
2021-08-30,futures,472565.565335,6387.177750229999,1083883.0,2021,8,3
2021-08-31,futures,454553.054375,6178.1415054,1136718.0,2021,8,3
2021-09-01,futures,483353.625921,6596.15391121,1180080.0,2021,9,3
2021-09-02,futures,411262.465761,5619.01520621,1068174.0,2021,9,3
2021-09-03,futures,487519.260002,6692.1795876999995,1221804.0,2021,9,3
2021-09-06,futures,355810.435053,4883.84979724,924474.0,2021,9,3
2021-09-07,futures,488025.118319,6689.509228020001,1228934.0,2021,9,3
2021-09-08,futures,538003.647995,7350.69042729,1337611.0,2021,9,3
2021-09-09,futures,594478.034948,8094.51302384,1409755.0,2021,9,3
2021-09-10,futures,515129.258087,7044.11735545,1222868.0,2021,9,3
2021-09-13,futures,531484.189167,7304.62052181,1289604.0,2021,9,3
2021-09-14,futures,661971.55162,9057.66851641,1546318.0,2021,9,3
2021-09-15,futures,688608.663633,9469.69369836,1731396.0,2021,9,3
2021-09-16,futures,653639.352631,8972.15385482,1509657.0,2021,9,3
2021-09-17,futures,480128.186906,6628.59262719,1132329.0,2021,9,3
2021-09-20,futures,630127.808419,8684.20716066,1435134.0,2021,9,3
2021-09-21,futures,581464.287691,7929.256699930001,1401892.0,2021,9,3
2021-09-22,futures,470020.164108,6420.45282888,1145140.0,2021,9,3
2021-09-23,futures,677854.442007,9300.889976299999,1622064.0,2021,9,3
2021-09-24,futures,471717.00423,6486.356100489999,1181487.0,2021,9,3
2021-09-27,futures,467128.016643,6398.30397782,1156273.0,2021,9,3
2021-09-28,futures,701815.500221,9658.724798770001,1544737.0,2021,9,3
2021-09-29,futures,573142.511255,7904.509018350001,1445815.0,2021,9,3
2021-09-30,futures,641760.957691,8820.14708045,1605146.0,2021,9,3
2021-10-01,futures,706122.840194,9717.616655709999,1601261.0,2021,10,4
2021-10-04,futures,608503.535238,8344.6382101,1511189.0,2021,10,4
2021-10-05,futures,574354.033614,7876.07401159,1468001.0,2021,10,4
2021-10-06,futures,791311.054617,10904.317495700001,2114276.0,2021,10,4
2021-10-07,futures,717733.809217,9890.472813389999,1908840.0,2021,10,4
2021-10-08,futures,528212.024529,7307.31274267,1398245.0,2021,10,4
2021-10-11,futures,470970.076714,6542.32327957,1327848.0,2021,10,4
2021-10-12,futures,518845.126612,7242.66725033,1340502.0,2021,10,4
2021-10-13,futures,591538.401793,8229.51556541,1547031.0,2021,10,4
2021-10-14,futures,548575.63363,7634.19415915,1391327.0,2021,10,4
2021-10-15,futures,464401.320523,6469.3725468,1219866.0,2021,10,4
2021-10-18,futures,478821.093991,6721.51300363,1240094.0,2021,10,4
2021-10-19,futures,507473.48693,7130.300751850001,1345403.0,2021,10,4
2021-10-20,futures,473868.739554,6677.273502399999,1227876.0,2021,10,4
2021-10-21,futures,594531.210899,8367.13851706,1437435.0,2021,10,4
2021-10-22,futures,667175.989685,9398.11565627,1632457.0,2021,10,4
2021-10-25,futures,558017.974371,7874.68053353,1405530.0,2021,10,4
2021-10-26,futures,612831.402822,8737.94498887,1384813.0,2021,10,4
2021-10-27,futures,705229.938551,10139.519422,1689260.0,2021,10,4
2021-10-28,futures,738285.381321,10575.5787293,1896064.0,2021,10,4
2021-10-29,futures,627930.525733,8904.20154271,1635682.0,2021,10,4
2021-11-01,futures,557668.648844,7907.950210489999,1465239.0,2021,11,4
2021-11-02,futures,679383.379826,9557.16333282,1730962.0,2021,11,4
2021-11-03,futures,668505.675944,9352.56820523,1624810.0,2021,11,4
2021-11-04,futures,,,,2021,11,4
2021-11-05,futures,745986.990241,10435.1942189,1791384.0,2021,11,4
2021-11-08,futures,556829.500958,7789.17603833,1391940.0,2021,11,4
2021-11-09,futures,527120.792539,7382.9026582,1325506.0,2021,11,4
2021-11-10,futures,651029.172503,9132.56029188,1647266.0,2021,11,4
2021-11-11,futures,745896.179351,10550.9042981,1848186.0,2021,11,4
2021-11-12,futures,988978.642254,13890.851816299999,2480149.0,2021,11,4
2021-11-15,futures,755973.700004,10527.151526700001,1974768.0,2021,11,4
2021-11-16,futures,776774.212118,10747.867956799999,1968146.0,2021,11,4
2021-11-17,futures,698409.410778,9625.89102075,1842621.0,2021,11,4
2021-11-18,futures,749906.983693,10297.6950034,2012162.0,2021,11,4
2021-11-19,futures,986053.955832,13581.5988473,2376918.0,2021,11,4
2021-11-22,futures,1071985.70705,14732.8293189,2809427.0,2021,11,4
2021-11-23,futures,1051940.02556,14321.734956,2964897.0,2021,11,4
2021-11-24,futures,1032040.98292,13791.310255,2634105.0,2021,11,4
2021-11-25,futures,495213.769515,6658.55126102,1350595.0,2021,11,4
2021-11-26,futures,1016877.96952,13630.998889,2738217.0,2021,11,4
2021-11-29,futures,936970.409593,12395.8708618,2534290.0,2021,11,4
2021-11-30,futures,954478.122314,12729.4639808,2919571.0,2021,11,4
2021-12-01,futures,876353.303338,11701.467212200001,2403688.0,2021,12,4
2021-12-02,futures,921673.983358,12459.330410100001,2629918.0,2021,12,4
2021-12-03,futures,672444.843243,9079.27693652,1800685.0,2021,12,4
2021-12-06,futures,738752.858755,10017.9931106,2117796.0,2021,12,4
2021-12-07,futures,749972.362983,10180.2425835,2127601.0,2021,12,4
2021-12-08,futures,804674.643601,10853.4627589,2388219.0,2021,12,4
2021-12-09,futures,583785.711878,7905.52292262,1761194.0,2021,12,4
2021-12-10,futures,598087.114313,8126.20570046,1709203.0,2021,12,4
2021-12-13,futures,656755.834366,8922.59770434,2091185.0,2021,12,4
2021-12-14,futures,778903.184904,10610.213291799999,2750285.0,2021,12,4
2021-12-15,futures,646791.744002,8803.50489592,1938675.0,2021,12,4
2021-12-16,futures,792687.991845,10733.612162899999,2126613.0,2021,12,4
2021-12-17,futures,599047.531369,8142.46319693,1648185.0,2021,12,4
2021-12-20,futures,617908.98007,8380.35859208,1740532.0,2021,12,4
2021-12-21,futures,581472.858909,7826.57254029,1543088.0,2021,12,4
2021-12-22,futures,487501.764127,6603.87160396,1360489.0,2021,12,4
2021-12-23,futures,507538.781579,6878.14194017,1405158.0,2021,12,4
2021-12-24,futures,375299.790377,5115.98265468,955877.0,2021,12,4
2021-12-27,futures,447745.80526,6117.69872986,1091714.0,2021,12,4
2021-12-28,futures,392644.557104,5361.586897470001,1104046.0,2021,12,4
2021-12-29,futures,413325.545052,5623.790511470001,1165651.0,2021,12,4
2021-12-30,futures,473556.086801,6429.69565821,1149294.0,2021,12,4
