date,instrument_type,value_rub_mm,value_usd_mm,num_trades,year,month,quarter
2015-01-05,options,3144.422515,55.9131704589,10289.0,2015,1,1
2015-01-06,options,22052.054565,392.12296693,10997.0,2015,1,1
2015-01-08,options,5847.276459,103.974502095,17918.0,2015,1,1
2015-01-09,options,6112.524754,108.69106708,15250.0,2015,1,1
2015-01-12,options,4833.612783,85.94984108499999,11628.0,2015,1,1
2015-01-13,options,27353.808747,436.012464028,14723.0,2015,1,1
2015-01-14,options,7296.5259,112.52690596400001,13871.0,2015,1,1
2015-01-15,options,11222.080675,169.778658074,25428.0,2015,1,1
2015-01-16,options,5258.7084,81.1107248237,10692.0,2015,1,1
2015-01-19,options,4772.454525,73.22658069650001,10042.0,2015,1,1
2015-01-20,options,4015.652252,61.804747988399996,7913.0,2015,1,1
2015-01-21,options,4033.657113,62.0694410967,8352.0,2015,1,1
2015-01-22,options,7323.407168,111.71257414300001,11330.0,2015,1,1
2015-01-23,options,6614.466833,101.13863659,11459.0,2015,1,1
2015-01-26,options,6194.279611,97.71235958230001,11481.0,2015,1,1
2015-01-27,options,7703.299848,117.43962984299999,14450.0,2015,1,1
2015-01-28,options,6779.175371,99.965278794,11733.0,2015,1,1
2015-01-29,options,10909.912751,162.469326424,10764.0,2015,1,1
2015-01-30,options,7046.896532,102.52969261,14947.0,2015,1,1
2015-02-02,options,10161.026348,147.412723335,17846.0,2015,2,1
2015-02-03,options,10799.318723,155.020078132,16656.0,2015,2,1
2015-02-04,options,11543.914154,170.332805894,16773.0,2015,2,1
2015-02-05,options,12366.705294,188.95755793200001,22721.0,2015,2,1
2015-02-06,options,10560.181425,153.913151697,19071.0,2015,2,1
2015-02-09,options,15666.553177,237.216748689,26217.0,2015,2,1
2015-02-10,options,11332.608896,172.27601135299997,14499.0,2015,2,1
2015-02-11,options,9231.629931,141.05526665099998,14839.0,2015,2,1
2015-02-12,options,18046.599442,273.191178153,29813.0,2015,2,1
2015-02-13,options,15626.418813,236.407876819,26335.0,2015,2,1
2015-02-16,options,11563.950744,177.671315025,24169.0,2015,2,1
2015-02-17,options,9792.155159,156.266439617,15683.0,2015,2,1
2015-02-18,options,7246.43133,115.324209958,12762.0,2015,2,1
2015-02-19,options,8407.799135,134.740154823,14004.0,2015,2,1
2015-02-20,options,9444.179823,152.005044575,10782.0,2015,2,1
2015-02-24,options,21239.044663,344.09981065600005,12408.0,2015,2,1
2015-02-25,options,13361.841595,210.395201808,10830.0,2015,2,1
2015-02-26,options,11828.290984,188.97871220300001,15103.0,2015,2,1
2015-02-27,options,9523.545183,156.867138899,12485.0,2015,2,1
2015-03-02,options,5858.08138,95.6081162949,10078.0,2015,3,1
2015-03-03,options,7836.3025,125.935358571,13198.0,2015,3,1
2015-03-04,options,11736.027278,188.183213282,15975.0,2015,3,1
2015-03-05,options,10140.288677,163.884777687,16091.0,2015,3,1
2015-03-06,options,19379.258488,313.348518781,19279.0,2015,3,1
2015-03-10,options,21803.246488,363.424995383,26547.0,2015,3,1
2015-03-11,options,12956.192909,213.569838721,19901.0,2015,3,1
2015-03-12,options,13083.162955,208.730465446,18851.0,2015,3,1
2015-03-13,options,11797.448555,193.52928674,19462.0,2015,3,1
2015-03-16,options,15795.845666,257.610824881,20421.0,2015,3,1
2015-03-17,options,7852.963904,126.355620445,11842.0,2015,3,1
2015-03-18,options,25255.566163,408.990399556,10441.0,2015,3,1
2015-03-19,options,20635.162871,336.360793551,15598.0,2015,3,1
2015-03-20,options,5885.065912,98.361812177,10319.0,2015,3,1
2015-03-23,options,5057.733243,84.247673289,7777.0,2015,3,1
2015-03-24,options,6628.657031,111.508700972,10422.0,2015,3,1
2015-03-25,options,9406.603631,160.055191013,14656.0,2015,3,1
2015-03-26,options,8461.070098,147.43648222,15244.0,2015,3,1
2015-03-27,options,5937.912687,105.231576441,9709.0,2015,3,1
2015-03-30,options,5251.854522,90.9760189094,10282.0,2015,3,1
2015-03-31,options,4525.545178,77.4069847411,9419.0,2015,3,1
2015-04-01,options,9778.24371,169.613941197,15379.0,2015,4,2
2015-04-02,options,11363.101321,194.728368447,18508.0,2015,4,2
2015-04-03,options,9608.125709,168.592595025,15772.0,2015,4,2
2015-04-06,options,12381.702056,218.166701132,20139.0,2015,4,2
2015-04-07,options,11241.317743,198.90469694499998,20293.0,2015,4,2
2015-04-08,options,14359.237752,259.506797993,21693.0,2015,4,2
2015-04-09,options,12668.107193,234.477338979,23927.0,2015,4,2
2015-04-10,options,17883.193608,340.357380097,29343.0,2015,4,2
2015-04-13,options,13402.490268,262.445029314,22455.0,2015,4,2
2015-04-14,options,8746.537513,166.848603888,16170.0,2015,4,2
2015-04-15,options,12095.840423,232.724650225,21045.0,2015,4,2
2015-04-16,options,10505.291066,208.01197280199997,17775.0,2015,4,2
2015-04-17,options,13021.390584,262.132195213,20197.0,2015,4,2
2015-04-20,options,12590.454837,249.17038239,23492.0,2015,4,2
2015-04-21,options,6596.123295,128.02860394,12817.0,2015,4,2
2015-04-22,options,6751.818421,125.096686127,12045.0,2015,4,2
2015-04-23,options,10143.423516,189.047227516,18602.0,2015,4,2
2015-04-24,options,6812.261505,132.01775747,16604.0,2015,4,2
2015-04-27,options,5572.674023,110.90494460400001,12241.0,2015,4,2
2015-04-28,options,6012.813239,116.823976355,12894.0,2015,4,2
2015-04-29,options,17422.854326,333.106856365,10962.0,2015,4,2
2015-04-30,options,9826.48726,190.056791012,15976.0,2015,4,2
2015-05-05,options,8018.546709,156.79966500999998,16950.0,2015,5,2
2015-05-06,options,10647.279169,205.715108738,18717.0,2015,5,2
2015-05-07,options,15276.909339,305.650666225,22955.0,2015,5,2
2015-05-08,options,9115.331983,180.998023947,15256.0,2015,5,2
2015-05-12,options,12262.336761,241.61716220899999,18661.0,2015,5,2
2015-05-13,options,14373.309427,282.305641415,23145.0,2015,5,2
2015-05-14,options,15868.17523,320.332344771,20963.0,2015,5,2
2015-05-15,options,13033.487209,260.266851095,17437.0,2015,5,2
2015-05-18,options,9241.130335,184.780107275,13197.0,2015,5,2
2015-05-19,options,9206.027198,187.047842698,16595.0,2015,5,2
2015-05-20,options,11700.134713,237.91545178,15010.0,2015,5,2
2015-05-21,options,15910.356252,319.537038193,12479.0,2015,5,2
2015-05-22,options,6348.707915,127.176623485,9565.0,2015,5,2
2015-05-25,options,5167.76148,103.79094398299999,9062.0,2015,5,2
2015-05-26,options,5704.76171,114.412614793,13093.0,2015,5,2
2015-05-27,options,12854.168753,255.436829259,16813.0,2015,5,2
2015-05-28,options,18454.618487,361.729013932,14563.0,2015,5,2
2015-05-29,options,12795.965713,244.708250473,15403.0,2015,5,2
2015-06-01,options,10140.246534,191.427982806,17164.0,2015,6,2
2015-06-02,options,13490.629482,255.40131503799998,16146.0,2015,6,2
2015-06-03,options,22568.101845,422.29702206,21908.0,2015,6,2
2015-06-04,options,20577.349528,387.820153565,30964.0,2015,6,2
2015-06-05,options,21698.384078,394.58207696600005,31730.0,2015,6,2
2015-06-08,options,14855.141893,264.10878392,19567.0,2015,6,2
2015-06-09,options,12880.039547,229.822183607,16204.0,2015,6,2
2015-06-10,options,23027.945943,411.875262797,24216.0,2015,6,2
2015-06-11,options,12470.472804,227.472466368,17340.0,2015,6,2
2015-06-15,options,25325.433243,464.443974124,29789.0,2015,6,2
2015-06-16,options,12591.281437,227.82268617,12572.0,2015,6,2
2015-06-17,options,9961.984255,184.341568238,9635.0,2015,6,2
2015-06-18,options,12112.036174,224.713518467,13689.0,2015,6,2
2015-06-19,options,16790.353327,314.83821194800004,10764.0,2015,6,2
2015-06-22,options,17136.859641,318.525437281,11224.0,2015,6,2
2015-06-23,options,7949.021678,148.421990033,11144.0,2015,6,2
2015-06-24,options,7198.267794,132.789523964,10626.0,2015,6,2
2015-06-25,options,8797.995091,162.701066508,10087.0,2015,6,2
2015-06-26,options,7922.826613,145.099805009,11067.0,2015,6,2
2015-06-29,options,10460.954569,190.849450108,14940.0,2015,6,2
2015-06-30,options,9172.223431,165.193851866,13379.0,2015,6,2
2015-07-01,options,8164.204676,146.20370005700002,12782.0,2015,7,3
2015-07-02,options,6674.929762,120.321902999,11335.0,2015,7,3
2015-07-03,options,7591.882075,136.408478497,11345.0,2015,7,3
2015-07-06,options,9991.818171,179.693123646,14612.0,2015,7,3
2015-07-07,options,14821.976197,262.74881933,18970.0,2015,7,3
2015-07-08,options,18118.415997,316.64923656699995,26374.0,2015,7,3
2015-07-09,options,9343.990452,163.30679919,16024.0,2015,7,3
2015-07-10,options,9409.691154,165.139375433,15766.0,2015,7,3
2015-07-13,options,12412.35257,219.03442953299998,19698.0,2015,7,3
2015-07-14,options,15045.243713,265.779930239,20134.0,2015,7,3
2015-07-15,options,17484.03697,306.859157666,23340.0,2015,7,3
2015-07-16,options,10393.283497,183.418869357,10988.0,2015,7,3
2015-07-17,options,9463.825774,166.17663394800002,9675.0,2015,7,3
2015-07-20,options,8485.148735,149.275253376,10690.0,2015,7,3
2015-07-21,options,10071.460902,177.209624272,8811.0,2015,7,3
2015-07-22,options,10000.473002,175.43920007,11106.0,2015,7,3
2015-07-23,options,11541.046915,202.392130133,13262.0,2015,7,3
2015-07-24,options,15417.865771,268.801553947,21498.0,2015,7,3
2015-07-27,options,14880.731243,256.398998628,21650.0,2015,7,3
2015-07-28,options,18409.732805,313.188698589,21216.0,2015,7,3
2015-07-29,options,11146.788306,185.09157293500002,16332.0,2015,7,3
2015-07-30,options,9672.034107,161.83035826100001,13929.0,2015,7,3
2015-07-31,options,11797.005518,199.981107465,17187.0,2015,7,3
2015-08-03,options,19021.820281,315.21365664200005,23416.0,2015,8,3
2015-08-04,options,13736.572925,219.898810505,18062.0,2015,8,3
2015-08-05,options,11779.200602,187.214519837,13861.0,2015,8,3
2015-08-06,options,18490.544247,294.81849420599997,19833.0,2015,8,3
2015-08-07,options,15312.101734,239.759580204,19278.0,2015,8,3
2015-08-10,options,21567.724605,337.840826897,21791.0,2015,8,3
2015-08-11,options,22844.978071,354.19833685500004,25326.0,2015,8,3
2015-08-12,options,16726.034153,264.611407614,21432.0,2015,8,3
2015-08-13,options,22315.024087,343.218825982,23102.0,2015,8,3
2015-08-14,options,16912.680796,264.265592417,17883.0,2015,8,3
2015-08-17,options,21400.108903,329.555408962,24860.0,2015,8,3
2015-08-18,options,14420.735402,220.152471505,13650.0,2015,8,3
2015-08-19,options,19578.387559,297.41325708,14708.0,2015,8,3
2015-08-20,options,23779.980424,361.82569092299997,17404.0,2015,8,3
2015-08-21,options,19571.112011,292.277153364,20269.0,2015,8,3
2015-08-24,options,32722.624619,480.35607823400005,39598.0,2015,8,3
2015-08-25,options,25899.584553,366.08997693199996,31792.0,2015,8,3
2015-08-26,options,15574.929063,222.67044285499998,16873.0,2015,8,3
2015-08-27,options,24725.333592,356.713827643,28876.0,2015,8,3
2015-08-28,options,22769.783876,337.59370465499995,29749.0,2015,8,3
2015-08-31,options,18831.593819,283.27600328799997,27570.0,2015,8,3
2015-09-01,options,31550.829147,472.91815279,46472.0,2015,9,3
2015-09-02,options,28281.659562,432.775454472,42773.0,2015,9,3
2015-09-03,options,20650.231509,309.711971231,30047.0,2015,9,3
2015-09-04,options,15161.309232,226.253752891,17587.0,2015,9,3
2015-09-07,options,16617.169889,245.507422457,20708.0,2015,9,3
2015-09-08,options,14801.779943,216.127288673,16816.0,2015,9,3
2015-09-09,options,15879.201984,230.825168534,18904.0,2015,9,3
2015-09-10,options,17905.754447,264.792241079,21019.0,2015,9,3
2015-09-11,options,21671.022391,316.383303444,18710.0,2015,9,3
2015-09-14,options,20324.650016,298.851039725,19436.0,2015,9,3
2015-09-15,options,22828.826229,335.92996506599997,19246.0,2015,9,3
2015-09-16,options,16142.295674,240.365107553,20422.0,2015,9,3
2015-09-17,options,10188.18319,154.53663641600002,13077.0,2015,9,3
2015-09-18,options,14778.83442,226.10640109099998,19195.0,2015,9,3
2015-09-21,options,8005.74104,121.95600606299999,10534.0,2015,9,3
2015-09-22,options,10316.998875,155.97431231099998,13445.0,2015,9,3
2015-09-23,options,11639.648612,175.892729578,13697.0,2015,9,3
2015-09-24,options,16216.214117,245.547676701,17063.0,2015,9,3
2015-09-25,options,8285.925919,124.572103462,11421.0,2015,9,3
2015-09-28,options,6210.670364,94.5700475845,9955.0,2015,9,3
2015-09-29,options,7910.764575,120.688430821,10381.0,2015,9,3
2015-09-30,options,11964.706559,180.635607737,12826.0,2015,9,3
2015-10-01,options,11958.817797,181.920789654,14147.0,2015,10,4
2015-10-02,options,16172.781779,248.683477141,17888.0,2015,10,4
2015-10-05,options,17685.405841,268.198822606,21515.0,2015,10,4
2015-10-06,options,18711.646247,285.130716543,20673.0,2015,10,4
2015-10-07,options,26957.987742,414.12536741,32339.0,2015,10,4
2015-10-08,options,19225.057106,306.589902832,30847.0,2015,10,4
2015-10-09,options,34265.008027,550.051337476,39574.0,2015,10,4
2015-10-12,options,16777.980352,273.717514189,23947.0,2015,10,4
2015-10-13,options,25490.102257,416.821641558,31083.0,2015,10,4
2015-10-14,options,17898.963528,287.655082035,23957.0,2015,10,4
2015-10-15,options,23879.501623,378.29033316500005,31573.0,2015,10,4
2015-10-16,options,14903.721626,239.442986249,20861.0,2015,10,4
2015-10-19,options,10084.822772,164.358481715,13035.0,2015,10,4
2015-10-20,options,12345.816096,200.93480338299997,14453.0,2015,10,4
2015-10-21,options,11361.509195,182.772581239,15394.0,2015,10,4
2015-10-22,options,13010.7211,207.73645437000002,14881.0,2015,10,4
2015-10-23,options,10658.964045,169.759002322,16621.0,2015,10,4
2015-10-26,options,11222.427149,181.21557969999998,15302.0,2015,10,4
2015-10-27,options,20137.951265,322.187631232,21874.0,2015,10,4
2015-10-28,options,19129.325106,301.247316647,22717.0,2015,10,4
2015-10-29,options,13144.399661,201.243489885,22041.0,2015,10,4
2015-10-30,options,10159.570412,158.326197112,14222.0,2015,10,4
2015-11-02,options,10787.791713,167.57942953900002,17016.0,2015,11,4
2015-11-03,options,22109.18387,346.54273432499997,26231.0,2015,11,4
2015-11-05,options,11828.952218,185.25433174900002,19772.0,2015,11,4
2015-11-06,options,14951.065321,235.82456724099998,20402.0,2015,11,4
2015-11-09,options,14682.671375,230.558002346,18019.0,2015,11,4
2015-11-10,options,12973.603809,200.641562389,15929.0,2015,11,4
2015-11-11,options,14424.009877,224.007309693,16815.0,2015,11,4
2015-11-12,options,21958.607317,340.07813801599997,27072.0,2015,11,4
2015-11-13,options,20641.630661,315.360392412,27612.0,2015,11,4
2015-11-16,options,24746.796419,371.382252369,30208.0,2015,11,4
2015-11-17,options,20991.881334,315.85405110100004,27373.0,2015,11,4
2015-11-18,options,20099.625912,306.958714231,24626.0,2015,11,4
2015-11-19,options,18475.508437,285.210500969,23789.0,2015,11,4
2015-11-20,options,10763.798317,165.821393841,13103.0,2015,11,4
2015-11-23,options,18850.650169,290.603280374,23020.0,2015,11,4
2015-11-24,options,20675.423922,315.18711779299997,23946.0,2015,11,4
2015-11-25,options,16306.908039,248.501364487,15232.0,2015,11,4
2015-11-26,options,12427.408314,189.79256392500002,12470.0,2015,11,4
2015-11-27,options,10743.486175,163.564210473,13504.0,2015,11,4
2015-11-30,options,15226.815682,229.875854395,17034.0,2015,11,4
2015-12-01,options,13790.87954,206.645182433,15848.0,2015,12,4
2015-12-02,options,35400.705311,534.282525853,20001.0,2015,12,4
2015-12-03,options,16266.345136,243.726346879,19620.0,2015,12,4
2015-12-04,options,27591.080458,407.133641409,24355.0,2015,12,4
2015-12-07,options,20971.75881,309.913119442,23420.0,2015,12,4
2015-12-08,options,23530.451511,343.432028779,28993.0,2015,12,4
2015-12-09,options,18263.337494,263.530336438,22659.0,2015,12,4
2015-12-10,options,16889.56846,244.068908382,21780.0,2015,12,4
2015-12-11,options,17242.027963,249.107896442,22476.0,2015,12,4
2015-12-14,options,30135.922314,435.644445129,33793.0,2015,12,4
2015-12-15,options,30989.586698,441.293719818,29111.0,2015,12,4
2015-12-16,options,12721.84178,179.612192377,12697.0,2015,12,4
2015-12-17,options,15521.568558,220.473068044,17045.0,2015,12,4
2015-12-18,options,11153.800998,158.029274305,14411.0,2015,12,4
2015-12-21,options,10928.234937,153.224973353,11587.0,2015,12,4
2015-12-22,options,7753.632667,108.814820329,7963.0,2015,12,4
2015-12-23,options,14050.969171,197.564002399,12020.0,2015,12,4
2015-12-24,options,25441.682182,358.670500061,13680.0,2015,12,4
2015-12-25,options,6645.890393,95.6016254127,7002.0,2015,12,4
2015-12-28,options,14129.547834,201.077969432,15667.0,2015,12,4
2015-12-29,options,13595.256557,192.060019312,14310.0,2015,12,4
2015-12-30,options,15980.957388,220.406933824,14817.0,2015,12,4
2016-01-04,options,11878.158436,162.87089980899998,14688.0,2016,1,1
2016-01-05,options,7816.06078,107.172240467,11766.0,2016,1,1
2016-01-06,options,9224.769996,126.488175577,13048.0,2016,1,1
2016-01-11,options,17280.306516,236.944058829,23284.0,2016,1,1
2016-01-12,options,27072.086601,356.442884674,27757.0,2016,1,1
2016-01-13,options,16793.558327,219.225319885,20881.0,2016,1,1
2016-01-14,options,11453.750064,149.864251271,16176.0,2016,1,1
2016-01-15,options,29030.319876,379.36724744199995,32799.0,2016,1,1
2016-01-18,options,34445.475332,449.885395834,32992.0,2016,1,1
2016-01-19,options,25843.743584,328.51743132499996,26114.0,2016,1,1
2016-01-20,options,42577.713032,542.4866158890001,34126.0,2016,1,1
2016-01-21,options,43664.690207,549.508191487,44789.0,2016,1,1
2016-01-22,options,34914.148391,417.67682032700003,31905.0,2016,1,1
2016-01-25,options,32085.768695,398.227766863,27656.0,2016,1,1
2016-01-26,options,21336.879964,274.26529424800003,25771.0,2016,1,1
2016-01-27,options,16168.206291,197.56017628400002,23401.0,2016,1,1
2016-01-28,options,24377.351858,308.58618323,33733.0,2016,1,1
2016-01-29,options,20423.712902,263.98344654199997,27959.0,2016,1,1
2016-02-01,options,17155.283706,221.737885802,19921.0,2016,2,1
2016-02-02,options,26618.078122,348.740122972,30059.0,2016,2,1
2016-02-03,options,23513.662202,301.738443421,25771.0,2016,2,1
2016-02-04,options,30683.19586,387.124234759,36123.0,2016,2,1
2016-02-05,options,17485.220652,228.68185768200001,25166.0,2016,2,1
2016-02-08,options,18705.852274,241.862355804,26776.0,2016,2,1
2016-02-09,options,22464.258576,292.269703336,28742.0,2016,2,1
2016-02-10,options,25822.287719,328.191708479,34053.0,2016,2,1
2016-02-11,options,22316.126709,282.236463502,31363.0,2016,2,1
2016-02-12,options,19619.203789,247.985244014,27919.0,2016,2,1
2016-02-15,options,29641.453654,372.871455649,31578.0,2016,2,1
2016-02-16,options,27396.745509,352.237429917,36155.0,2016,2,1
2016-02-17,options,41295.41907,541.614782215,34749.0,2016,2,1
2016-02-18,options,39781.59568,511.001186636,46279.0,2016,2,1
2016-02-19,options,35441.969201,469.69445318199996,32377.0,2016,2,1
2016-02-20,options,5743.527025,75.2108214159,8926.0,2016,2,1
2016-02-22,options,12224.914794,158.492191291,17372.0,2016,2,1
2016-02-24,options,20045.486365,259.883452198,24409.0,2016,2,1
2016-02-25,options,18649.670486,244.128641521,24850.0,2016,2,1
2016-02-26,options,27065.609195,354.294825763,32848.0,2016,2,1
2016-02-29,options,18751.083321,249.713788878,24624.0,2016,2,1
2016-03-01,options,25601.640143,337.310178249,33080.0,2016,3,1
2016-03-02,options,30180.483663,407.549176043,28311.0,2016,3,1
2016-03-03,options,21304.566666,289.363572806,25760.0,2016,3,1
2016-03-04,options,27534.084175,372.968270228,28424.0,2016,3,1
2016-03-07,options,25387.792766,346.896959858,32059.0,2016,3,1
2016-03-09,options,29917.668675,408.792855884,34798.0,2016,3,1
2016-03-10,options,28319.319751,391.272422383,31241.0,2016,3,1
2016-03-11,options,33417.930928,470.06069430400004,39209.0,2016,3,1
2016-03-14,options,32773.257398,466.14700160900003,32000.0,2016,3,1
2016-03-15,options,47071.994001,670.978986304,38951.0,2016,3,1
2016-03-16,options,26408.926858,374.37804586799996,22120.0,2016,3,1
2016-03-17,options,28391.484189,399.735928862,29784.0,2016,3,1
2016-03-18,options,21476.829736,313.256890131,23972.0,2016,3,1
2016-03-21,options,14247.843608,208.293889531,19432.0,2016,3,1
2016-03-22,options,15773.197413,229.232936188,18619.0,2016,3,1
2016-03-23,options,25178.830396,371.498492041,25587.0,2016,3,1
2016-03-24,options,15787.241927,233.397869144,20780.0,2016,3,1
2016-03-25,options,12170.426505,176.55494198699998,15207.0,2016,3,1
2016-03-28,options,10858.509416,158.669874829,14471.0,2016,3,1
2016-03-29,options,12442.761712,183.573815437,15306.0,2016,3,1
2016-03-30,options,22045.107029,320.63324983399997,21509.0,2016,3,1
2016-03-31,options,17244.559378,255.06835589500002,22113.0,2016,3,1
2016-04-01,options,14022.305759,206.65042265,19320.0,2016,4,2
2016-04-04,options,18619.352364,277.317173769,23036.0,2016,4,2
2016-04-05,options,12260.656357,178.530801569,20533.0,2016,4,2
2016-04-06,options,12177.460309,176.766477462,17717.0,2016,4,2
2016-04-07,options,15743.099996,229.75416469299998,19250.0,2016,4,2
2016-04-08,options,17039.751505,251.33859674599998,23940.0,2016,4,2
2016-04-11,options,21604.127066,320.221489664,26785.0,2016,4,2
2016-04-12,options,19205.610953,286.117109169,25144.0,2016,4,2
2016-04-13,options,30160.836845,454.6019155,35300.0,2016,4,2
2016-04-14,options,20056.320741,304.96395931300003,23795.0,2016,4,2
2016-04-15,options,41105.637502,618.172648063,21953.0,2016,4,2
2016-04-18,options,38392.025067,581.2992475909999,43629.0,2016,4,2
2016-04-19,options,28804.063675,421.899093558,34221.0,2016,4,2
2016-04-20,options,23843.890905,363.211504264,30115.0,2016,4,2
2016-04-21,options,70193.4289,1062.95056817,45479.0,2016,4,2
2016-04-22,options,21221.751446,326.360951966,20774.0,2016,4,2
2016-04-25,options,11355.20176,171.477439678,13912.0,2016,4,2
2016-04-26,options,12791.336679,191.97707740599998,14290.0,2016,4,2
2016-04-27,options,12766.856788,192.110208243,16556.0,2016,4,2
2016-04-28,options,17634.374433,270.624421563,21461.0,2016,4,2
2016-04-29,options,17832.915834,273.875165811,22254.0,2016,4,2
2016-05-04,options,19742.64263,306.88013737800003,26575.0,2016,5,2
2016-05-05,options,16711.079359,252.540800749,20967.0,2016,5,2
2016-05-06,options,13152.245586,199.603677332,18723.0,2016,5,2
2016-05-10,options,17383.907273,262.625350083,19845.0,2016,5,2
2016-05-11,options,20939.774225,315.701799173,24966.0,2016,5,2
2016-05-12,options,20687.432287,312.29706907,24966.0,2016,5,2
2016-05-13,options,22392.674232,344.711098125,23822.0,2016,5,2
2016-05-16,options,21833.169138,336.253925545,24926.0,2016,5,2
2016-05-17,options,29099.033561,448.155932041,27545.0,2016,5,2
2016-05-18,options,21671.266537,335.916757918,23489.0,2016,5,2
2016-05-19,options,46054.13796,707.827172896,50757.0,2016,5,2
2016-05-20,options,16257.381467,245.53898094,18353.0,2016,5,2
2016-05-23,options,15682.977051,236.269474611,16679.0,2016,5,2
2016-05-24,options,10482.246001,156.34059437,13937.0,2016,5,2
2016-05-25,options,21895.485416,326.55800158999995,23988.0,2016,5,2
2016-05-26,options,19807.263109,300.58871185799995,20918.0,2016,5,2
2016-05-27,options,16300.755261,249.98781191100002,15152.0,2016,5,2
2016-05-30,options,10244.567658,155.12365229,11496.0,2016,5,2
2016-05-31,options,12907.735934,195.327597079,14490.0,2016,5,2
2016-06-01,options,19012.628349,288.086713311,22697.0,2016,6,2
2016-06-02,options,20036.843016,300.78304505299997,23050.0,2016,6,2
2016-06-03,options,22381.33597,335.30543438,24267.0,2016,6,2
2016-06-06,options,22625.538086,338.437645727,23726.0,2016,6,2
2016-06-07,options,24946.487137,379.187029172,28550.0,2016,6,2
2016-06-08,options,33403.165874,512.248571499,31746.0,2016,6,2
2016-06-09,options,22623.399404,349.775886468,23022.0,2016,6,2
2016-06-10,options,20491.862908,321.490408063,25731.0,2016,6,2
2016-06-14,options,37108.417125,573.477609697,46019.0,2016,6,2
2016-06-15,options,31654.383925,479.389615194,29727.0,2016,6,2
2016-06-16,options,23898.614969,362.563869084,20783.0,2016,6,2
2016-06-17,options,16091.654341,244.324545351,15933.0,2016,6,2
2016-06-20,options,16321.673154,249.415083084,16950.0,2016,6,2
2016-06-21,options,11373.938111,177.299743433,13543.0,2016,6,2
2016-06-22,options,13614.379102,212.146904633,14903.0,2016,6,2
2016-06-23,options,21540.894747,338.075634564,21868.0,2016,6,2
2016-06-24,options,27486.754372,427.33584528899996,35424.0,2016,6,2
2016-06-27,options,14936.030457,227.931127231,20677.0,2016,6,2
2016-06-28,options,14258.298093,219.160176533,18474.0,2016,6,2
2016-06-29,options,16310.600647,251.66990405700002,19872.0,2016,6,2
2016-06-30,options,13574.42146,211.250382601,16009.0,2016,6,2
2016-07-01,options,18464.38279,287.71700711299997,18252.0,2016,7,3
2016-07-04,options,16368.783546,255.69632119800002,15068.0,2016,7,3
2016-07-05,options,12192.954551,191.45904728600001,13411.0,2016,7,3
2016-07-06,options,12808.034292,199.292245113,15369.0,2016,7,3
2016-07-07,options,16376.46527,253.386413669,19823.0,2016,7,3
2016-07-08,options,21529.060915,336.128976034,23959.0,2016,7,3
2016-07-11,options,13171.998349,205.015476538,16740.0,2016,7,3
2016-07-12,options,19454.958051,303.025401714,18876.0,2016,7,3
2016-07-13,options,15822.966635,247.60952374599998,18762.0,2016,7,3
2016-07-14,options,22934.846013,359.181402516,25829.0,2016,7,3
2016-07-15,options,19436.246209,305.71046913,20552.0,2016,7,3
2016-07-18,options,21874.096214,346.275132128,22722.0,2016,7,3
2016-07-19,options,19792.383234,313.59039527600004,20962.0,2016,7,3
2016-07-20,options,33635.814812,533.994211887,33573.0,2016,7,3
2016-07-21,options,26295.479937,414.635522192,25181.0,2016,7,3
2016-07-22,options,14691.39187,230.499124845,15241.0,2016,7,3
2016-07-25,options,16265.412586,251.68138063,17127.0,2016,7,3
2016-07-26,options,16928.143688,260.760334327,21974.0,2016,7,3
2016-07-27,options,10391.150293,158.062425358,12834.0,2016,7,3
2016-07-28,options,13727.7958,208.16501508000002,16763.0,2016,7,3
2016-07-29,options,20180.295911,305.241760802,22200.0,2016,7,3
2016-08-01,options,14388.833935,214.59472664199998,19416.0,2016,8,3
2016-08-02,options,20529.695522,311.266805276,23595.0,2016,8,3
2016-08-03,options,15606.684196,233.347949152,21373.0,2016,8,3
2016-08-04,options,15561.469368,233.158571334,18645.0,2016,8,3
2016-08-05,options,19962.742918,300.670434843,22584.0,2016,8,3
2016-08-08,options,19181.001859,292.559669736,19915.0,2016,8,3
2016-08-09,options,17105.685768,262.84130381299997,16416.0,2016,8,3
2016-08-10,options,17858.051033,275.651866379,18115.0,2016,8,3
2016-08-11,options,17263.371154,266.353736232,18420.0,2016,8,3
2016-08-12,options,22565.205818,347.425866755,22647.0,2016,8,3
2016-08-15,options,24908.992732,387.167959849,24774.0,2016,8,3
2016-08-16,options,27645.028452,430.556950454,29501.0,2016,8,3
2016-08-17,options,22605.811949,353.484238797,25251.0,2016,8,3
2016-08-18,options,46180.427591,721.633451589,37222.0,2016,8,3
2016-08-19,options,16467.470106,259.131502391,16876.0,2016,8,3
2016-08-22,options,18345.535364,286.922014292,14791.0,2016,8,3
2016-08-23,options,15644.320469,243.651401683,13847.0,2016,8,3
2016-08-24,options,9809.575641,151.456198408,12315.0,2016,8,3
2016-08-25,options,10175.110958,156.98939979,12019.0,2016,8,3
2016-08-26,options,12261.201327,188.79099877000002,15971.0,2016,8,3
2016-08-29,options,14194.851345,219.266139593,14441.0,2016,8,3
2016-08-30,options,13191.24626,202.68966764500001,13664.0,2016,8,3
2016-08-31,options,12803.318858,197.255756804,13795.0,2016,8,3
2016-09-01,options,14362.046564,220.096187392,16393.0,2016,9,3
2016-09-02,options,23189.385556,355.35693793400003,23578.0,2016,9,3
2016-09-05,options,20343.866149,308.856236815,22471.0,2016,9,3
2016-09-06,options,24207.210636,373.773410022,22953.0,2016,9,3
2016-09-07,options,18971.768286,292.63601271600004,23290.0,2016,9,3
2016-09-08,options,24047.52332,373.522427944,21941.0,2016,9,3
2016-09-09,options,29246.224669,457.165126991,23610.0,2016,9,3
2016-09-12,options,38388.683015,598.3115007079999,34690.0,2016,9,3
2016-09-13,options,26274.959844,403.89522909500005,25964.0,2016,9,3
2016-09-14,options,26803.162692,413.56395585900003,28245.0,2016,9,3
2016-09-15,options,34184.993591,526.135860987,24720.0,2016,9,3
2016-09-16,options,21175.261313,324.689288268,17068.0,2016,9,3
2016-09-19,options,18391.683202,282.975093116,13695.0,2016,9,3
2016-09-20,options,13414.429099,206.63874035100002,15436.0,2016,9,3
2016-09-21,options,15536.977385,239.948501188,17086.0,2016,9,3
2016-09-22,options,26464.85359,410.67454951999997,24613.0,2016,9,3
2016-09-23,options,12001.489209,188.128218694,15344.0,2016,9,3
2016-09-26,options,15551.393955,243.507222434,17411.0,2016,9,3
2016-09-27,options,12962.650067,202.06592092699998,14820.0,2016,9,3
2016-09-28,options,16671.821544,261.756505815,15060.0,2016,9,3
2016-09-29,options,26612.616266,416.141387627,25378.0,2016,9,3
2016-09-30,options,19556.936566,309.650489264,20697.0,2016,9,3
2016-10-03,options,22961.760202,362.195725314,21992.0,2016,10,4
2016-10-04,options,18267.608123,292.058830668,15529.0,2016,10,4
2016-10-05,options,20816.758191,333.429301676,15835.0,2016,10,4
2016-10-06,options,16531.328299,264.677845843,13347.0,2016,10,4
2016-10-07,options,22657.619446,363.16107462699995,19251.0,2016,10,4
2016-10-10,options,21837.31179,350.50120764499997,20417.0,2016,10,4
2016-10-11,options,19196.676933,307.696253358,18380.0,2016,10,4
2016-10-12,options,23175.990499,372.636699955,20747.0,2016,10,4
2016-10-13,options,24375.093791,389.445683776,21570.0,2016,10,4
2016-10-14,options,17237.551033,272.11528708,15654.0,2016,10,4
2016-10-17,options,21384.596419,339.473602298,20685.0,2016,10,4
2016-10-18,options,17370.715628,275.066358854,17243.0,2016,10,4
2016-10-19,options,25065.616197,398.562827111,21246.0,2016,10,4
2016-10-20,options,26977.515316,431.06021043699997,24273.0,2016,10,4
2016-10-21,options,16500.415195,264.347545715,15579.0,2016,10,4
2016-10-24,options,14325.711776,229.395271666,15412.0,2016,10,4
2016-10-25,options,23969.678862,385.148507702,18821.0,2016,10,4
2016-10-26,options,18853.14605,303.847763828,21551.0,2016,10,4
2016-10-27,options,17061.609311,274.039375567,15680.0,2016,10,4
2016-10-28,options,9327.059694,147.954861826,9210.0,2016,10,4
2016-10-31,options,16141.321422,256.603688209,14492.0,2016,10,4
2016-11-01,options,13148.7163,207.992044912,14557.0,2016,11,4
2016-11-02,options,24860.621109,393.34869837400004,22662.0,2016,11,4
2016-11-03,options,17985.195235,283.603902369,19049.0,2016,11,4
2016-11-04,options,,,,2016,11,4
2016-11-07,options,20220.031638,318.404133862,19053.0,2016,11,4
2016-11-08,options,16393.657071,256.52204707100003,14496.0,2016,11,4
2016-11-09,options,43425.486966,681.329459555,39779.0,2016,11,4
2016-11-10,options,55049.434014,861.590570675,48751.0,2016,11,4
2016-11-11,options,56223.590307,879.967544183,52915.0,2016,11,4
2016-11-14,options,34337.694934,526.516903401,39403.0,2016,11,4
2016-11-15,options,40443.992897,614.098779015,40171.0,2016,11,4
2016-11-16,options,51530.095506,786.061364019,49024.0,2016,11,4
2016-11-17,options,36908.165232,571.809154545,34339.0,2016,11,4
2016-11-18,options,19379.620231,298.53656036900003,22127.0,2016,11,4
2016-11-21,options,21869.892511,335.931180788,25316.0,2016,11,4
2016-11-22,options,26755.053879,415.722270409,30836.0,2016,11,4
2016-11-23,options,16811.16692,264.20937446,23879.0,2016,11,4
2016-11-24,options,19992.511818,312.340538364,22538.0,2016,11,4
2016-11-25,options,20396.920043,315.605489935,20326.0,2016,11,4
2016-11-28,options,31645.560211,489.737442407,28889.0,2016,11,4
2016-11-29,options,36725.185384,565.740054872,28099.0,2016,11,4
2016-11-30,options,31287.997672,481.762196447,35746.0,2016,11,4
2016-12-01,options,43261.326646,663.128759622,44287.0,2016,12,4
2016-12-02,options,27910.847142,438.29366106199996,28204.0,2016,12,4
2016-12-05,options,33805.562739,526.9538155619999,34097.0,2016,12,4
2016-12-06,options,24198.116097,378.543901949,28185.0,2016,12,4
2016-12-07,options,23646.494096,370.20473237199997,27069.0,2016,12,4
2016-12-08,options,35378.299544,553.552254277,36941.0,2016,12,4
2016-12-09,options,35463.429612,559.4474470299999,36200.0,2016,12,4
2016-12-12,options,70917.774308,1120.29443102,65567.0,2016,12,4
2016-12-13,options,45205.671492,734.0918781299999,43964.0,2016,12,4
2016-12-14,options,49999.313949,818.734774583,44259.0,2016,12,4
2016-12-15,options,55882.28826,918.997174051,47423.0,2016,12,4
2016-12-16,options,27192.212264,441.168462088,28810.0,2016,12,4
2016-12-19,options,28356.177544,459.198198327,23160.0,2016,12,4
2016-12-20,options,25523.131791,413.041776363,23436.0,2016,12,4
2016-12-21,options,19099.828401,309.07521600700005,22376.0,2016,12,4
2016-12-22,options,27657.291697,452.58801779400005,26399.0,2016,12,4
2016-12-23,options,20990.363317,344.872647702,21397.0,2016,12,4
2016-12-26,options,14262.40146,234.37543481999998,12799.0,2016,12,4
2016-12-27,options,14365.25778,235.850191107,14318.0,2016,12,4
2016-12-28,options,23385.878856,384.265172539,16668.0,2016,12,4
2016-12-29,options,20923.504608,344.891606593,21971.0,2016,12,4
2016-12-30,options,42257.642883,701.104024737,25203.0,2016,12,4
2017-01-03,options,25982.377078,428.349900473,28870.0,2017,1,1
2017-01-04,options,32124.372615,529.607886572,23662.0,2017,1,1
2017-01-05,options,22774.110779,375.457875015,29671.0,2017,1,1
2017-01-06,options,16083.939142,265.16256422600003,22304.0,2017,1,1
2017-01-09,options,23853.120637,393.246615587,23647.0,2017,1,1
2017-01-10,options,18109.959387,302.35623666600003,20797.0,2017,1,1
2017-01-11,options,21592.328663,360.15246305,24293.0,2017,1,1
2017-01-12,options,27182.017076,451.818226903,33338.0,2017,1,1
2017-01-13,options,22871.244349,384.40487461699996,24018.0,2017,1,1
2017-01-16,options,26180.617581,440.97385179400004,26131.0,2017,1,1
2017-01-17,options,24386.665735,409.126251495,28342.0,2017,1,1
2017-01-18,options,30793.064278,518.388664899,28404.0,2017,1,1
2017-01-19,options,44053.877313,744.3670870520001,42982.0,2017,1,1
2017-01-20,options,24112.418199,406.260573745,25880.0,2017,1,1
2017-01-23,options,18798.847913,315.048473731,20821.0,2017,1,1
2017-01-24,options,20475.636477,344.10868079799997,20658.0,2017,1,1
2017-01-25,options,18310.440413,309.21023110000004,21591.0,2017,1,1
2017-01-26,options,22701.33849,383.799842262,32407.0,2017,1,1
2017-01-27,options,35874.470374,601.5613219960001,36503.0,2017,1,1
2017-01-30,options,25609.428631,424.562308619,26549.0,2017,1,1
2017-01-31,options,17492.912221,290.76444223699997,19982.0,2017,1,1
2017-02-01,options,24256.494509,403.70232402,24265.0,2017,2,1
2017-02-02,options,29261.513691,485.185909627,29501.0,2017,2,1
2017-02-03,options,30381.575145,506.47945255400003,30755.0,2017,2,1
2017-02-06,options,25628.475334,432.083571485,27575.0,2017,2,1
2017-02-07,options,22324.509811,380.23694964099997,23430.0,2017,2,1
2017-02-08,options,24178.795356,408.471826305,25364.0,2017,2,1
2017-02-09,options,23457.775538,394.162871209,26474.0,2017,2,1
2017-02-10,options,29681.509613,502.876135997,28363.0,2017,2,1
2017-02-13,options,38323.63278,651.256298761,33999.0,2017,2,1
2017-02-14,options,37510.310418,646.040009335,38310.0,2017,2,1
2017-02-15,options,45619.106645,790.094471049,48895.0,2017,2,1
2017-02-16,options,30786.485063,542.28385985,29033.0,2017,2,1
2017-02-17,options,32077.795457,561.2843842159999,32794.0,2017,2,1
2017-02-20,options,23677.094149,410.81673987,27586.0,2017,2,1
2017-02-21,options,22541.270947,387.99572001499996,25630.0,2017,2,1
2017-02-22,options,28343.014289,489.863535301,32148.0,2017,2,1
2017-02-24,options,23413.374091,407.357725302,25085.0,2017,2,1
2017-02-27,options,23399.570779,407.117568298,23331.0,2017,2,1
2017-02-28,options,32129.930717,554.5657396900001,34031.0,2017,2,1
2017-03-01,options,25597.654016,441.622871536,27061.0,2017,3,1
2017-03-02,options,30237.738585,517.968169041,31984.0,2017,3,1
2017-03-03,options,30283.159496,518.487767602,30354.0,2017,3,1
2017-03-06,options,26282.29447,446.14393285299997,29148.0,2017,3,1
2017-03-07,options,24367.708758,417.705894338,24745.0,2017,3,1
2017-03-09,options,56684.575552,972.908630726,58723.0,2017,3,1
2017-03-10,options,34335.059495,583.613955293,36179.0,2017,3,1
2017-03-13,options,32835.137702,554.484622797,31046.0,2017,3,1
2017-03-14,options,37329.995142,631.291910263,38734.0,2017,3,1
2017-03-15,options,29958.28767,508.163783119,31172.0,2017,3,1
2017-03-16,options,61259.839935,1036.3210664199999,55060.0,2017,3,1
2017-03-17,options,48520.795886,833.065136418,36123.0,2017,3,1
2017-03-20,options,46528.303661,803.120489053,38094.0,2017,3,1
2017-03-21,options,46014.569508,803.261071595,35296.0,2017,3,1
2017-03-22,options,31994.616757,559.030770334,35470.0,2017,3,1
2017-03-23,options,28673.883565,497.499541346,30860.0,2017,3,1
2017-03-24,options,25812.998922,448.743783717,28258.0,2017,3,1
2017-03-27,options,29906.469555,520.7945284,30723.0,2017,3,1
2017-03-28,options,23385.563663,410.105407141,23007.0,2017,3,1
2017-03-29,options,18621.815045,327.063443509,20369.0,2017,3,1
2017-03-30,options,31257.166847,548.1395909270001,33916.0,2017,3,1
2017-03-31,options,32062.467618,568.7063125440001,27719.0,2017,3,1
2017-04-03,options,26017.997596,464.93421435799996,21987.0,2017,4,2
2017-04-04,options,25761.987977,458.891548515,25713.0,2017,4,2
2017-04-05,options,48932.588614,865.2166748999999,39156.0,2017,4,2
2017-04-06,options,30493.445223,545.558471804,23956.0,2017,4,2
2017-04-07,options,45651.878549,808.901242786,42861.0,2017,4,2
2017-04-10,options,49183.096573,864.072560888,38275.0,2017,4,2
2017-04-11,options,31482.554441,548.575951758,30876.0,2017,4,2
2017-04-12,options,42873.29441,752.754698605,34387.0,2017,4,2
2017-04-13,options,54845.492534,966.345039679,46531.0,2017,4,2
2017-04-14,options,27229.697494,481.073912607,24397.0,2017,4,2
2017-04-17,options,31022.92313,551.0826658020001,29193.0,2017,4,2
2017-04-18,options,31319.185838,556.780576848,28293.0,2017,4,2
2017-04-19,options,34095.15171,609.067132136,31899.0,2017,4,2
2017-04-20,options,40534.088048,721.564247062,33960.0,2017,4,2
2017-04-21,options,31994.777329,567.1173739769999,30128.0,2017,4,2
2017-04-24,options,32574.03038,579.2926351619999,35003.0,2017,4,2
2017-04-25,options,24015.139305,428.23459782,22366.0,2017,4,2
2017-04-26,options,29066.388858,520.48048552,28900.0,2017,4,2
2017-04-27,options,27962.473447,496.553616246,26982.0,2017,4,2
2017-04-28,options,28623.834263,502.43079798900004,20109.0,2017,4,2
2017-05-01,options,,,,2017,5,2
2017-05-02,options,17549.154338,307.967428252,18719.0,2017,5,2
2017-05-03,options,32337.201309,567.799460403,26956.0,2017,5,2
2017-05-04,options,41100.660189,719.8934397740001,31187.0,2017,5,2
2017-05-05,options,49705.148806,863.365296067,44082.0,2017,5,2
2017-05-08,options,,,,2017,5,2
2017-05-09,options,,,,2017,5,2
2017-05-10,options,32618.883716,557.2238933890001,26817.0,2017,5,2
2017-05-11,options,34811.868624,599.3531366469999,28094.0,2017,5,2
2017-05-12,options,28242.609066,494.477197603,22865.0,2017,5,2
2017-05-15,options,37819.344729,661.5937430729999,28591.0,2017,5,2
2017-05-16,options,30463.619662,538.933012217,21511.0,2017,5,2
2017-05-17,options,33604.899081,597.311053816,30556.0,2017,5,2
2017-05-18,options,59563.695495,1049.79697127,47766.0,2017,5,2
2017-05-19,options,34976.252827,608.618191716,24982.0,2017,5,2
2017-05-22,options,29775.077787,520.905766372,21091.0,2017,5,2
2017-05-23,options,25018.660729,442.81755947000005,19981.0,2017,5,2
2017-05-24,options,24835.020687,439.128863252,21842.0,2017,5,2
2017-05-25,options,20809.818145,369.79257218699996,24348.0,2017,5,2
2017-05-26,options,37138.409653,662.3567579329999,26193.0,2017,5,2
2017-05-29,options,18629.948363,328.24632396600003,17088.0,2017,5,2
2017-05-30,options,19377.694002,341.694392265,16993.0,2017,5,2
2017-05-31,options,27979.039941,495.05704394099996,26632.0,2017,5,2
2017-06-01,options,33259.06755,586.7079846390001,27980.0,2017,6,2
2017-06-02,options,34764.503284,614.895003546,26311.0,2017,6,2
2017-06-05,options,21211.030839,374.174084615,17621.0,2017,6,2
2017-06-06,options,19156.053082,338.355301792,13838.0,2017,6,2
2017-06-07,options,23384.347261,412.606458631,19976.0,2017,6,2
2017-06-08,options,31045.875998,548.631966572,23580.0,2017,6,2
2017-06-09,options,24952.640931,437.875483341,19068.0,2017,6,2
2017-06-12,options,,,,2017,6,2
2017-06-13,options,24414.091185,428.30236105800003,19447.0,2017,6,2
2017-06-14,options,40611.417781,713.612778529,32191.0,2017,6,2
2017-06-15,options,70426.18374,1234.8906412899998,53702.0,2017,6,2
2017-06-16,options,36042.979424,627.448778961,25609.0,2017,6,2
2017-06-19,options,28192.104526,488.252752404,22142.0,2017,6,2
2017-06-20,options,39332.819216,678.637632375,37411.0,2017,6,2
2017-06-21,options,33742.703415,576.024408487,36012.0,2017,6,2
2017-06-22,options,30643.722313,510.728705217,33393.0,2017,6,2
2017-06-23,options,27604.600216,458.943080857,23094.0,2017,6,2
2017-06-26,options,27132.114666,454.806435957,25838.0,2017,6,2
2017-06-27,options,18189.429324,308.28809695999996,21643.0,2017,6,2
2017-06-28,options,27603.264603,468.771210713,23891.0,2017,6,2
2017-06-29,options,27594.53829,463.450505782,23946.0,2017,6,2
2017-06-30,options,13719.953295,232.20508068799998,17436.0,2017,6,2
2017-07-03,options,18277.359581,307.771158636,21076.0,2017,7,3
2017-07-04,options,18122.261599,307.31584291900003,17948.0,2017,7,3
2017-07-05,options,28309.36594,477.960576064,30201.0,2017,7,3
2017-07-06,options,18969.637565,318.39629876099997,21926.0,2017,7,3
2017-07-07,options,22451.28493,372.681207816,27031.0,2017,7,3
2017-07-10,options,19706.992773,326.387112996,19979.0,2017,7,3
2017-07-11,options,27446.478421,455.154912175,23938.0,2017,7,3
2017-07-12,options,28576.805128,470.47985301200004,30861.0,2017,7,3
2017-07-13,options,49469.527373,816.023162495,27606.0,2017,7,3
2017-07-14,options,36371.525549,604.342803505,33927.0,2017,7,3
2017-07-17,options,27602.33743,460.95626012400004,27748.0,2017,7,3
2017-07-18,options,25005.052675,423.343034536,26279.0,2017,7,3
2017-07-19,options,24298.413759,409.267460422,27450.0,2017,7,3
2017-07-20,options,45447.267442,767.148659257,37523.0,2017,7,3
2017-07-21,options,25733.3208,435.550423731,25213.0,2017,7,3
2017-07-24,options,31380.41403,532.480618165,30751.0,2017,7,3
2017-07-25,options,22337.019826,374.42286641000004,22108.0,2017,7,3
2017-07-26,options,23421.766886,391.547211749,22227.0,2017,7,3
2017-07-27,options,19098.415265,318.784034522,22493.0,2017,7,3
2017-07-28,options,26168.108757,440.46491607499996,22643.0,2017,7,3
2017-07-31,options,34581.595571,580.77770862,26516.0,2017,7,3
2017-08-01,options,30368.649591,505.610740519,23107.0,2017,8,3
2017-08-02,options,23621.246659,394.704466158,26809.0,2017,8,3
2017-08-03,options,25019.564048,412.987444237,26796.0,2017,8,3
2017-08-04,options,17808.907828,293.14929848900005,19461.0,2017,8,3
2017-08-07,options,20009.20199,331.673001305,20057.0,2017,8,3
2017-08-08,options,23298.155019,387.911439615,21643.0,2017,8,3
2017-08-09,options,22370.389678,372.910680996,21324.0,2017,8,3
2017-08-10,options,28506.516532,475.41683745,34954.0,2017,8,3
2017-08-11,options,27726.880694,462.655985737,37938.0,2017,8,3
2017-08-14,options,23792.675086,395.31055697799997,21987.0,2017,8,3
2017-08-15,options,21924.916549,366.643531648,23318.0,2017,8,3
2017-08-16,options,23681.392571,395.17330486000003,25750.0,2017,8,3
2017-08-17,options,34677.193313,581.323931815,30923.0,2017,8,3
2017-08-18,options,24557.581496,414.480944759,24541.0,2017,8,3
2017-08-21,options,14634.252926,246.52892674,20011.0,2017,8,3
2017-08-22,options,15250.491094,257.86707835,16067.0,2017,8,3
2017-08-23,options,12100.523732,204.95605884900002,14321.0,2017,8,3
2017-08-24,options,16679.315096,282.07300200199995,16964.0,2017,8,3
2017-08-25,options,18229.778034,308.24941678799996,17939.0,2017,8,3
2017-08-28,options,24690.381364,417.43674069599996,23671.0,2017,8,3
2017-08-29,options,14626.547129,249.826158669,15136.0,2017,8,3
2017-08-30,options,29492.491652,503.86953550199996,24756.0,2017,8,3
2017-08-31,options,35474.269145,604.016801208,30670.0,2017,8,3
2017-09-01,options,30367.366403,518.6977354840001,30546.0,2017,9,3
2017-09-04,options,28539.928211,491.595626459,22679.0,2017,9,3
2017-09-05,options,25681.605711,444.45915767400004,24156.0,2017,9,3
2017-09-06,options,19786.657696,342.03206718,20540.0,2017,9,3
2017-09-07,options,47672.044403,831.411322597,31653.0,2017,9,3
2017-09-08,options,23991.01204,419.85562125999996,20552.0,2017,9,3
2017-09-11,options,24823.76279,435.530589368,21728.0,2017,9,3
2017-09-12,options,26995.510823,472.20210152600004,22569.0,2017,9,3
2017-09-13,options,27369.756319,477.944111631,27636.0,2017,9,3
2017-09-14,options,31181.037012,540.70006038,30047.0,2017,9,3
2017-09-15,options,29693.923283,513.997141851,23821.0,2017,9,3
2017-09-18,options,22650.29277,393.68808435399995,20278.0,2017,9,3
2017-09-19,options,25425.258512,441.225362122,22299.0,2017,9,3
2017-09-20,options,26802.062678,461.314726305,24602.0,2017,9,3
2017-09-21,options,39781.471939,684.3653243480001,34830.0,2017,9,3
2017-09-22,options,27469.217728,471.78351489600004,22997.0,2017,9,3
2017-09-25,options,22852.571807,396.383375054,26155.0,2017,9,3
2017-09-26,options,24987.481955,434.06667051700003,33899.0,2017,9,3
2017-09-27,options,26085.799073,453.519367179,30060.0,2017,9,3
2017-09-28,options,26002.193226,448.234848802,28723.0,2017,9,3
2017-09-29,options,23530.300086,402.740243318,23310.0,2017,9,3
2017-10-02,options,17822.702538,307.198463517,19257.0,2017,10,4
2017-10-03,options,21436.882702,370.794360858,19761.0,2017,10,4
2017-10-04,options,24065.669464,415.372935732,22857.0,2017,10,4
2017-10-05,options,30663.122519,530.658089531,24251.0,2017,10,4
2017-10-06,options,29250.689881,507.99116170099995,25994.0,2017,10,4
2017-10-09,options,23958.799347,414.79054013800004,19378.0,2017,10,4
2017-10-10,options,17503.065221,300.146363823,16887.0,2017,10,4
2017-10-11,options,18730.329149,322.540207452,18696.0,2017,10,4
2017-10-12,options,18283.766116,315.667307471,18559.0,2017,10,4
2017-10-13,options,29227.850389,506.66356467400004,27475.0,2017,10,4
2017-10-16,options,23339.038412,405.053808287,22540.0,2017,10,4
2017-10-17,options,18517.616293,324.380476035,19076.0,2017,10,4
2017-10-18,options,20408.016127,355.917350207,21519.0,2017,10,4
2017-10-19,options,44467.395393,776.423343879,32887.0,2017,10,4
2017-10-20,options,29480.917011,512.082851508,26547.0,2017,10,4
2017-10-23,options,20796.009424,361.595523423,18880.0,2017,10,4
2017-10-24,options,19534.107833,339.897405508,19682.0,2017,10,4
2017-10-25,options,18278.586788,317.41813500700005,19287.0,2017,10,4
2017-10-26,options,24956.054888,433.159559968,26939.0,2017,10,4
2017-10-27,options,37510.22748,649.3669529450001,35883.0,2017,10,4
2017-10-30,options,24716.917561,425.542583858,21706.0,2017,10,4
2017-10-31,options,26764.595316,462.482380235,23011.0,2017,10,4
2017-11-01,options,24852.51744,427.622426825,22842.0,2017,11,4
2017-11-02,options,27678.582242,475.939284404,23286.0,2017,11,4
2017-11-03,options,33227.827927,572.036516443,28880.0,2017,11,4
2017-11-07,options,54386.693035,930.807211328,47598.0,2017,11,4
2017-11-08,options,28340.549211,484.820970598,32294.0,2017,11,4
2017-11-09,options,28388.583269,479.148380857,30964.0,2017,11,4
2017-11-10,options,27181.039238,458.730812908,25158.0,2017,11,4
2017-11-13,options,27743.880853,468.00786853399995,25032.0,2017,11,4
2017-11-14,options,42660.525898,720.8325107000001,30925.0,2017,11,4
2017-11-15,options,49883.801241,836.685936948,40250.0,2017,11,4
2017-11-16,options,43254.820929,717.934254992,39126.0,2017,11,4
2017-11-17,options,30061.112097,501.103722583,28929.0,2017,11,4
2017-11-20,options,23456.826504,393.356416451,26596.0,2017,11,4
2017-11-21,options,29397.039758,495.946657725,25440.0,2017,11,4
2017-11-22,options,25192.85231,423.691268643,27016.0,2017,11,4
2017-11-23,options,20096.534647,340.58401838099996,22975.0,2017,11,4
2017-11-24,options,27533.471079,470.96193915,21000.0,2017,11,4
2017-11-27,options,23024.157223,393.361509863,21888.0,2017,11,4
2017-11-28,options,25194.23657,432.316469191,20912.0,2017,11,4
2017-11-29,options,28340.682015,485.181802097,23170.0,2017,11,4
2017-11-30,options,42458.686815,727.891070372,30665.0,2017,11,4
2017-12-01,options,26935.675029,459.799100551,22610.0,2017,12,4
2017-12-04,options,38989.406924,666.278301862,38183.0,2017,12,4
2017-12-05,options,16137.602061,273.55994482200003,17079.0,2017,12,4
2017-12-06,options,20165.079311,343.572239523,20501.0,2017,12,4
2017-12-07,options,25996.894821,441.162956569,24511.0,2017,12,4
2017-12-08,options,21090.885308,355.69536128,19590.0,2017,12,4
2017-12-11,options,24332.368604,410.45744097200003,18977.0,2017,12,4
2017-12-12,options,35478.684876,598.950023905,28189.0,2017,12,4
2017-12-13,options,27377.82187,465.316414331,22961.0,2017,12,4
2017-12-14,options,27385.986978,463.034444024,26749.0,2017,12,4
2017-12-15,options,26418.486166,449.99652801499997,16856.0,2017,12,4
2017-12-18,options,23750.134743,403.236994076,21361.0,2017,12,4
2017-12-19,options,26780.372713,456.271044962,19191.0,2017,12,4
2017-12-20,options,20653.101752,352.371655352,16040.0,2017,12,4
2017-12-21,options,35246.67014,600.2805003660001,24086.0,2017,12,4
2017-12-22,options,18392.560043,314.08274720099996,15044.0,2017,12,4
2017-12-25,options,18398.674398,315.503923471,15754.0,2017,12,4
2017-12-26,options,13200.853137,226.82306945699997,13288.0,2017,12,4
2017-12-27,options,23080.407642,399.769420293,21643.0,2017,12,4
2017-12-28,options,18316.493194,318.800530403,16320.0,2017,12,4
2017-12-29,options,18179.161896,315.451081068,14515.0,2017,12,4
2018-01-01,options,,,,2018,1,1
2018-01-02,options,,,,2018,1,1
2018-01-03,options,20527.909063,356.38607267000003,14120.0,2018,1,1
2018-01-04,options,35951.645075,624.158337558,31744.0,2018,1,1
2018-01-05,options,21398.464279,371.499826025,21910.0,2018,1,1
2018-01-09,options,29064.047747,504.582410252,26647.0,2018,1,1
2018-01-10,options,30547.42894,535.484841962,24723.0,2018,1,1
2018-01-11,options,30774.793873,541.110499337,23316.0,2018,1,1
2018-01-12,options,40985.385247,719.096094039,32877.0,2018,1,1
2018-01-15,options,34032.734384,601.264875985,29512.0,2018,1,1
2018-01-16,options,24294.059313,431.075153406,22162.0,2018,1,1
2018-01-17,options,32880.766112,583.1184425,27055.0,2018,1,1
2018-01-18,options,38351.816832,677.683736043,33460.0,2018,1,1
2018-01-19,options,26615.780413,468.92038564300003,25604.0,2018,1,1
2018-01-22,options,19436.567517,343.46779097399997,16712.0,2018,1,1
2018-01-23,options,24631.46676,434.98434043699996,22658.0,2018,1,1
2018-01-24,options,20796.4618,368.656422892,18769.0,2018,1,1
2018-01-25,options,49333.338529,874.878318549,45833.0,2018,1,1
2018-01-26,options,29859.115431,533.877276662,30009.0,2018,1,1
2018-01-29,options,29745.855599,532.8048533909999,26269.0,2018,1,1
2018-01-30,options,26131.14566,464.216988567,28273.0,2018,1,1
2018-01-31,options,18245.611521,324.127868928,20634.0,2018,1,1
2018-02-01,options,30580.228558,544.2871379400001,28113.0,2018,2,1
2018-02-02,options,27128.326878,482.184501211,26934.0,2018,2,1
2018-02-05,options,30142.249289,537.862580281,29003.0,2018,2,1
2018-02-06,options,63634.416468,1123.7310379,57096.0,2018,2,1
2018-02-07,options,31252.155096,546.17919552,33342.0,2018,2,1
2018-02-08,options,50278.884238,882.808972228,54480.0,2018,2,1
2018-02-09,options,79015.910527,1370.05337844,63982.0,2018,2,1
2018-02-12,options,59511.446351,1023.02913699,56100.0,2018,2,1
2018-02-13,options,38058.692169,655.990943515,34819.0,2018,2,1
2018-02-14,options,47985.532182,830.629204069,43296.0,2018,2,1
2018-02-15,options,64474.018965,1119.5369147200001,54738.0,2018,2,1
2018-02-16,options,31931.032439,564.234260776,37058.0,2018,2,1
2018-02-19,options,18532.169851,328.844615618,20674.0,2018,2,1
2018-02-20,options,17069.214674,302.94752349000004,20282.0,2018,2,1
2018-02-21,options,30848.05923,545.789183494,26191.0,2018,2,1
2018-02-22,options,36826.841698,650.0341848459999,31013.0,2018,2,1
2018-02-26,options,44732.055535,788.0800752460001,41494.0,2018,2,1
2018-02-27,options,29722.937538,531.518460716,25968.0,2018,2,1
2018-02-28,options,33330.374266,598.6951048020001,30570.0,2018,2,1
2018-03-01,options,40937.67354,726.177463095,41579.0,2018,3,1
2018-03-02,options,49058.362747,869.314320013,43598.0,2018,3,1
2018-03-05,options,36399.512648,642.401779124,32873.0,2018,3,1
2018-03-06,options,39561.377926,692.843746515,34727.0,2018,3,1
2018-03-07,options,39093.905253,691.877319575,35010.0,2018,3,1
2018-03-09,options,29043.63572,511.32171243199997,25271.0,2018,3,1
2018-03-12,options,33615.805343,591.816097628,28668.0,2018,3,1
2018-03-13,options,27923.627227,493.24398675599997,28044.0,2018,3,1
2018-03-14,options,45597.824924,800.8624597840001,43261.0,2018,3,1
2018-03-15,options,40215.700592,706.316794503,42784.0,2018,3,1
2018-03-16,options,36602.623212,641.939556988,33513.0,2018,3,1
2018-03-19,options,34988.461113,608.556360694,32664.0,2018,3,1
2018-03-20,options,31628.047663,549.555058165,30837.0,2018,3,1
2018-03-21,options,32653.764733,565.890767651,33544.0,2018,3,1
2018-03-22,options,46172.074476,803.05684413,46278.0,2018,3,1
2018-03-23,options,40313.437779,709.255385448,35474.0,2018,3,1
2018-03-26,options,34520.987624,604.49448798,34613.0,2018,3,1
2018-03-27,options,32807.0947,575.5236869759999,29370.0,2018,3,1
2018-03-28,options,34229.01235,598.67410498,32223.0,2018,3,1
2018-03-29,options,26946.673209,468.15091798400005,26105.0,2018,3,1
2018-03-30,options,28999.079658,502.039029718,23535.0,2018,3,1
2018-04-02,options,31314.936563,546.843468914,25870.0,2018,4,2
2018-04-03,options,26567.471778,463.777110553,22820.0,2018,4,2
2018-04-04,options,38019.555316,660.7787150290001,30633.0,2018,4,2
2018-04-05,options,32655.447664,565.319376642,29984.0,2018,4,2
2018-04-06,options,37265.751977,647.2040788229999,27366.0,2018,4,2
2018-04-09,options,93146.353912,1610.6034926700002,93839.0,2018,4,2
2018-04-10,options,57143.977536,975.629360678,59496.0,2018,4,2
2018-04-11,options,42711.442308,684.808574457,46155.0,2018,4,2
2018-04-12,options,43924.983954,685.6572158170001,46594.0,2018,4,2
2018-04-13,options,40302.85195,649.355796822,32367.0,2018,4,2
2018-04-16,options,25853.672011,420.856406787,27423.0,2018,4,2
2018-04-17,options,29663.868291,476.303051908,33120.0,2018,4,2
2018-04-18,options,32788.56503,536.239276053,38925.0,2018,4,2
2018-04-19,options,31678.014434,514.638624588,33042.0,2018,4,2
2018-04-20,options,18770.254734,308.42555138700004,21995.0,2018,4,2
2018-04-23,options,23572.852853,384.40977089899997,30297.0,2018,4,2
2018-04-24,options,16225.992051,262.703160357,20105.0,2018,4,2
2018-04-25,options,19185.701126,311.130913882,23033.0,2018,4,2
2018-04-26,options,18337.30946,296.963362559,25971.0,2018,4,2
2018-04-27,options,13456.856517,214.95648777099998,17112.0,2018,4,2
2018-04-28,options,7513.217814,119.77836645100001,7838.0,2018,4,2
2018-04-30,options,8650.313084,139.52185388,11160.0,2018,4,2
2018-05-02,options,19907.014135,321.08242677,24240.0,2018,5,2
2018-05-03,options,17728.926635,285.95181323500003,22867.0,2018,5,2
2018-05-04,options,20726.144352,326.467951233,22326.0,2018,5,2
2018-05-07,options,117407.963724,1857.6856724900001,20103.0,2018,5,2
2018-05-08,options,16546.461101,263.836623907,20106.0,2018,5,2
2018-05-10,options,33925.099796,538.437239845,38896.0,2018,5,2
2018-05-11,options,30664.179357,490.447169869,29302.0,2018,5,2
2018-05-14,options,20858.704159,337.87266558600004,22777.0,2018,5,2
2018-05-15,options,29301.297554,474.37358833999997,31906.0,2018,5,2
2018-05-16,options,26163.48379,422.56145044,27950.0,2018,5,2
2018-05-17,options,25859.010701,415.050417891,26580.0,2018,5,2
2018-05-18,options,18520.850268,299.585908915,20561.0,2018,5,2
2018-05-21,options,20426.358338,329.772272,19569.0,2018,5,2
2018-05-22,options,358.216813,5.728471871519999,23256.0,2018,5,2
2018-05-23,options,27034.138811,441.294441994,25571.0,2018,5,2
2018-05-24,options,25181.217985,408.82250826,23221.0,2018,5,2
2018-05-25,options,24772.777524,403.40630077,25592.0,2018,5,2
2018-05-28,options,16515.102104,267.815796153,15112.0,2018,5,2
2018-05-29,options,28173.493835,452.433618137,28239.0,2018,5,2
2018-05-30,options,23065.238607,368.207250838,24328.0,2018,5,2
2018-05-31,options,22144.104506,353.775292178,24761.0,2018,5,2
2018-06-01,options,14936.486909,240.838050865,16889.0,2018,6,2
2018-06-04,options,17013.46635,273.503773776,16460.0,2018,6,2
2018-06-05,options,15782.499078,254.848279126,15744.0,2018,6,2
2018-06-06,options,17984.628315,290.157953654,16064.0,2018,6,2
2018-06-07,options,24978.590332,402.838905855,22806.0,2018,6,2
2018-06-08,options,36905.391976,597.0538641210001,31557.0,2018,6,2
2018-06-09,options,8622.074136,137.583362099,9055.0,2018,6,2
2018-06-11,options,9611.61087,154.172809341,11944.0,2018,6,2
2018-06-13,options,25910.561611,415.612338992,25757.0,2018,6,2
2018-06-14,options,23931.456523,379.16383892299996,25760.0,2018,6,2
2018-06-15,options,30977.016562,497.613962838,30352.0,2018,6,2
2018-06-18,options,34232.4882,546.1024741130001,33050.0,2018,6,2
2018-06-19,options,41269.948481,650.086297307,37985.0,2018,6,2
2018-06-20,options,32742.71764,511.059566744,26066.0,2018,6,2
2018-06-21,options,29475.862039,463.329461846,25504.0,2018,6,2
2018-06-22,options,20781.209981,325.78914581699996,23925.0,2018,6,2
2018-06-25,options,16215.01285,256.405999564,20274.0,2018,6,2
2018-06-26,options,19784.168782,314.28535452899996,22457.0,2018,6,2
2018-06-27,options,25488.038681,405.919954532,26308.0,2018,6,2
2018-06-28,options,21007.384763,332.732799612,21817.0,2018,6,2
2018-06-29,options,23422.021421,370.068752603,21176.0,2018,6,2
2018-07-02,options,20491.170791,326.518699912,21879.0,2018,7,3
2018-07-03,options,11192.20171,177.261768563,14199.0,2018,7,3
2018-07-04,options,8084.727181,127.883643011,15720.0,2018,7,3
2018-07-05,options,19178.155311,303.323679885,22000.0,2018,7,3
2018-07-06,options,16574.264241,262.000623471,19305.0,2018,7,3
2018-07-09,options,21877.164872,346.587616157,22006.0,2018,7,3
2018-07-10,options,17928.303198,285.32896622500004,22697.0,2018,7,3
2018-07-11,options,29514.204095,472.649246768,32474.0,2018,7,3
2018-07-12,options,25952.166334,417.92274041,30651.0,2018,7,3
2018-07-13,options,18453.481933,296.650204208,17777.0,2018,7,3
2018-07-16,options,26806.899041,430.332893067,27584.0,2018,7,3
2018-07-17,options,20295.689494,326.005845161,23063.0,2018,7,3
2018-07-18,options,24014.82459,384.635984028,25498.0,2018,7,3
2018-07-19,options,29436.431084,467.98331151099995,32869.0,2018,7,3
2018-07-20,options,19158.493544,302.783321333,24982.0,2018,7,3
2018-07-23,options,17543.69318,276.32737081199997,18840.0,2018,7,3
2018-07-24,options,12191.661541,192.91916287,16292.0,2018,7,3
2018-07-25,options,20339.505414,323.241800186,26042.0,2018,7,3
2018-07-26,options,15259.586479,241.89466801199998,19250.0,2018,7,3
2018-07-27,options,10876.624555,172.789922888,11811.0,2018,7,3
2018-07-30,options,16264.427639,258.277848445,17993.0,2018,7,3
2018-07-31,options,13239.757775,210.889651643,15019.0,2018,7,3
2018-08-01,options,15822.761918,253.774467528,18565.0,2018,8,3
2018-08-02,options,20558.000765,328.61779704,27203.0,2018,8,3
2018-08-03,options,13792.074938,218.450941273,17348.0,2018,8,3
2018-08-06,options,12300.241914,193.842270873,15440.0,2018,8,3
2018-08-07,options,10883.183522,171.39546473500002,13908.0,2018,8,3
2018-08-08,options,36012.06416,566.739806586,42193.0,2018,8,3
2018-08-09,options,46959.411859,738.413583757,54468.0,2018,8,3
2018-08-10,options,45187.31054,681.706291261,50315.0,2018,8,3
2018-08-13,options,35378.050377,528.760607959,41000.0,2018,8,3
2018-08-14,options,33069.333993,484.721283211,38136.0,2018,8,3
2018-08-15,options,32983.680771,494.111631165,38822.0,2018,8,3
2018-08-16,options,27058.496926,407.647459158,32581.0,2018,8,3
2018-08-17,options,22184.68462,331.643345213,22209.0,2018,8,3
2018-08-20,options,15662.889487,234.208980048,18298.0,2018,8,3
2018-08-21,options,18114.143285,269.633142926,19395.0,2018,8,3
2018-08-22,options,19975.514814,297.35070423,24181.0,2018,8,3
2018-08-23,options,41546.267231,614.441595163,45726.0,2018,8,3
2018-08-24,options,27470.589528,400.878930857,26396.0,2018,8,3
2018-08-27,options,21108.948808,311.382302515,21600.0,2018,8,3
2018-08-28,options,20191.538509,299.59416925,20271.0,2018,8,3
2018-08-29,options,20701.830256,307.18938043699995,19858.0,2018,8,3
2018-08-30,options,21168.09683,310.63270624,23634.0,2018,8,3
2018-08-31,options,23079.658202,338.997448698,21314.0,2018,8,3
2018-09-03,options,21248.133553,312.26728243300005,16679.0,2018,9,3
2018-09-04,options,18852.662538,278.29149519599997,16450.0,2018,9,3
2018-09-05,options,15402.210534,225.59507590799998,14582.0,2018,9,3
2018-09-06,options,32382.963562,473.000864148,36391.0,2018,9,3
2018-09-07,options,29790.574052,436.488729782,24116.0,2018,9,3
2018-09-10,options,28106.6384,407.173814912,24348.0,2018,9,3
2018-09-11,options,22606.329843,323.55539109899996,23665.0,2018,9,3
2018-09-12,options,28310.188058,404.57921837099997,27664.0,2018,9,3
2018-09-13,options,42834.514978,615.679043793,40795.0,2018,9,3
2018-09-14,options,24895.160529,362.70758525300005,24238.0,2018,9,3
2018-09-17,options,19679.282044,288.203466828,16886.0,2018,9,3
2018-09-18,options,32025.444016,469.610210834,25397.0,2018,9,3
2018-09-19,options,37713.48164,556.640944977,29767.0,2018,9,3
2018-09-20,options,52116.434728,777.743475253,45092.0,2018,9,3
2018-09-21,options,16799.736042,252.732122938,21999.0,2018,9,3
2018-09-24,options,14887.196947,224.713424317,21621.0,2018,9,3
2018-09-25,options,18630.369286,281.598220147,21664.0,2018,9,3
2018-09-26,options,16213.590633,246.315813483,17674.0,2018,9,3
2018-09-27,options,27822.329717,423.098606522,29346.0,2018,9,3
2018-09-28,options,21488.315842,326.394055517,25590.0,2018,9,3
2018-10-01,options,12903.990631,196.73536499099998,16766.0,2018,10,4
2018-10-02,options,22675.231219,345.793429138,24900.0,2018,10,4
2018-10-03,options,20957.916881,321.33152537300003,21583.0,2018,10,4
2018-10-04,options,36381.977384,556.0918767920001,42820.0,2018,10,4
2018-10-05,options,26646.068614,402.438679293,26463.0,2018,10,4
2018-10-08,options,25236.395023,378.771294265,22990.0,2018,10,4
2018-10-09,options,17549.657853,262.058398396,17746.0,2018,10,4
2018-10-10,options,24502.785721,369.000074108,23653.0,2018,10,4
2018-10-11,options,46615.724724,704.343771894,42445.0,2018,10,4
2018-10-12,options,23714.557016,355.153483624,24781.0,2018,10,4
2018-10-15,options,27978.194129,424.072023066,25261.0,2018,10,4
2018-10-16,options,20321.551136,309.069260541,23552.0,2018,10,4
2018-10-17,options,26825.119775,409.35319851099996,25463.0,2018,10,4
2018-10-18,options,24951.18806,381.501470278,27638.0,2018,10,4
2018-10-19,options,21835.748979,332.235034782,22195.0,2018,10,4
2018-10-22,options,28121.05225,427.280703954,27467.0,2018,10,4
2018-10-23,options,27567.14794,422.119512453,25430.0,2018,10,4
2018-10-24,options,29394.160863,450.070676098,33710.0,2018,10,4
2018-10-25,options,29042.731659,442.522869287,33408.0,2018,10,4
2018-10-26,options,20104.903798,305.789166418,24371.0,2018,10,4
2018-10-29,options,17765.821696,270.678099109,20288.0,2018,10,4
2018-10-30,options,17597.259036,267.383127563,20361.0,2018,10,4
2018-10-31,options,20213.426824,307.315434076,18836.0,2018,10,4
2018-11-01,options,19967.22937,304.39612919700005,25110.0,2018,11,4
2018-11-02,options,19480.839487,296.730160636,23100.0,2018,11,4
2018-11-06,options,20374.713124,310.685333829,19546.0,2018,11,4
2018-11-07,options,26419.471475,400.348402135,23314.0,2018,11,4
2018-11-08,options,18925.476969,286.351362332,23798.0,2018,11,4
2018-11-09,options,37754.63895,570.1782656629999,36406.0,2018,11,4
2018-11-12,options,23080.401674,345.258118944,25875.0,2018,11,4
2018-11-13,options,33395.602685,494.575285825,30110.0,2018,11,4
2018-11-14,options,36121.517859,533.700907475,40420.0,2018,11,4
2018-11-15,options,39876.534622,586.441187132,38584.0,2018,11,4
2018-11-16,options,16926.793275,254.095392767,21578.0,2018,11,4
2018-11-19,options,15449.850877,234.113125115,15867.0,2018,11,4
2018-11-20,options,23689.768031,358.89183344199995,23985.0,2018,11,4
2018-11-21,options,21152.586504,322.511385684,23963.0,2018,11,4
2018-11-22,options,19597.79382,297.168151209,22757.0,2018,11,4
2018-11-23,options,21702.158052,330.791794923,23463.0,2018,11,4
2018-11-26,options,34637.285827,527.473499796,39879.0,2018,11,4
2018-11-27,options,19367.625049,291.210952333,23436.0,2018,11,4
2018-11-28,options,19959.653298,298.886692093,24895.0,2018,11,4
2018-11-29,options,35428.129543,529.223548524,40583.0,2018,11,4
2018-11-30,options,22991.113386,345.034732705,22858.0,2018,11,4
2018-12-03,options,20633.37555,310.12009814600003,22650.0,2018,12,4
2018-12-04,options,16095.974639,242.803812807,16478.0,2018,12,4
2018-12-05,options,17813.068682,268.080562044,19056.0,2018,12,4
2018-12-06,options,26784.135466,400.814906366,31504.0,2018,12,4
2018-12-07,options,22556.248323,337.98360331599997,28962.0,2018,12,4
2018-12-10,options,22329.999604,333.668540032,24137.0,2018,12,4
2018-12-11,options,18210.475059,274.909951737,19535.0,2018,12,4
2018-12-12,options,20021.769651,301.069282685,19627.0,2018,12,4
2018-12-13,options,19415.370546,292.301111009,21572.0,2018,12,4
2018-12-14,options,20157.961535,304.24815538400003,20762.0,2018,12,4
2018-12-17,options,19345.495658,291.200033387,19464.0,2018,12,4
2018-12-18,options,21523.697587,323.077741291,23832.0,2018,12,4
2018-12-19,options,38042.33889,569.9619582769999,32532.0,2018,12,4
2018-12-20,options,41258.103791,614.764011125,40805.0,2018,12,4
2018-12-21,options,23986.379703,356.034194282,30216.0,2018,12,4
2018-12-24,options,17041.4387,250.57807038800001,22666.0,2018,12,4
2018-12-25,options,18143.750601,265.231204871,25260.0,2018,12,4
2018-12-26,options,17621.678725,256.334715135,21392.0,2018,12,4
2018-12-27,options,22452.178439,325.930021688,27614.0,2018,12,4
2018-12-28,options,16127.485725,234.151793,20484.0,2018,12,4
2018-12-29,options,8723.767567,125.48247552599999,9475.0,2018,12,4
2019-01-03,options,10732.090336,154.483916016,14154.0,2019,1,1
2019-01-04,options,11312.46125,162.83811065400002,16338.0,2019,1,1
2019-01-07,options,,,,2019,1,1
2019-01-08,options,17177.389592,247.261281636,22102.0,2019,1,1
2019-01-09,options,13497.231796,194.286961621,19269.0,2019,1,1
2019-01-10,options,17058.439207,254.30182406,21756.0,2019,1,1
2019-01-11,options,19196.137753,287.10730181499997,19759.0,2019,1,1
2019-01-14,options,14173.456331,211.80746108199997,17517.0,2019,1,1
2019-01-15,options,12838.70652,191.07492737200002,16841.0,2019,1,1
2019-01-16,options,19213.36207,286.416059002,20408.0,2019,1,1
2019-01-17,options,22909.560459,343.15424051499997,24244.0,2019,1,1
2019-01-18,options,21965.959902,330.594576198,25479.0,2019,1,1
2019-01-21,options,13910.329665,209.711155208,16460.0,2019,1,1
2019-01-22,options,10433.719939,157.22099740200002,13601.0,2019,1,1
2019-01-23,options,17206.686717,258.553156609,19173.0,2019,1,1
2019-01-24,options,20186.582088,304.32736768800004,24329.0,2019,1,1
2019-01-25,options,16027.327206,242.83240415400002,21201.0,2019,1,1
2019-01-28,options,15220.817102,230.908826282,17901.0,2019,1,1
2019-01-29,options,15746.731908,238.84016241499998,20294.0,2019,1,1
2019-01-30,options,14759.792685,222.483052537,16689.0,2019,1,1
2019-01-31,options,30156.239984,456.23045512199997,37507.0,2019,1,1
2019-02-01,options,18642.991492,285.245525653,22217.0,2019,2,1
2019-02-04,options,14873.963892,226.529717317,15267.0,2019,2,1
2019-02-05,options,12060.740422,183.892275962,14659.0,2019,2,1
2019-02-06,options,14115.140379,215.271223473,14767.0,2019,2,1
2019-02-07,options,21702.704261,330.488304319,23576.0,2019,2,1
2019-02-08,options,17053.62102,258.3103128,21092.0,2019,2,1
2019-02-11,options,17037.535793,257.899086823,16702.0,2019,2,1
2019-02-12,options,14349.612522,218.571834728,15463.0,2019,2,1
2019-02-13,options,23611.225131,359.29898684799997,24989.0,2019,2,1
2019-02-14,options,52475.250208,798.9739412869999,53961.0,2019,2,1
2019-02-15,options,21345.010427,320.77066714899996,24100.0,2019,2,1
2019-02-18,options,17424.899927,261.22564519,22207.0,2019,2,1
2019-02-19,options,16208.204813,244.66322721,17868.0,2019,2,1
2019-02-20,options,24374.373878,368.180723269,26917.0,2019,2,1
2019-02-21,options,24791.243297,376.441662774,27927.0,2019,2,1
2019-02-22,options,16699.814924,254.80301256799999,19607.0,2019,2,1
2019-02-25,options,23698.90736,361.733092167,24521.0,2019,2,1
2019-02-26,options,20796.998837,318.687901858,17900.0,2019,2,1
2019-02-27,options,19205.88629,292.691452829,20843.0,2019,2,1
2019-02-28,options,16086.129364,244.629915659,18123.0,2019,2,1
2019-03-01,options,13368.642068,202.894878061,17092.0,2019,3,1
2019-03-04,options,15806.263689,240.16384974399998,15023.0,2019,3,1
2019-03-05,options,17056.960612,259.24166071900004,13188.0,2019,3,1
2019-03-06,options,17166.028485,260.880305971,15185.0,2019,3,1
2019-03-07,options,17627.024594,267.71296256200003,17967.0,2019,3,1
2019-03-08,options,,,,2019,3,1
2019-03-11,options,16616.774631,251.904424964,18458.0,2019,3,1
2019-03-12,options,13174.351546,199.380890667,15126.0,2019,3,1
2019-03-13,options,14437.451721,219.522920489,14756.0,2019,3,1
2019-03-14,options,15263.013973,232.706916907,18164.0,2019,3,1
2019-03-15,options,14316.39399,218.89807804300003,16411.0,2019,3,1
2019-03-18,options,29315.612871,448.113238454,28711.0,2019,3,1
2019-03-19,options,18585.371829,287.390509716,16340.0,2019,3,1
2019-03-20,options,22442.96602,348.944613452,17069.0,2019,3,1
2019-03-21,options,45672.855299,710.5264801039999,38975.0,2019,3,1
2019-03-22,options,30507.808808,478.61392501,30658.0,2019,3,1
2019-03-25,options,24838.030887,389.49092271499995,27120.0,2019,3,1
2019-03-26,options,16641.630421,258.012574105,21236.0,2019,3,1
2019-03-27,options,21300.577368,331.94860029,22679.0,2019,3,1
2019-03-28,options,23818.712164,368.753526555,27399.0,2019,3,1
2019-03-29,options,25144.975358,388.03255739099995,30647.0,2019,3,1
2019-04-01,options,19924.824466,307.792026008,23562.0,2019,4,2
2019-04-02,options,14377.280564,219.776949384,18010.0,2019,4,2
2019-04-03,options,27220.110773,415.748126285,21935.0,2019,4,2
2019-04-04,options,18286.20079,280.618575469,20908.0,2019,4,2
2019-04-05,options,13805.728546,211.329099515,14778.0,2019,4,2
2019-04-08,options,17906.172273,273.76454385799997,17288.0,2019,4,2
2019-04-09,options,18981.021639,290.452635494,21763.0,2019,4,2
2019-04-10,options,20037.744509,309.336157023,21617.0,2019,4,2
2019-04-11,options,23595.234353,364.476651838,25614.0,2019,4,2
2019-04-12,options,18561.586967,288.22742813200006,20432.0,2019,4,2
2019-04-15,options,13841.640381,214.542197045,14359.0,2019,4,2
2019-04-16,options,13902.350247,216.389432751,16481.0,2019,4,2
2019-04-17,options,21271.689826,331.11708232300003,22840.0,2019,4,2
2019-04-18,options,21632.83556,338.303785441,22074.0,2019,4,2
2019-04-19,options,11082.771607,172.982350333,12132.0,2019,4,2
2019-04-22,options,15401.271699,240.794614448,17971.0,2019,4,2
2019-04-23,options,13985.10844,219.250438027,16571.0,2019,4,2
2019-04-24,options,17145.493383,268.777741282,19872.0,2019,4,2
2019-04-25,options,25507.835636,398.685767008,32357.0,2019,4,2
2019-04-26,options,17146.837155,265.10507449,20384.0,2019,4,2
2019-04-29,options,11934.693167,184.446918058,13952.0,2019,4,2
2019-04-30,options,11632.519206,179.814708935,14360.0,2019,4,2
2019-05-02,options,18238.457547,282.191899711,23174.0,2019,5,2
2019-05-03,options,10367.832741,160.41479437200002,13808.0,2019,5,2
2019-05-06,options,14430.054471,223.266933271,16853.0,2019,5,2
2019-05-07,options,14648.871534,224.211701753,15382.0,2019,5,2
2019-05-08,options,17253.114805,264.550970228,22813.0,2019,5,2
2019-05-10,options,13802.295716,211.598509797,16552.0,2019,5,2
2019-05-13,options,17186.635039,263.48271602799997,20300.0,2019,5,2
2019-05-14,options,21461.088184,327.79883678600004,25473.0,2019,5,2
2019-05-15,options,21540.360058,329.867183327,24426.0,2019,5,2
2019-05-16,options,22471.04461,346.513890135,25668.0,2019,5,2
2019-05-17,options,13692.321116,212.087415327,15363.0,2019,5,2
2019-05-20,options,11530.109083,178.394358939,13266.0,2019,5,2
2019-05-21,options,18121.92563,281.00888262800004,19216.0,2019,5,2
2019-05-22,options,20200.395544,313.003903857,21182.0,2019,5,2
2019-05-23,options,28434.92672,441.429199138,32037.0,2019,5,2
2019-05-24,options,18626.409779,288.820504146,21204.0,2019,5,2
2019-05-27,options,10022.114747,155.115642743,13274.0,2019,5,2
2019-05-28,options,15313.726539,237.556179596,17364.0,2019,5,2
2019-05-29,options,19698.618929,305.218501086,23203.0,2019,5,2
2019-05-30,options,15387.560765,237.065784475,18818.0,2019,5,2
2019-05-31,options,19948.179516,306.620054874,22659.0,2019,5,2
2019-06-03,options,37199.904465,568.950291129,35557.0,2019,6,2
2019-06-04,options,23747.294819,362.251597811,24328.0,2019,6,2
2019-06-05,options,15535.212735,238.41127930000002,17430.0,2019,6,2
2019-06-06,options,16417.136422,252.08925734299999,20941.0,2019,6,2
2019-06-07,options,15986.233448,245.05983763100002,20807.0,2019,6,2
2019-06-10,options,18267.143915,280.862305445,17215.0,2019,6,2
2019-06-11,options,23786.005026,367.11386803,23245.0,2019,6,2
2019-06-13,options,16168.209367,250.608523292,18566.0,2019,6,2
2019-06-14,options,22236.155845,344.045709129,18830.0,2019,6,2
2019-06-17,options,14792.729633,229.584552432,16072.0,2019,6,2
2019-06-18,options,20212.757943,314.259429108,21449.0,2019,6,2
2019-06-19,options,17859.20854,277.596223218,17481.0,2019,6,2
2019-06-20,options,41820.583134,653.657007318,35489.0,2019,6,2
2019-06-21,options,24049.844467,379.408693911,24520.0,2019,6,2
2019-06-24,options,15651.845736,247.93235707600002,16142.0,2019,6,2
2019-06-25,options,19116.454777,303.872305089,20801.0,2019,6,2
2019-06-26,options,16015.314249,256.151174194,17776.0,2019,6,2
2019-06-27,options,16705.135066,265.970183336,18124.0,2019,6,2
2019-06-28,options,17142.016433,271.90042117400003,12848.0,2019,6,2
2019-07-01,options,18109.620249,287.109757957,18913.0,2019,7,3
2019-07-02,options,11283.907505,178.894968974,15362.0,2019,7,3
2019-07-03,options,12826.056484,202.858872213,16459.0,2019,7,3
2019-07-04,options,13084.555622,206.071895658,15038.0,2019,7,3
2019-07-05,options,13684.520459,215.839745541,16040.0,2019,7,3
2019-07-08,options,10750.933705,169.08210865599997,13286.0,2019,7,3
2019-07-09,options,10608.867114,166.10120125400002,10989.0,2019,7,3
2019-07-10,options,14684.007896,229.904977086,18480.0,2019,7,3
2019-07-11,options,20714.754859,324.68878504,23295.0,2019,7,3
2019-07-12,options,13556.975332,215.20921434299999,15080.0,2019,7,3
2019-07-15,options,14054.00209,223.007186403,15614.0,2019,7,3
2019-07-16,options,12944.121296,206.02472299000001,14816.0,2019,7,3
2019-07-17,options,14529.954592,231.321187081,18952.0,2019,7,3
2019-07-18,options,25125.486049,399.165082731,23597.0,2019,7,3
2019-07-19,options,16113.221324,256.463160472,16547.0,2019,7,3
2019-07-22,options,11915.175031,189.53108695199998,16263.0,2019,7,3
2019-07-23,options,10737.797772,170.50185735899998,13125.0,2019,7,3
2019-07-24,options,11461.153927,181.55133024399998,13099.0,2019,7,3
2019-07-25,options,25526.866676,404.44238842000004,26615.0,2019,7,3
2019-07-26,options,17870.342455,282.950201323,18106.0,2019,7,3
2019-07-29,options,10645.95939,168.643251314,12298.0,2019,7,3
2019-07-30,options,10970.116256,172.70062272299998,11899.0,2019,7,3
2019-07-31,options,15281.615029,241.114421458,14712.0,2019,7,3
2019-08-01,options,28650.965231,451.785402556,33177.0,2019,8,3
2019-08-02,options,54494.098177,853.6845282610001,57312.0,2019,8,3
2019-08-05,options,26808.357497,414.71849697500005,28249.0,2019,8,3
2019-08-06,options,22434.863947,344.862068893,25997.0,2019,8,3
2019-08-07,options,30162.172526,462.58872331,31847.0,2019,8,3
2019-08-08,options,25952.84303,398.702829635,26992.0,2019,8,3
2019-08-09,options,18781.864291,288.375451075,20837.0,2019,8,3
2019-08-12,options,18926.470695,290.041739701,18202.0,2019,8,3
2019-08-13,options,34536.718444,527.85273808,32186.0,2019,8,3
2019-08-14,options,42760.304466,653.5404870650001,41410.0,2019,8,3
2019-08-15,options,44032.976842,675.319261049,47086.0,2019,8,3
2019-08-16,options,20512.900791,314.599602335,24174.0,2019,8,3
2019-08-19,options,23978.165075,367.745219176,25589.0,2019,8,3
2019-08-20,options,19827.549081,304.088588919,20309.0,2019,8,3
2019-08-21,options,21600.601843,323.439773643,24930.0,2019,8,3
2019-08-22,options,21338.711476,322.030567225,24343.0,2019,8,3
2019-08-23,options,22450.873094,338.81461892799996,26683.0,2019,8,3
2019-08-26,options,15654.048219,238.612051884,21168.0,2019,8,3
2019-08-27,options,16976.172557,257.318052809,22159.0,2019,8,3
2019-08-28,options,21419.228172,323.256407589,22715.0,2019,8,3
2019-08-29,options,22214.980643,334.498983523,23588.0,2019,8,3
2019-08-30,options,16352.757433,244.995774094,18531.0,2019,8,3
2019-09-02,options,16448.797236,247.388651716,16078.0,2019,9,3
2019-09-03,options,14151.678276,212.412711371,16105.0,2019,9,3
2019-09-04,options,27243.920804,407.189671724,27155.0,2019,9,3
2019-09-05,options,22842.25094,343.491462281,25345.0,2019,9,3
2019-09-06,options,21013.768941,318.135929756,23301.0,2019,9,3
2019-09-09,options,17585.296805,266.45156156,19251.0,2019,9,3
2019-09-10,options,13924.618691,212.363293635,16830.0,2019,9,3
2019-09-11,options,23091.924096,352.875475379,22644.0,2019,9,3
2019-09-12,options,31916.716462,487.78377068699996,34197.0,2019,9,3
2019-09-13,options,22321.28951,342.398854902,25367.0,2019,9,3
2019-09-16,options,34231.632908,530.96089423,37940.0,2019,9,3
2019-09-17,options,27290.542652,427.56916568500003,31708.0,2019,9,3
2019-09-18,options,17636.302484,275.04592832599997,21244.0,2019,9,3
2019-09-19,options,42743.374976,663.4182584859999,39355.0,2019,9,3
2019-09-20,options,17247.757916,268.573415966,18740.0,2019,9,3
2019-09-23,options,14088.679176,220.657259678,18874.0,2019,9,3
2019-09-24,options,15575.175594,243.570295143,19607.0,2019,9,3
2019-09-25,options,19612.294437,307.856315528,29263.0,2019,9,3
2019-09-26,options,16532.471274,257.566080424,23584.0,2019,9,3
2019-09-27,options,12787.139132,198.901505892,15761.0,2019,9,3
2019-09-30,options,15406.026016,239.166071821,19401.0,2019,9,3
2019-10-01,options,15194.816881,235.065784885,18987.0,2019,10,4
2019-10-02,options,24021.369214,369.178988028,29074.0,2019,10,4
2019-10-03,options,25526.76354,390.079501038,28931.0,2019,10,4
2019-10-04,options,16440.668941,252.423860469,20922.0,2019,10,4
2019-10-07,options,14439.234935,222.039596109,16179.0,2019,10,4
2019-10-08,options,15677.351607,241.83777791,19567.0,2019,10,4
2019-10-09,options,14921.397046,230.029923382,20221.0,2019,10,4
2019-10-10,options,19898.911782,305.678116889,22017.0,2019,10,4
2019-10-11,options,18570.210107,286.835822825,23808.0,2019,10,4
2019-10-14,options,14786.19307,230.22954252099998,19095.0,2019,10,4
2019-10-15,options,14653.026283,227.654482282,18761.0,2019,10,4
2019-10-16,options,13854.543654,215.618812198,17324.0,2019,10,4
2019-10-17,options,23409.764234,363.813541491,24604.0,2019,10,4
2019-10-18,options,14846.81565,231.92931043599998,17181.0,2019,10,4
2019-10-21,options,15840.885406,247.69108840400003,19296.0,2019,10,4
2019-10-22,options,14959.701315,234.622969593,19176.0,2019,10,4
2019-10-23,options,14932.018684,234.656198675,18315.0,2019,10,4
2019-10-24,options,23880.237117,374.300147446,28569.0,2019,10,4
2019-10-25,options,25625.772749,401.280500298,24182.0,2019,10,4
2019-10-28,options,19953.636824,311.79213933200003,23685.0,2019,10,4
2019-10-29,options,14889.552324,233.12278572099999,16465.0,2019,10,4
2019-10-30,options,16571.941905,259.618089751,18868.0,2019,10,4
2019-10-31,options,29652.624391,464.24058201099996,31593.0,2019,10,4
2019-11-01,options,25004.480424,392.074619191,24243.0,2019,11,4
2019-11-05,options,26392.608953,412.18100052200003,28087.0,2019,11,4
2019-11-06,options,19242.369907,304.236812342,18632.0,2019,11,4
2019-11-07,options,30408.47175,478.210853463,29937.0,2019,11,4
2019-11-08,options,24261.546478,380.69390580199996,23001.0,2019,11,4
2019-11-11,options,14241.191231,223.463093716,16910.0,2019,11,4
2019-11-12,options,17671.736335,276.500636577,17730.0,2019,11,4
2019-11-13,options,23530.826789,368.51560285299996,23206.0,2019,11,4
2019-11-14,options,27929.821743,435.037853722,22574.0,2019,11,4
2019-11-15,options,20964.212603,326.49400332700003,20180.0,2019,11,4
2019-11-18,options,18084.728069,283.06880419,19348.0,2019,11,4
2019-11-19,options,13975.602573,219.21069628400002,17525.0,2019,11,4
2019-11-20,options,27146.483279,425.673612328,26966.0,2019,11,4
2019-11-21,options,28552.682999,445.98724173,25554.0,2019,11,4
2019-11-22,options,18467.964059,289.271557712,20498.0,2019,11,4
2019-11-25,options,14230.882057,223.369325382,16889.0,2019,11,4
2019-11-26,options,16034.130801,251.46173765,17097.0,2019,11,4
2019-11-27,options,13770.276121,215.080245361,14655.0,2019,11,4
2019-11-28,options,22547.508117,352.45791323400005,17766.0,2019,11,4
2019-11-29,options,12663.256335,197.553160038,14792.0,2019,11,4
2019-12-02,options,18712.274125,292.00651863200005,19050.0,2019,12,4
2019-12-03,options,18900.921793,293.448374903,18880.0,2019,12,4
2019-12-04,options,19496.858824,303.973003223,20705.0,2019,12,4
2019-12-05,options,25394.886494,395.591021298,21717.0,2019,12,4
2019-12-06,options,18872.312856,295.741698167,19234.0,2019,12,4
2019-12-09,options,16864.704001,264.675157152,16792.0,2019,12,4
2019-12-10,options,13361.155805,209.670955003,14241.0,2019,12,4
2019-12-11,options,13494.624952,212.250387739,13584.0,2019,12,4
2019-12-12,options,39968.821873,628.7836582699999,33866.0,2019,12,4
2019-12-13,options,39430.179942,623.641651132,33100.0,2019,12,4
2019-12-16,options,19822.010721,316.87636235,13870.0,2019,12,4
2019-12-17,options,17170.477353,273.552020485,14727.0,2019,12,4
2019-12-18,options,22121.858567,353.76521313700005,18134.0,2019,12,4
2019-12-19,options,30645.932696,489.683839503,23727.0,2019,12,4
2019-12-20,options,20097.563141,321.41547333,16848.0,2019,12,4
2019-12-23,options,13633.057603,218.453631125,13281.0,2019,12,4
2019-12-24,options,13548.789176,217.651581384,13017.0,2019,12,4
2019-12-25,options,13439.293778,216.17946698699998,13529.0,2019,12,4
2019-12-26,options,18889.84674,306.07499368099997,14465.0,2019,12,4
2019-12-27,options,15471.848423,250.484856511,14109.0,2019,12,4
2019-12-30,options,12357.802178,199.218174282,12487.0,2019,12,4
2019-12-31,options,,,,2019,12,4
2020-01-03,options,9381.668767,151.54773739700002,12821.0,2020,1,1
2020-01-06,options,9238.624422,149.237056071,13065.0,2020,1,1
2020-01-08,options,17213.275649,278.056393014,19820.0,2020,1,1
2020-01-09,options,30756.375971,496.82623685699997,33512.0,2020,1,1
2020-01-10,options,21758.450456,355.332829082,20685.0,2020,1,1
2020-01-13,options,19416.131331,316.929760949,18137.0,2020,1,1
2020-01-14,options,19498.619042,319.925362559,20605.0,2020,1,1
2020-01-15,options,24103.084842,392.468897027,23938.0,2020,1,1
2020-01-16,options,25543.293011,415.79242702600004,22075.0,2020,1,1
2020-01-17,options,24361.981834,395.683275036,20894.0,2020,1,1
2020-01-20,options,14957.235812,243.0754699,15470.0,2020,1,1
2020-01-21,options,17418.600851,283.388717083,18167.0,2020,1,1
2020-01-22,options,21314.510754,344.587209386,19960.0,2020,1,1
2020-01-23,options,30619.22625,495.18190146899997,27834.0,2020,1,1
2020-01-24,options,17573.614111,283.667289912,21045.0,2020,1,1
2020-01-27,options,40182.039487,650.162200391,41837.0,2020,1,1
2020-01-28,options,36401.226897,583.933185168,36237.0,2020,1,1
2020-01-29,options,21750.302287,346.17757289099995,23432.0,2020,1,1
2020-01-30,options,37281.925588,597.529956502,33279.0,2020,1,1
2020-01-31,options,33139.972242,525.731721797,34716.0,2020,1,1
2020-02-03,options,30897.218789,489.35623730400005,33258.0,2020,2,1
2020-02-04,options,25311.108396,396.04858143800004,27072.0,2020,2,1
2020-02-05,options,40974.145878,645.9314672209999,37753.0,2020,2,1
2020-02-06,options,37801.627261,598.371285446,33274.0,2020,2,1
2020-02-07,options,36849.453083,586.7962215650001,34642.0,2020,2,1
2020-02-10,options,35866.282858,565.072517929,33681.0,2020,2,1
2020-02-11,options,32179.341426,504.609341987,32655.0,2020,2,1
2020-02-12,options,29656.822582,463.757409529,28551.0,2020,2,1
2020-02-13,options,35688.485104,566.061590623,30929.0,2020,2,1
2020-02-14,options,24619.121554,387.083368249,23494.0,2020,2,1
2020-02-17,options,21253.196596,334.940753495,18789.0,2020,2,1
2020-02-18,options,34161.045899,539.59651388,27795.0,2020,2,1
2020-02-19,options,26336.26919,412.989678343,27520.0,2020,2,1
2020-02-20,options,31543.062501,495.280259973,28535.0,2020,2,1
2020-02-21,options,26147.125617,410.206971257,28736.0,2020,2,1
2020-02-24,options,,,,2020,2,1
2020-02-25,options,48429.294501,753.1678377410001,46704.0,2020,2,1
2020-02-26,options,41395.136597,637.6202663380001,46842.0,2020,2,1
2020-02-27,options,57964.941505,884.721861497,56576.0,2020,2,1
2020-02-28,options,52600.16075,801.7131727469999,56322.0,2020,2,1
2020-03-02,options,35686.349489,532.704434319,44756.0,2020,3,1
2020-03-03,options,24048.343525,362.570272994,35305.0,2020,3,1
2020-03-04,options,26211.497697,394.491843425,35666.0,2020,3,1
2020-03-05,options,26328.966395,398.450422453,33227.0,2020,3,1
2020-03-06,options,49907.997838,754.063552354,59244.0,2020,3,1
2020-03-09,options,,,,2020,3,1
2020-03-10,options,47532.756738,704.006468516,59411.0,2020,3,1
2020-03-11,options,23523.08092,326.61510174800003,35000.0,2020,3,1
2020-03-12,options,31808.108399,445.042931484,50414.0,2020,3,1
2020-03-13,options,23469.429791,317.037067235,38250.0,2020,3,1
2020-03-16,options,24746.625674,338.12316294199996,39412.0,2020,3,1
2020-03-17,options,14764.925997,199.186333537,27538.0,2020,3,1
2020-03-18,options,23914.934864,323.657657695,39809.0,2020,3,1
2020-03-19,options,26829.601598,347.474736774,39098.0,2020,3,1
2020-03-20,options,12877.694503,160.655894095,26195.0,2020,3,1
2020-03-23,options,11575.630029,148.321274315,23444.0,2020,3,1
2020-03-24,options,9706.62451,120.010441325,22301.0,2020,3,1
2020-03-25,options,14469.081975,183.502985759,29637.0,2020,3,1
2020-03-26,options,13465.021759,173.08827756600002,27344.0,2020,3,1
2020-03-27,options,10485.103968,133.191026787,20935.0,2020,3,1
2020-03-30,options,8766.318117,112.775455787,18919.0,2020,3,1
2020-03-31,options,10696.50573,137.60660894699998,19790.0,2020,3,1
2020-04-01,options,7541.656293,97.0206322066,15689.0,2020,4,2
2020-04-02,options,16454.568591,211.681968173,31301.0,2020,4,2
2020-04-03,options,13961.97037,179.615609558,29943.0,2020,4,2
2020-04-06,options,12680.317084,163.127611797,23190.0,2020,4,2
2020-04-07,options,16496.951133,215.90776721900002,27855.0,2020,4,2
2020-04-08,options,11057.322047,146.541939527,20742.0,2020,4,2
2020-04-09,options,24377.58803,321.816768471,42338.0,2020,4,2
2020-04-10,options,11527.781801,154.517549775,20679.0,2020,4,2
2020-04-13,options,11908.127143,161.462846762,20273.0,2020,4,2
2020-04-14,options,14542.122549,197.78607877599998,21941.0,2020,4,2
2020-04-15,options,23102.117834,315.107656469,36650.0,2020,4,2
2020-04-16,options,22899.663159,310.653442118,37978.0,2020,4,2
2020-04-17,options,11729.217487,156.99262750600002,20737.0,2020,4,2
2020-04-20,options,12247.384936,165.630319877,19230.0,2020,4,2
2020-04-21,options,20137.790107,269.706037806,45913.0,2020,4,2
2020-04-22,options,16584.984492,217.49030888,35251.0,2020,4,2
2020-04-23,options,17799.417019,231.0364403,33552.0,2020,4,2
2020-04-24,options,12634.657261,168.17283952900002,23221.0,2020,4,2
2020-04-27,options,9965.516695,133.378080753,19697.0,2020,4,2
2020-04-28,options,13289.332143,178.389875201,22640.0,2020,4,2
2020-04-29,options,14963.797121,200.666175691,21514.0,2020,4,2
2020-04-30,options,22307.604692,302.72474320599997,30820.0,2020,4,2
2020-05-04,options,23495.611998,323.06898601999995,26655.0,2020,5,2
2020-05-05,options,12247.290511,168.40249691,22338.0,2020,5,2
2020-05-06,options,18863.373842,259.374859466,26212.0,2020,5,2
2020-05-07,options,24310.972446,328.651453403,27700.0,2020,5,2
2020-05-08,options,13144.548798,177.348874521,21159.0,2020,5,2
2020-05-12,options,10476.250657,141.815298751,19223.0,2020,5,2
2020-05-13,options,16029.875759,218.293724572,25060.0,2020,5,2
2020-05-14,options,18847.913736,256.14877756600004,31284.0,2020,5,2
2020-05-15,options,15513.388532,209.83944947799998,30176.0,2020,5,2
2020-05-18,options,17230.700594,235.374077857,31179.0,2020,5,2
2020-05-19,options,17572.127324,240.78069992,25573.0,2020,5,2
2020-05-20,options,44273.37111,611.579918029,39398.0,2020,5,2
2020-05-21,options,28437.968491,393.125731682,36679.0,2020,5,2
2020-05-22,options,15812.807666,222.95425619,27039.0,2020,5,2
2020-05-25,options,10356.42445,144.07855896700002,16648.0,2020,5,2
2020-05-26,options,18543.03971,258.994747068,26656.0,2020,5,2
2020-05-27,options,18332.041768,257.68675314300003,25363.0,2020,5,2
2020-05-28,options,18380.732839,258.65223130000004,29036.0,2020,5,2
2020-05-29,options,15579.813364,219.121665513,23215.0,2020,5,2
2020-06-01,options,20092.131211,283.979692602,28685.0,2020,6,2
2020-06-02,options,19173.725943,275.044339132,30748.0,2020,6,2
2020-06-03,options,21880.971391,317.193216759,29848.0,2020,6,2
2020-06-04,options,30591.694419,447.63114572,35471.0,2020,6,2
2020-06-05,options,18568.159364,269.04488096100005,26922.0,2020,6,2
2020-06-08,options,14911.221579,217.263715255,24314.0,2020,6,2
2020-06-09,options,15168.257875,222.042851361,20968.0,2020,6,2
2020-06-10,options,14937.145655,217.506434776,19878.0,2020,6,2
2020-06-11,options,27363.151798,398.773385496,38727.0,2020,6,2
2020-06-15,options,27539.96173,398.425994222,34398.0,2020,6,2
2020-06-16,options,26599.373877,377.85885186400003,33698.0,2020,6,2
2020-06-17,options,18570.604733,266.236068336,22959.0,2020,6,2
2020-06-18,options,36615.520725,526.976991589,33108.0,2020,6,2
2020-06-19,options,14628.496143,210.12519956,22921.0,2020,6,2
2020-06-22,options,14292.540539,205.433763901,20121.0,2020,6,2
2020-06-23,options,16724.935579,240.70370057600002,23025.0,2020,6,2
2020-06-25,options,22326.581342,324.337009745,34115.0,2020,6,2
2020-06-26,options,15828.339989,227.857368914,19734.0,2020,6,2
2020-06-29,options,16349.036773,236.502461694,19653.0,2020,6,2
2020-06-30,options,21307.935793,304.611004985,23763.0,2020,6,2
2020-07-02,options,21133.20128,300.011517107,28963.0,2020,7,3
2020-07-03,options,12575.814953,178.330269697,17861.0,2020,7,3
2020-07-06,options,16028.656122,227.357146918,22271.0,2020,7,3
2020-07-07,options,14571.489326,204.251548915,19360.0,2020,7,3
2020-07-08,options,14280.40502,197.86655221799998,19278.0,2020,7,3
2020-07-09,options,23778.64475,333.792051001,31442.0,2020,7,3
2020-07-10,options,15302.444167,215.892270979,20800.0,2020,7,3
2020-07-13,options,11791.626876,165.543450578,15957.0,2020,7,3
2020-07-14,options,18779.676415,265.44500140599996,25304.0,2020,7,3
2020-07-15,options,17702.170709,248.879416667,20910.0,2020,7,3
2020-07-16,options,16858.926457,238.121102842,22775.0,2020,7,3
2020-07-17,options,13019.186938,182.774170488,15697.0,2020,7,3
2020-07-18,options,,,,2020,7,3
2020-07-20,options,11478.284261,160.05661749,16861.0,2020,7,3
2020-07-21,options,18121.808195,251.821888462,24891.0,2020,7,3
2020-07-22,options,12260.143962,172.758866991,17439.0,2020,7,3
2020-07-23,options,14318.858558,202.277763607,21807.0,2020,7,3
2020-07-24,options,12604.557749,177.621545721,19791.0,2020,7,3
2020-07-27,options,11088.715094,154.875946529,17156.0,2020,7,3
2020-07-28,options,14640.67318,204.52152238600002,20677.0,2020,7,3
2020-07-29,options,11045.741872,153.58458434099998,14221.0,2020,7,3
2020-07-30,options,25069.640546,347.057658442,34848.0,2020,7,3
2020-07-31,options,12920.841189,176.121319365,18098.0,2020,7,3
2020-08-03,options,15156.440769,206.41761947,20077.0,2020,8,3
2020-08-04,options,13430.356511,181.103156087,18305.0,2020,8,3
2020-08-05,options,21761.769501,296.560255722,28916.0,2020,8,3
2020-08-06,options,18266.38032,249.266249458,23112.0,2020,8,3
2020-08-07,options,14040.071988,192.22521434200002,17963.0,2020,8,3
2020-08-10,options,11818.592041,160.496703328,14951.0,2020,8,3
2020-08-11,options,18298.479012,248.030891386,21831.0,2020,8,3
2020-08-12,options,16233.685034,221.91656619999998,22259.0,2020,8,3
2020-08-13,options,23716.486699,323.840435788,26509.0,2020,8,3
2020-08-14,options,16548.171393,224.818819387,20036.0,2020,8,3
2020-08-17,options,18997.082485,259.46733398699996,24613.0,2020,8,3
2020-08-18,options,16297.255182,223.349201317,20177.0,2020,8,3
2020-08-19,options,14269.429945,194.32141999200002,17027.0,2020,8,3
2020-08-20,options,27620.88402,377.13251947000003,37219.0,2020,8,3
2020-08-21,options,22111.582702,299.732316612,30514.0,2020,8,3
2020-08-24,options,12715.027466,171.593044876,17530.0,2020,8,3
2020-08-25,options,13966.337852,187.673180987,20261.0,2020,8,3
2020-08-26,options,18065.82599,242.45330306600002,25191.0,2020,8,3
2020-08-27,options,21252.799126,281.352792783,29797.0,2020,8,3
2020-08-28,options,13434.438607,178.565390853,19049.0,2020,8,3
2020-08-31,options,17380.185459,232.859118508,23468.0,2020,8,3
2020-09-01,options,13555.519656,183.66942202200002,19000.0,2020,9,3
2020-09-02,options,29838.326021,405.49523096499996,34408.0,2020,9,3
2020-09-03,options,29208.554499,395.464785496,40318.0,2020,9,3
2020-09-04,options,18568.494334,246.044606111,24165.0,2020,9,3
2020-09-07,options,20500.230847,272.673632584,26690.0,2020,9,3
2020-09-08,options,25242.276484,333.93229993,33334.0,2020,9,3
2020-09-09,options,19928.243026,262.336262675,25537.0,2020,9,3
2020-09-10,options,27961.353839,367.56771396,33020.0,2020,9,3
2020-09-11,options,18869.033332,249.830304393,22995.0,2020,9,3
2020-09-14,options,13041.52732,174.143369974,16428.0,2020,9,3
2020-09-15,options,15875.073745,212.47562390599998,18790.0,2020,9,3
2020-09-16,options,12443.814774,165.501789824,17951.0,2020,9,3
2020-09-17,options,21598.985281,288.26397253100004,28052.0,2020,9,3
2020-09-18,options,22158.278514,294.681078888,22366.0,2020,9,3
2020-09-21,options,27336.202243,364.32773584299997,35115.0,2020,9,3
2020-09-22,options,17519.123078,230.399274548,26516.0,2020,9,3
2020-09-23,options,18304.614748,239.99410980000002,26829.0,2020,9,3
2020-09-24,options,25471.329031,333.593030286,37546.0,2020,9,3
2020-09-25,options,26019.091082,337.130932157,36384.0,2020,9,3
2020-09-26,options,,,,2020,9,3
2020-09-28,options,19286.519967,251.062815652,27723.0,2020,9,3
2020-09-29,options,27695.082085,352.035393911,36249.0,2020,9,3
2020-09-30,options,19542.556483,245.249157402,28886.0,2020,9,3
2020-10-01,options,25420.031818,322.651883145,33539.0,2020,10,4
2020-10-02,options,24092.159696,311.76203775,31073.0,2020,10,4
2020-10-05,options,19083.698709,244.376131961,23092.0,2020,10,4
2020-10-06,options,17888.07834,228.958317686,23328.0,2020,10,4
2020-10-07,options,22408.832681,285.41956927499996,25542.0,2020,10,4
2020-10-08,options,22234.51263,284.72166365100003,28489.0,2020,10,4
2020-10-09,options,20591.006438,264.272880023,23834.0,2020,10,4
2020-10-12,options,13436.22376,174.432076481,20079.0,2020,10,4
2020-10-13,options,13730.6082,178.26425564,18546.0,2020,10,4
2020-10-14,options,18058.052533,233.653822942,19559.0,2020,10,4
2020-10-15,options,22747.851391,294.37187261500003,32149.0,2020,10,4
2020-10-16,options,17210.503678,220.800061555,27072.0,2020,10,4
2020-10-19,options,9629.677609,123.513778199,16083.0,2020,10,4
2020-10-20,options,13574.033225,174.19557267899998,20728.0,2020,10,4
2020-10-21,options,18513.719247,238.03285308199997,27011.0,2020,10,4
2020-10-22,options,19171.129736,248.87163726300003,28688.0,2020,10,4
2020-10-23,options,17407.141971,225.829511215,25500.0,2020,10,4
2020-10-26,options,15193.688797,198.696802621,24318.0,2020,10,4
2020-10-27,options,19204.1813,251.217962621,26721.0,2020,10,4
2020-10-28,options,41980.434461,549.082532359,51684.0,2020,10,4
2020-10-29,options,35431.89175,456.879148829,51406.0,2020,10,4
2020-10-30,options,16435.444472,208.386779646,25361.0,2020,10,4
2020-11-02,options,21249.800292,267.858114438,32828.0,2020,11,4
2020-11-03,options,21549.780745,267.450294633,32387.0,2020,11,4
2020-11-04,options,,,,2020,11,4
2020-11-05,options,34435.171544,430.436416027,52460.0,2020,11,4
2020-11-06,options,21957.856584,279.875147491,33711.0,2020,11,4
2020-11-09,options,41144.094322,533.040898099,55850.0,2020,11,4
2020-11-10,options,23205.568575,301.560964699,33237.0,2020,11,4
2020-11-11,options,23429.829411,306.681990987,33579.0,2020,11,4
2020-11-12,options,23525.231783,308.69969206400003,33952.0,2020,11,4
2020-11-13,options,14865.988636,192.777373941,20931.0,2020,11,4
2020-11-16,options,21098.514153,272.85078218,29723.0,2020,11,4
2020-11-17,options,19296.438662,250.864715567,26126.0,2020,11,4
2020-11-18,options,22931.301715,300.726551283,29493.0,2020,11,4
2020-11-19,options,23157.493374,304.997621051,31207.0,2020,11,4
2020-11-20,options,17338.521986,227.352585025,21389.0,2020,11,4
2020-11-23,options,18911.460814,248.79572717500002,27832.0,2020,11,4
2020-11-24,options,17151.591681,226.393765589,26688.0,2020,11,4
2020-11-25,options,25286.936895,333.53650741399997,33854.0,2020,11,4
2020-11-26,options,22217.953985,294.38398235399995,30433.0,2020,11,4
2020-11-27,options,13143.535485,174.197772419,19309.0,2020,11,4
2020-11-30,options,13413.296203,176.81668711700001,19558.0,2020,11,4
2020-12-01,options,21523.655406,282.463040056,31547.0,2020,12,4
2020-12-02,options,24212.496431,317.248444136,28561.0,2020,12,4
2020-12-03,options,31784.321473,420.343575199,39207.0,2020,12,4
2020-12-04,options,25144.10345,334.364856329,31546.0,2020,12,4
2020-12-07,options,19786.265564,266.471283465,25229.0,2020,12,4
2020-12-08,options,21720.271594,292.526546506,26375.0,2020,12,4
2020-12-09,options,19978.33511,271.21703664600005,22218.0,2020,12,4
2020-12-10,options,33873.848157,462.09023523400003,40543.0,2020,12,4
2020-12-11,options,24528.696825,332.762151619,27254.0,2020,12,4
2020-12-14,options,24214.251994,331.15997776200004,29575.0,2020,12,4
2020-12-15,options,22522.471069,308.834989812,25884.0,2020,12,4
2020-12-16,options,19506.899445,265.597654921,21034.0,2020,12,4
2020-12-17,options,33345.034947,454.167659088,36599.0,2020,12,4
2020-12-18,options,18002.372789,246.68185097999998,24487.0,2020,12,4
2020-12-21,options,31875.522357,434.771942591,41065.0,2020,12,4
2020-12-22,options,23280.546048,311.770340569,34058.0,2020,12,4
2020-12-23,options,21536.699535,285.822915721,30632.0,2020,12,4
2020-12-24,options,22272.01103,295.16123770999997,29656.0,2020,12,4
2020-12-25,options,14713.163155,196.597012729,15737.0,2020,12,4
2020-12-28,options,10503.134834,142.527283576,15054.0,2020,12,4
2020-12-29,options,11005.499273,149.292898877,16221.0,2020,12,4
2020-12-30,options,16525.942144,224.364411438,23540.0,2020,12,4
2021-01-04,options,16816.961833,227.638612331,27420.0,2021,1,1
2021-01-05,options,21008.542561,284.37690013099996,30752.0,2021,1,1
2021-01-06,options,22707.059738,307.368454553,31786.0,2021,1,1
2021-01-08,options,18849.591621,255.152798836,28718.0,2021,1,1
2021-01-11,options,22749.008978,307.93628998400004,30244.0,2021,1,1
2021-01-12,options,20413.594432,273.95024715600005,27354.0,2021,1,1
2021-01-13,options,24659.224476,332.037875537,26920.0,2021,1,1
2021-01-14,options,25430.109815,345.86366006000003,33477.0,2021,1,1
2021-01-15,options,20189.729054,273.588022321,27734.0,2021,1,1
2021-01-18,options,18523.025449,251.858724473,24966.0,2021,1,1
2021-01-19,options,19226.274403,259.907593976,21314.0,2021,1,1
2021-01-20,options,19976.715969,270.965149469,22410.0,2021,1,1
2021-01-21,options,24624.206626,335.685456015,32720.0,2021,1,1
2021-01-22,options,25307.34521,344.93051885399996,34236.0,2021,1,1
2021-01-25,options,22396.157961,301.179480793,31197.0,2021,1,1
2021-01-26,options,19954.244075,266.565194057,25580.0,2021,1,1
2021-01-27,options,24587.630119,325.080982172,31384.0,2021,1,1
2021-01-28,options,30233.35551,402.89652865100004,42925.0,2021,1,1
2021-01-29,options,21165.882206,277.820713759,28804.0,2021,1,1
2021-02-01,options,17275.807724,226.55994769999998,25637.0,2021,2,1
2021-02-02,options,21931.314302,290.460594183,29797.0,2021,2,1
2021-02-03,options,22559.050159,297.200717198,30043.0,2021,2,1
2021-02-04,options,22852.314597,300.37177392,30905.0,2021,2,1
2021-02-05,options,21400.348136,282.590069313,31153.0,2021,2,1
2021-02-08,options,23189.819149,308.74188563,29394.0,2021,2,1
2021-02-09,options,20315.992775,273.578481811,26303.0,2021,2,1
2021-02-10,options,20526.789086,276.942939023,26084.0,2021,2,1
2021-02-11,options,19444.8585,263.292808919,23929.0,2021,2,1
2021-02-12,options,29600.993834,401.326418377,34508.0,2021,2,1
2021-02-15,options,27041.088007,365.727517008,33632.0,2021,2,1
2021-02-16,options,26297.153725,358.715600839,31177.0,2021,2,1
2021-02-17,options,26422.754887,360.52579001099997,32298.0,2021,2,1
2021-02-18,options,27415.370593,371.648674311,36439.0,2021,2,1
2021-02-19,options,22531.08961,305.400703621,30806.0,2021,2,1
2021-02-20,options,6488.784395,87.7198225132,10135.0,2021,2,1
2021-02-22,options,15391.059097,208.034233361,21122.0,2021,2,1
2021-02-24,options,23413.065744,316.464198596,31816.0,2021,2,1
2021-02-25,options,24079.737695,326.49075152,29377.0,2021,2,1
2021-02-26,options,29864.122672,406.454503006,38819.0,2021,2,1
2021-03-01,options,19379.222737,260.34290251,24568.0,2021,3,1
2021-03-02,options,25050.151015,338.310739107,32491.0,2021,3,1
2021-03-03,options,27180.760454,364.473056889,31908.0,2021,3,1
2021-03-04,options,26721.905257,363.47086193,34258.0,2021,3,1
2021-03-05,options,38791.716137,525.72989246,47712.0,2021,3,1
2021-03-08,options,,,,2021,3,1
2021-03-09,options,30023.418273,403.391465157,36179.0,2021,3,1
2021-03-10,options,24232.860478,326.306965394,29485.0,2021,3,1
2021-03-11,options,25547.477546,345.05293197000003,29922.0,2021,3,1
2021-03-12,options,27224.168418,370.398865001,31030.0,2021,3,1
2021-03-15,options,23648.459317,321.712291802,30481.0,2021,3,1
2021-03-16,options,21379.835551,291.94782520399997,27771.0,2021,3,1
2021-03-17,options,38049.162594,521.493582185,41118.0,2021,3,1
2021-03-18,options,39863.967483,545.320538632,46557.0,2021,3,1
2021-03-19,options,29676.233622,402.89110543,42286.0,2021,3,1
2021-03-22,options,19582.370558,264.130492157,25725.0,2021,3,1
2021-03-23,options,35962.664097,482.01832360900005,45688.0,2021,3,1
2021-03-24,options,30622.632571,406.359369826,39604.0,2021,3,1
2021-03-25,options,29223.94565,383.750525583,40831.0,2021,3,1
2021-03-26,options,22088.823395,289.978134235,31737.0,2021,3,1
2021-03-29,options,18760.397647,247.637169697,24679.0,2021,3,1
2021-03-30,options,17690.727107,233.298567785,22997.0,2021,3,1
2021-03-31,options,16826.3153,222.269538706,22787.0,2021,3,1
2021-04-01,options,25450.139754,336.476047585,35033.0,2021,4,2
2021-04-02,options,13348.78787,176.088422487,17639.0,2021,4,2
2021-04-05,options,14623.693204,192.231360817,20934.0,2021,4,2
2021-04-06,options,24227.460979,316.26392175700005,33557.0,2021,4,2
2021-04-07,options,31720.840448,415.30187729299996,38834.0,2021,4,2
2021-04-08,options,22748.33828,292.496602677,28804.0,2021,4,2
2021-04-09,options,18800.441428,243.841416374,23312.0,2021,4,2
2021-04-12,options,23277.308401,301.653563708,29990.0,2021,4,2
2021-04-13,options,20579.251422,265.503099223,25532.0,2021,4,2
2021-04-14,options,29611.198265,383.299116092,39905.0,2021,4,2
2021-04-15,options,68061.521997,899.302111674,60714.0,2021,4,2
2021-04-16,options,26419.857576,343.20061075,33469.0,2021,4,2
2021-04-19,options,19560.444118,258.895274448,24796.0,2021,4,2
2021-04-20,options,26295.230207,344.859548598,34554.0,2021,4,2
2021-04-21,options,25520.280616,335.724695832,30592.0,2021,4,2
2021-04-22,options,32919.768315,428.53233560900003,38739.0,2021,4,2
2021-04-23,options,26833.318764,351.121720192,33332.0,2021,4,2
2021-04-26,options,17753.704642,236.434547159,22440.0,2021,4,2
2021-04-27,options,18623.251987,249.080515555,22665.0,2021,4,2
2021-04-28,options,15742.475536,210.017843853,21837.0,2021,4,2
2021-04-29,options,28519.920859,380.575145905,34005.0,2021,4,2
2021-04-30,options,16623.774396,223.490997132,23673.0,2021,4,2
2021-05-04,options,15497.435964,207.060127704,23568.0,2021,5,2
2021-05-05,options,19532.654552,259.547050987,22314.0,2021,5,2
2021-05-06,options,23727.2176,316.947352251,27556.0,2021,5,2
2021-05-07,options,23074.478178,309.40475183999996,28942.0,2021,5,2
2021-05-10,options,15914.783056,214.666342799,20331.0,2021,5,2
2021-05-11,options,15787.30227,212.946819887,21035.0,2021,5,2
2021-05-12,options,15393.111511,207.575465346,20678.0,2021,5,2
2021-05-13,options,31911.34542,431.00142382499996,33166.0,2021,5,2
2021-05-14,options,14097.755276,189.596556002,17986.0,2021,5,2
2021-05-17,options,15134.629355,204.530862889,19689.0,2021,5,2
2021-05-18,options,22542.674439,305.234191909,25618.0,2021,5,2
2021-05-19,options,23579.932706,319.948285816,31687.0,2021,5,2
2021-05-20,options,25344.593305,343.99226503799997,32291.0,2021,5,2
2021-05-21,options,20398.446697,277.150172444,26224.0,2021,5,2
2021-05-24,options,12657.029299,172.016549253,17916.0,2021,5,2
2021-05-25,options,12209.5767,166.05659312400002,18393.0,2021,5,2
2021-05-26,options,15945.769862,217.255772593,19055.0,2021,5,2
2021-05-27,options,16088.600918,218.970882343,18472.0,2021,5,2
2021-05-28,options,15097.857495,205.53047312799998,17889.0,2021,5,2
2021-05-31,options,9707.056111,131.912649123,11870.0,2021,5,2
2021-06-01,options,18567.42773,253.31943176,21695.0,2021,6,2
2021-06-02,options,19954.383089,272.44788908099997,18261.0,2021,6,2
2021-06-03,options,28245.580041,384.304586131,31904.0,2021,6,2
2021-06-04,options,19273.080579,263.06488596,22236.0,2021,6,2
2021-06-07,options,14543.40369,198.48487609900002,17623.0,2021,6,2
2021-06-08,options,16927.793617,232.112064778,19500.0,2021,6,2
2021-06-09,options,20434.474078,280.59465459899997,21599.0,2021,6,2
2021-06-10,options,26880.218383,372.907005448,23537.0,2021,6,2
2021-06-11,options,24977.407679,345.959933169,23309.0,2021,6,2
2021-06-14,options,14093.129782,196.61256648699998,15274.0,2021,6,2
2021-06-15,options,18373.467865,256.327354397,17778.0,2021,6,2
2021-06-16,options,20266.612015,282.139832428,19920.0,2021,6,2
2021-06-17,options,36708.580087,509.612772145,39058.0,2021,6,2
2021-06-18,options,15817.187565,218.153661068,21622.0,2021,6,2
2021-06-21,options,18284.521463,253.172478358,22902.0,2021,6,2
2021-06-22,options,10158.426349,138.778780894,14739.0,2021,6,2
2021-06-23,options,22589.771457,308.746420227,24892.0,2021,6,2
2021-06-24,options,17017.296254,234.18157947699999,19828.0,2021,6,2
2021-06-25,options,12786.084703,176.784070777,15897.0,2021,6,2
2021-06-28,options,13814.614813,191.419283145,13874.0,2021,6,2
2021-06-29,options,18249.848712,252.846082821,21701.0,2021,6,2
2021-06-30,options,18327.004354,253.232305095,22785.0,2021,6,2
2021-07-01,options,23259.786865,319.839100826,24508.0,2021,7,3
2021-07-02,options,18479.10814,253.45580823100002,22523.0,2021,7,3
2021-07-05,options,10850.219262,147.38641303999998,13344.0,2021,7,3
2021-07-06,options,28920.34785,394.257270905,31110.0,2021,7,3
2021-07-07,options,28612.268578,390.525872547,34146.0,2021,7,3
2021-07-08,options,35553.165419,480.071908761,40012.0,2021,7,3
2021-07-09,options,23737.0298,315.672141307,25595.0,2021,7,3
2021-07-12,options,15125.96949,203.12175768,17530.0,2021,7,3
2021-07-13,options,23415.40158,313.738069449,22359.0,2021,7,3
2021-07-14,options,15288.341291,206.43489561700002,20269.0,2021,7,3
2021-07-15,options,26765.975381,361.099236694,29257.0,2021,7,3
2021-07-16,options,20768.459747,279.824086422,25032.0,2021,7,3
2021-07-19,options,28326.302812,381.933171335,34490.0,2021,7,3
2021-07-20,options,19376.934028,260.630778236,25374.0,2021,7,3
2021-07-21,options,17047.712445,228.856002,22689.0,2021,7,3
2021-07-22,options,26296.72637,353.00130573,30244.0,2021,7,3
2021-07-23,options,17644.303934,239.424976545,22023.0,2021,7,3
2021-07-26,options,19427.1683,263.361023936,25411.0,2021,7,3
2021-07-27,options,15352.942327,207.197796526,19286.0,2021,7,3
2021-07-28,options,19044.972318,257.89736249599997,19198.0,2021,7,3
2021-07-29,options,27276.992139,370.566999313,28991.0,2021,7,3
2021-07-30,options,21201.169577,289.671453866,25491.0,2021,7,3
2021-08-02,options,17470.249605,238.864318324,19227.0,2021,8,3
2021-08-03,options,16127.899513,220.882927936,20244.0,2021,8,3
2021-08-04,options,20047.943929,275.110246527,23697.0,2021,8,3
2021-08-05,options,20515.491846,281.861572342,21237.0,2021,8,3
2021-08-06,options,19772.500458,270.234261672,20842.0,2021,8,3
2021-08-09,options,17536.233976,239.794038813,23186.0,2021,8,3
2021-08-10,options,14479.431882,196.978169419,20090.0,2021,8,3
2021-08-11,options,19575.295676,265.982424038,21987.0,2021,8,3
2021-08-12,options,27533.085955,372.222145006,25702.0,2021,8,3
2021-08-13,options,18248.576389,248.05349659,18136.0,2021,8,3
2021-08-16,options,19038.311527,259.123007604,20638.0,2021,8,3
2021-08-17,options,22485.820536,306.37972171399997,22218.0,2021,8,3
2021-08-18,options,23499.459386,319.828015483,22984.0,2021,8,3
2021-08-19,options,35386.580226,481.69058871600004,40364.0,2021,8,3
2021-08-20,options,22507.749032,303.542251778,25857.0,2021,8,3
2021-08-23,options,13771.534184,185.19087440200002,18842.0,2021,8,3
2021-08-24,options,21957.79067,296.46008686799996,24778.0,2021,8,3
2021-08-25,options,16344.220354,221.027639631,20721.0,2021,8,3
2021-08-26,options,25072.348303,339.997237737,26521.0,2021,8,3
2021-08-27,options,24284.739864,328.21296517900004,24140.0,2021,8,3
2021-08-30,options,33518.406088,453.033469412,27206.0,2021,8,3
2021-08-31,options,29913.24958,406.57143762,26268.0,2021,8,3
2021-09-01,options,24059.420199,328.330295122,25661.0,2021,9,3
2021-09-02,options,33034.028467,451.338801208,31081.0,2021,9,3
2021-09-03,options,26567.622237,364.693897893,22971.0,2021,9,3
2021-09-06,options,21479.849203,294.832154541,17495.0,2021,9,3
2021-09-07,options,17622.078249,241.55120431,19122.0,2021,9,3
2021-09-08,options,23558.661219,321.879649232,22443.0,2021,9,3
2021-09-09,options,29786.19582,405.573857774,27493.0,2021,9,3
2021-09-10,options,23833.506391,325.910464946,22611.0,2021,9,3
2021-09-13,options,25633.242461,352.298549491,22149.0,2021,9,3
2021-09-14,options,26029.139765,356.153250365,24397.0,2021,9,3
2021-09-15,options,30440.419114,418.614316495,30519.0,2021,9,3
2021-09-16,options,36761.59364,504.60651238099996,35308.0,2021,9,3
2021-09-17,options,24078.541835,332.425483931,23177.0,2021,9,3
2021-09-20,options,45232.403654,623.377604444,41318.0,2021,9,3
2021-09-21,options,27741.562474,378.303491324,29388.0,2021,9,3
2021-09-22,options,24685.492671,337.202642258,26544.0,2021,9,3
2021-09-23,options,36897.911381,506.278918958,36994.0,2021,9,3
2021-09-24,options,24249.827084,333.447835104,24442.0,2021,9,3
2021-09-27,options,24469.995209,335.16822392299997,25697.0,2021,9,3
2021-09-28,options,29595.845189,407.31235456800005,30262.0,2021,9,3
2021-09-29,options,25543.36507,352.281946619,25136.0,2021,9,3
2021-09-30,options,33085.485412,454.715800431,30893.0,2021,9,3
2021-10-01,options,25080.738287,345.15949101499996,28375.0,2021,10,4
2021-10-04,options,24899.10167,341.450761024,27592.0,2021,10,4
2021-10-05,options,33906.419952,464.956207115,36819.0,2021,10,4
2021-10-06,options,43243.265735,595.894997768,43200.0,2021,10,4
2021-10-07,options,57045.589485,786.096244429,50595.0,2021,10,4
2021-10-08,options,30057.961068,415.82340373,29763.0,2021,10,4
2021-10-11,options,28646.426006,397.93224453500005,27948.0,2021,10,4
2021-10-12,options,17466.101323,243.812948324,20729.0,2021,10,4
2021-10-13,options,29784.839009,414.36835798799996,28815.0,2021,10,4
2021-10-14,options,42096.568716,585.832398142,35488.0,2021,10,4
2021-10-15,options,30898.84583,430.43836463499997,28954.0,2021,10,4
2021-10-18,options,23866.106748,335.02355862300004,25256.0,2021,10,4
2021-10-19,options,35909.296365,504.546719118,29468.0,2021,10,4
2021-10-20,options,21070.015036,296.897096921,21522.0,2021,10,4
2021-10-21,options,41518.190234,584.3064961050001,39402.0,2021,10,4
2021-10-22,options,35897.43337,505.666024843,41195.0,2021,10,4
2021-10-25,options,30250.86735,426.896492917,30971.0,2021,10,4
2021-10-26,options,30636.210453,436.820829307,32244.0,2021,10,4
2021-10-27,options,31452.049191,452.205225843,33906.0,2021,10,4
2021-10-28,options,44401.612474,636.03148634,40565.0,2021,10,4
2021-10-29,options,31495.03815,446.606998371,33794.0,2021,10,4
2021-11-01,options,53661.385288,760.938532161,38501.0,2021,11,4
2021-11-02,options,41262.672096,580.458852071,35665.0,2021,11,4
2021-11-03,options,47040.308911,658.106151251,41477.0,2021,11,4
2021-11-04,options,,,,2021,11,4
2021-11-05,options,28555.53426,399.447376328,36838.0,2021,11,4
2021-11-08,options,27092.434208,378.980889105,27985.0,2021,11,4
2021-11-09,options,27994.237813,392.089888483,28389.0,2021,11,4
2021-11-10,options,32229.437452,452.110739634,31728.0,2021,11,4
2021-11-11,options,51586.187486,729.700650484,47640.0,2021,11,4
2021-11-12,options,64611.414357,907.509570105,61114.0,2021,11,4
2021-11-15,options,44266.074357,616.417836024,44712.0,2021,11,4
2021-11-16,options,47157.682765,652.499194229,40323.0,2021,11,4
2021-11-17,options,31415.185615,432.98264379,33882.0,2021,11,4
2021-11-18,options,47652.534647,654.362845798,44651.0,2021,11,4
2021-11-19,options,51648.562351,711.391147252,53834.0,2021,11,4
2021-11-22,options,73425.680445,1009.12541138,68029.0,2021,11,4
2021-11-23,options,53954.064065,734.562604866,58258.0,2021,11,4
2021-11-24,options,40290.930191,538.4134234229999,45890.0,2021,11,4
2021-11-25,options,32499.132725,436.977229853,31175.0,2021,11,4
2021-11-26,options,40556.129311,543.6449310060001,50410.0,2021,11,4
2021-11-29,options,49543.304402,655.444822106,46894.0,2021,11,4
2021-11-30,options,36435.059897,485.91871490100004,40840.0,2021,11,4
2021-12-01,options,38574.58418,515.065362666,45297.0,2021,12,4
2021-12-02,options,45043.627921,608.9066777109999,53719.0,2021,12,4
2021-12-03,options,28426.6174,383.81308792299996,30280.0,2021,12,4
2021-12-06,options,29391.40119,398.567465617,35289.0,2021,12,4
2021-12-07,options,35102.280429,476.483864793,37349.0,2021,12,4
2021-12-08,options,36937.143112,498.208698852,39062.0,2021,12,4
2021-12-09,options,29599.481872,400.830951625,32094.0,2021,12,4
2021-12-10,options,24381.484194,331.27106587199995,26272.0,2021,12,4
2021-12-13,options,44018.465768,598.0290407150001,42344.0,2021,12,4
2021-12-14,options,41420.603426,564.231146495,40621.0,2021,12,4
2021-12-15,options,21684.184596,295.14418980299996,27045.0,2021,12,4
2021-12-16,options,60966.619799,825.5354673459999,51685.0,2021,12,4
2021-12-17,options,26418.83805,359.09407061,27407.0,2021,12,4
2021-12-20,options,27295.338758,370.19162055000004,31471.0,2021,12,4
2021-12-21,options,26258.015218,353.43053027999997,27409.0,2021,12,4
2021-12-22,options,26674.346477,361.34014729,25134.0,2021,12,4
2021-12-23,options,36537.809715,495.158696289,32501.0,2021,12,4
2021-12-24,options,24739.85642,337.246861228,20515.0,2021,12,4
2021-12-27,options,14918.657191,203.83853757300002,17455.0,2021,12,4
2021-12-28,options,17192.463269,234.76420118599998,20421.0,2021,12,4
2021-12-29,options,22639.66815,308.039879095,21466.0,2021,12,4
2021-12-30,options,25631.750622,348.014438585,22999.0,2021,12,4
