date,instrument_type,value_rub_mm,value_usd_mm,num_trades,year,month,quarter
2015-01-05,totals,93842.964138,1668.68721528,555700.0,2015,1,1
2015-01-06,totals,117892.457696,2096.32803847,602714.0,2015,1,1
2015-01-08,totals,156874.104389,2789.48789402,909714.0,2015,1,1
2015-01-09,totals,160156.338023,2847.85158013,909090.0,2015,1,1
2015-01-12,totals,162051.870065,2881.5573578000003,815365.0,2015,1,1
2015-01-13,totals,214624.354528,3421.05534639,965549.0,2015,1,1
2015-01-14,totals,200564.117791,3093.09662322,983507.0,2015,1,1
2015-01-15,totals,306679.41645,4639.747413319999,1373938.0,2015,1,1
2015-01-16,totals,194670.651307,3002.61517246,955388.0,2015,1,1
2015-01-19,totals,228947.059276,3512.86957759,1060450.0,2015,1,1
2015-01-20,totals,195945.008982,3015.78202985,872994.0,2015,1,1
2015-01-21,totals,232766.414191,3581.7821967,916982.0,2015,1,1
2015-01-22,totals,250392.353922,3819.53013955,1094961.0,2015,1,1
2015-01-23,totals,261251.135285,3994.66567714,1133567.0,2015,1,1
2015-01-26,totals,236109.327624,3724.53311287,1022871.0,2015,1,1
2015-01-27,totals,297505.79761,4535.584935899999,1342194.0,2015,1,1
2015-01-28,totals,255795.669857,3771.94629909,1106601.0,2015,1,1
2015-01-29,totals,251310.109999,3742.4849517199996,1072995.0,2015,1,1
2015-01-30,totals,316381.57494,4603.23285276,1311879.0,2015,1,1
2015-02-02,totals,403932.926968,5860.12187839,1632502.0,2015,2,1
2015-02-03,totals,399778.148648,5738.66198679,1487364.0,2015,2,1
2015-02-04,totals,414987.489572,6123.22497956,1525704.0,2015,2,1
2015-02-05,totals,486494.284542,7433.4084762,1855076.0,2015,2,1
2015-02-06,totals,374372.203077,5456.4219462,1533347.0,2015,2,1
2015-02-09,totals,422906.244109,6403.478997220001,1780615.0,2015,2,1
2015-02-10,totals,289516.967537,4401.17794975,1192172.0,2015,2,1
2015-02-11,totals,308835.741403,4718.875017810001,1233095.0,2015,2,1
2015-02-12,totals,492851.857505,7460.83936973,2145185.0,2015,2,1
2015-02-13,totals,365502.744137,5529.5924643299995,1530197.0,2015,2,1
2015-02-16,totals,276364.329123,4246.12789075,1176702.0,2015,2,1
2015-02-17,totals,312193.789884,4982.09140108,1386062.0,2015,2,1
2015-02-18,totals,353718.301043,5629.29278675,1461951.0,2015,2,1
2015-02-19,totals,313263.052686,5020.2331837,1383982.0,2015,2,1
2015-02-20,totals,285013.05859,4587.31446113,1148297.0,2015,2,1
2015-02-24,totals,279454.213913,4527.51729751,1002001.0,2015,2,1
2015-02-25,totals,246374.115574,3879.4002606599997,870857.0,2015,2,1
2015-02-26,totals,320989.374879,5128.3958754,1169912.0,2015,2,1
2015-02-27,totals,284681.35231,4689.13082017,1075172.0,2015,2,1
2015-03-02,totals,246703.535726,4026.37976567,880254.0,2015,3,1
2015-03-03,totals,286109.649413,4598.00030555,1007512.0,2015,3,1
2015-03-04,totals,278716.500562,4469.12446844,943885.0,2015,3,1
2015-03-05,totals,289735.639209,4682.634028699999,1119328.0,2015,3,1
2015-03-06,totals,296274.559709,4790.54420451,1070302.0,2015,3,1
2015-03-10,totals,337211.773437,5620.77703758,1116520.0,2015,3,1
2015-03-11,totals,377436.741668,6221.66593315,1270158.0,2015,3,1
2015-03-12,totals,361181.418856,5762.334836569999,1173102.0,2015,3,1
2015-03-13,totals,386523.545988,6340.661356930001,1299144.0,2015,3,1
2015-03-16,totals,373583.016035,6092.67974361,1197054.0,2015,3,1
2015-03-17,totals,267682.679277,4307.06309567,1054674.0,2015,3,1
2015-03-18,totals,247526.648036,4008.4637987399997,862811.0,2015,3,1
2015-03-19,totals,352367.729634,5743.72443302,1257044.0,2015,3,1
2015-03-20,totals,301081.996876,5032.22415338,1237204.0,2015,3,1
2015-03-23,totals,248306.493435,4136.09087893,958912.0,2015,3,1
2015-03-24,totals,275989.878811,4642.76138041,1104207.0,2015,3,1
2015-03-25,totals,306854.51774,5221.18932365,1219883.0,2015,3,1
2015-03-26,totals,327816.269419,5712.288991560001,1453551.0,2015,3,1
2015-03-27,totals,249123.563742,4414.963089399999,1150443.0,2015,3,1
2015-03-30,totals,240543.296312,4166.84646959,1058084.0,2015,3,1
2015-03-31,totals,232521.038649,3977.14568804,1004405.0,2015,3,1
2015-04-01,totals,272818.389118,4732.32244784,1142919.0,2015,4,2
2015-04-02,totals,292859.444556,5018.70397981,1224366.0,2015,4,2
2015-04-03,totals,225872.431295,3963.35565229,965327.0,2015,4,2
2015-04-06,totals,217831.565814,3838.21173382,828082.0,2015,4,2
2015-04-07,totals,294125.35773,5204.275555640001,1278978.0,2015,4,2
2015-04-08,totals,310247.280137,5606.93259942,1258266.0,2015,4,2
2015-04-09,totals,348360.507018,6447.89655206,1491840.0,2015,4,2
2015-04-10,totals,386869.220289,7362.9910375,1678956.0,2015,4,2
2015-04-13,totals,334224.887447,6544.72852653,1441554.0,2015,4,2
2015-04-14,totals,256147.59463,4886.26139083,1133925.0,2015,4,2
2015-04-15,totals,249719.631606,4804.61976081,1083154.0,2015,4,2
2015-04-16,totals,280991.519779,5563.8249338000005,1358725.0,2015,4,2
2015-04-17,totals,347567.770864,6996.8489290200005,1590982.0,2015,4,2
2015-04-20,totals,388233.763336,7683.3090241499995,1654637.0,2015,4,2
2015-04-21,totals,265856.594517,5160.1898754700005,1259092.0,2015,4,2
2015-04-22,totals,261141.725504,4838.39499718,1296309.0,2015,4,2
2015-04-23,totals,308338.237365,5746.6287214700005,1555919.0,2015,4,2
2015-04-24,totals,299168.739228,5797.72018868,1482606.0,2015,4,2
2015-04-27,totals,248859.859649,4952.70113318,1245729.0,2015,4,2
2015-04-28,totals,272806.682573,5300.407674,1305706.0,2015,4,2
2015-04-29,totals,258398.009336,4940.301225640001,1138177.0,2015,4,2
2015-04-30,totals,289671.773663,5602.62139383,1339257.0,2015,4,2
2015-05-05,totals,246261.119661,4815.54357281,1082006.0,2015,5,2
2015-05-06,totals,258899.314014,5002.170008810001,1192901.0,2015,5,2
2015-05-07,totals,272053.235131,5443.06775155,1203621.0,2015,5,2
2015-05-08,totals,247773.125764,4919.8916983,1194618.0,2015,5,2
2015-05-12,totals,238225.657472,4693.999883189999,1090457.0,2015,5,2
2015-05-13,totals,265197.284623,5208.73010612,1157990.0,2015,5,2
2015-05-14,totals,252538.370563,5098.0158218999995,1158395.0,2015,5,2
2015-05-15,totals,208103.325133,4155.63358188,914832.0,2015,5,2
2015-05-18,totals,215733.512774,4313.6781095100005,945324.0,2015,5,2
2015-05-19,totals,242413.026506,4925.342134529999,1022946.0,2015,5,2
2015-05-20,totals,232080.467237,4719.22166423,994135.0,2015,5,2
2015-05-21,totals,239225.336789,4804.50307759,1076666.0,2015,5,2
2015-05-22,totals,201481.639244,4036.05818952,923775.0,2015,5,2
2015-05-25,totals,146224.970518,2936.82821521,708088.0,2015,5,2
2015-05-26,totals,243663.177844,4886.8195944300005,1009426.0,2015,5,2
2015-05-27,totals,290890.498911,5780.54856219,1134899.0,2015,5,2
2015-05-28,totals,283377.736725,5554.48758522,1087923.0,2015,5,2
2015-05-29,totals,325518.845192,6225.176660319999,1340368.0,2015,5,2
2015-06-01,totals,281780.735942,5319.46809124,1188184.0,2015,6,2
2015-06-02,totals,286011.10704,5414.692691020001,1224784.0,2015,6,2
2015-06-03,totals,360577.296938,6747.1655243800005,1411678.0,2015,6,2
2015-06-04,totals,382500.723138,7208.96969671,1437820.0,2015,6,2
2015-06-05,totals,446468.236218,8118.96237585,1806658.0,2015,6,2
2015-06-08,totals,334526.402603,5947.5272614,1503960.0,2015,6,2
2015-06-09,totals,288252.458322,5143.37003082,1188044.0,2015,6,2
2015-06-10,totals,388339.321329,6945.79362062,1409414.0,2015,6,2
2015-06-11,totals,363558.062151,6631.62097904,1348635.0,2015,6,2
2015-06-15,totals,391362.645668,7177.21275421,1389361.0,2015,6,2
2015-06-16,totals,239771.499063,4338.35009224,987845.0,2015,6,2
2015-06-17,totals,257553.663529,4765.90255767,1093380.0,2015,6,2
2015-06-18,totals,357366.462521,6630.18785788,1461458.0,2015,6,2
2015-06-19,totals,275152.156934,5159.41573209,1147565.0,2015,6,2
2015-06-22,totals,273647.004005,5086.31881438,1058080.0,2015,6,2
2015-06-23,totals,267551.104377,4995.64209984,1121409.0,2015,6,2
2015-06-24,totals,291849.010844,5383.86349723,1155978.0,2015,6,2
2015-06-25,totals,236612.449672,4375.66712786,902014.0,2015,6,2
2015-06-26,totals,238552.893647,4368.8925737399995,894070.0,2015,6,2
2015-06-29,totals,280008.701059,5108.47325358,1049112.0,2015,6,2
2015-06-30,totals,306399.979421,5518.33404331,1142001.0,2015,6,2
2015-07-01,totals,294073.100576,5266.22948563,1131370.0,2015,7,3
2015-07-02,totals,272403.977955,4910.33856245,993865.0,2015,7,3
2015-07-03,totals,218535.085436,3926.56764266,803887.0,2015,7,3
2015-07-06,totals,242788.857997,4366.32127739,890213.0,2015,7,3
2015-07-07,totals,338847.260026,6006.73731504,1253796.0,2015,7,3
2015-07-08,totals,459028.159376,8022.27502964,1691029.0,2015,7,3
2015-07-09,totals,335401.393225,5861.87756216,1234192.0,2015,7,3
2015-07-10,totals,307695.495529,5400.03291539,1113807.0,2015,7,3
2015-07-13,totals,319650.958311,5640.71677053,1150217.0,2015,7,3
2015-07-14,totals,315198.082097,5568.093536359999,1097357.0,2015,7,3
2015-07-15,totals,292355.859215,5131.0845917,1046798.0,2015,7,3
2015-07-16,totals,268962.63873,4746.60612397,885609.0,2015,7,3
2015-07-17,totals,233971.838291,4108.34407293,805728.0,2015,7,3
2015-07-20,totals,234109.113865,4118.57215252,820000.0,2015,7,3
2015-07-21,totals,244480.507928,4301.68963303,822207.0,2015,7,3
2015-07-22,totals,264850.770188,4646.3009550100005,863500.0,2015,7,3
2015-07-23,totals,269995.91498,4734.84327397,852002.0,2015,7,3
2015-07-24,totals,347362.435494,6056.06274114,1115377.0,2015,7,3
2015-07-27,totals,400628.896953,6902.94356661,1259804.0,2015,7,3
2015-07-28,totals,478532.735596,8140.85930965,1503082.0,2015,7,3
2015-07-29,totals,485166.598181,8056.15450186,1557463.0,2015,7,3
2015-07-30,totals,429182.931747,7180.99490094,1455935.0,2015,7,3
2015-07-31,totals,493680.573896,8368.800688520001,1558920.0,2015,7,3
2015-08-03,totals,504840.912225,8365.80030798,1553083.0,2015,8,3
2015-08-04,totals,444420.685869,7114.4076998,1417891.0,2015,8,3
2015-08-05,totals,431985.545649,6865.8281013900005,1375684.0,2015,8,3
2015-08-06,totals,466500.589068,7438.018014939999,1505511.0,2015,8,3
2015-08-07,totals,499092.363433,7814.87594705,1392817.0,2015,8,3
2015-08-10,totals,478494.29202,7495.2230818,1361889.0,2015,8,3
2015-08-11,totals,529701.645824,8212.72147416,1529369.0,2015,8,3
2015-08-12,totals,496461.940566,7854.19255505,1425287.0,2015,8,3
2015-08-13,totals,472054.153372,7260.48386453,1304926.0,2015,8,3
2015-08-14,totals,381540.457433,5961.68142892,1037292.0,2015,8,3
2015-08-17,totals,366652.228555,5646.33692642,1063642.0,2015,8,3
2015-08-18,totals,351061.100161,5359.43325325,1000083.0,2015,8,3
2015-08-19,totals,437605.976485,6647.62705263,1209731.0,2015,8,3
2015-08-20,totals,542637.863537,8256.5383316,1521274.0,2015,8,3
2015-08-21,totals,516067.518553,7707.00945259,1436692.0,2015,8,3
2015-08-24,totals,901060.650693,13227.238507200002,2433679.0,2015,8,3
2015-08-25,totals,877515.955807,12403.6659878,2446748.0,2015,8,3
2015-08-26,totals,775365.00298,11085.1784871,2152056.0,2015,8,3
2015-08-27,totals,744983.730892,10747.923670600001,2030897.0,2015,8,3
2015-08-28,totals,828374.903489,12281.809701600001,2389829.0,2015,8,3
2015-08-31,totals,693506.000724,10432.128582899999,2186534.0,2015,8,3
2015-09-01,totals,856038.398967,12831.2348455,2637256.0,2015,9,3
2015-09-02,totals,821360.923172,12568.740742799999,2500492.0,2015,9,3
2015-09-03,totals,689285.807961,10337.9018406,2048002.0,2015,9,3
2015-09-04,totals,527713.291479,7875.11888457,1598884.0,2015,9,3
2015-09-07,totals,370778.071234,5477.994699479999,1124896.0,2015,9,3
2015-09-08,totals,489956.994363,7154.07722355,1336923.0,2015,9,3
2015-09-09,totals,515607.086298,7495.029832859999,1534201.0,2015,9,3
2015-09-10,totals,550899.615775,8146.76333813,1662435.0,2015,9,3
2015-09-11,totals,504162.824201,7360.46029191,1403167.0,2015,9,3
2015-09-14,totals,479294.640258,7047.48674458,1258571.0,2015,9,3
2015-09-15,totals,466448.631752,6863.86899606,1284157.0,2015,9,3
2015-09-16,totals,451413.607686,6721.72549393,1284878.0,2015,9,3
2015-09-17,totals,355639.282556,5394.41600909,1157493.0,2015,9,3
2015-09-18,totals,594105.139954,9089.41606942,1911504.0,2015,9,3
2015-09-21,totals,314244.878592,4787.0709441300005,1013252.0,2015,9,3
2015-09-22,totals,337528.296893,5102.81571525,1067342.0,2015,9,3
2015-09-23,totals,453273.32766,6849.64688408,1391095.0,2015,9,3
2015-09-24,totals,455592.560902,6898.63207556,1427293.0,2015,9,3
2015-09-25,totals,368957.845869,5546.97874421,1167045.0,2015,9,3
2015-09-28,totals,294170.940098,4479.34895471,1059863.0,2015,9,3
2015-09-29,totals,355353.285135,5421.350864800001,1112712.0,2015,9,3
2015-09-30,totals,412487.932701,6227.48314305,1176818.0,2015,9,3
2015-10-01,totals,423304.110227,6439.41728216,1273436.0,2015,10,4
2015-10-02,totals,421101.948165,6475.1443586899995,1270772.0,2015,10,4
2015-10-05,totals,451090.61811,6840.78011856,1283512.0,2015,10,4
2015-10-06,totals,451719.087423,6883.35945287,1334391.0,2015,10,4
2015-10-07,totals,528384.657521,8116.9815983299995,1530426.0,2015,10,4
2015-10-08,totals,443570.729737,7073.80509611,1433210.0,2015,10,4
2015-10-09,totals,581164.823386,9329.35688051,1774363.0,2015,10,4
2015-10-12,totals,385038.704404,6281.5568277600005,1306139.0,2015,10,4
2015-10-13,totals,540140.997873,8832.54430038,1587788.0,2015,10,4
2015-10-14,totals,441179.522838,7090.21679582,1382825.0,2015,10,4
2015-10-15,totals,433049.070023,6860.2050228,1327428.0,2015,10,4
2015-10-16,totals,447769.747264,7193.862588649999,1430359.0,2015,10,4
2015-10-19,totals,358461.543663,5842.065488069999,1189498.0,2015,10,4
2015-10-20,totals,392884.965109,6394.4143183900005,1262441.0,2015,10,4
2015-10-21,totals,483672.718925,7780.84229795,1474831.0,2015,10,4
2015-10-22,totals,410707.667983,6557.58847443,1256945.0,2015,10,4
2015-10-23,totals,463314.769069,7378.93970054,1394544.0,2015,10,4
2015-10-26,totals,405828.025324,6553.160015310001,1248459.0,2015,10,4
2015-10-27,totals,449607.104111,7193.27631458,1356890.0,2015,10,4
2015-10-28,totals,583427.622379,9187.77869713,1707943.0,2015,10,4
2015-10-29,totals,626719.603196,9595.20734149,1924510.0,2015,10,4
2015-10-30,totals,423836.932957,6605.05189387,1359719.0,2015,10,4
2015-11-02,totals,397156.124662,6169.492198149999,1293390.0,2015,11,4
2015-11-03,totals,476986.502782,7476.35950209,1441966.0,2015,11,4
2015-11-05,totals,415975.451102,6514.63061121,1332017.0,2015,11,4
2015-11-06,totals,469108.552472,7399.29356209,1380356.0,2015,11,4
2015-11-09,totals,405167.519743,6362.2355620200005,1184483.0,2015,11,4
2015-11-10,totals,387211.070939,5988.36186084,1163877.0,2015,11,4
2015-11-11,totals,354763.308832,5509.5341078500005,1055906.0,2015,11,4
2015-11-12,totals,513860.886226,7958.28491599,1380963.0,2015,11,4
2015-11-13,totals,537146.384586,8206.45894735,1481353.0,2015,11,4
2015-11-16,totals,522589.438961,7842.6491906,1449641.0,2015,11,4
2015-11-17,totals,600823.141463,9040.27705792,1768946.0,2015,11,4
2015-11-18,totals,515621.645021,7874.50263395,1539052.0,2015,11,4
2015-11-19,totals,543979.155635,8397.52627237,1628271.0,2015,11,4
2015-11-20,totals,393982.768504,6069.49051799,1225678.0,2015,11,4
2015-11-23,totals,681533.620959,10506.5822218,1875007.0,2015,11,4
2015-11-24,totals,586087.377733,8934.62654306,1769727.0,2015,11,4
2015-11-25,totals,479776.532034,7311.32613087,1432042.0,2015,11,4
2015-11-26,totals,327301.624985,4998.58160392,1064658.0,2015,11,4
2015-11-27,totals,327018.716073,4978.6966011800005,1043707.0,2015,11,4
2015-11-30,totals,383246.815094,5785.79204632,1146571.0,2015,11,4
2015-12-01,totals,398568.525173,5972.22717792,1174520.0,2015,12,4
2015-12-02,totals,462596.304501,6981.700501390001,1247610.0,2015,12,4
2015-12-03,totals,509637.951481,7636.14660251,1397940.0,2015,12,4
2015-12-04,totals,621443.82967,9170.017451459998,1618324.0,2015,12,4
2015-12-07,totals,458347.506825,6773.29483499,1253174.0,2015,12,4
2015-12-08,totals,556473.988063,8121.85820547,1524651.0,2015,12,4
2015-12-09,totals,497173.630852,7173.95351476,1373425.0,2015,12,4
2015-12-10,totals,563818.021949,8147.65927672,1538435.0,2015,12,4
2015-12-11,totals,483935.003403,6991.7547385299995,1309348.0,2015,12,4
2015-12-14,totals,696075.228393,10062.4531574,1850804.0,2015,12,4
2015-12-15,totals,614218.562123,8746.51206878,1596822.0,2015,12,4
2015-12-16,totals,408867.826757,5772.56406945,1171478.0,2015,12,4
2015-12-17,totals,545335.11739,7746.10542704,1463303.0,2015,12,4
2015-12-18,totals,488643.833129,6923.20316247,1306146.0,2015,12,4
2015-12-21,totals,348547.986357,4886.99741813,1075074.0,2015,12,4
2015-12-22,totals,243682.518282,3419.85113082,751824.0,2015,12,4
2015-12-23,totals,378707.456086,5324.82562961,991328.0,2015,12,4
2015-12-24,totals,454448.202961,6406.69760128,1194606.0,2015,12,4
2015-12-25,totals,172887.173706,2486.99479557,511343.0,2015,12,4
2015-12-28,totals,381373.730344,5427.3396568,959592.0,2015,12,4
2015-12-29,totals,327419.575875,4625.452252550001,919364.0,2015,12,4
2015-12-30,totals,300024.817646,4137.89665556,797253.0,2015,12,4
2016-01-04,totals,243334.673779,3336.5557031999997,784706.0,2016,1,1
2016-01-05,totals,214314.52407,2938.63729513,759465.0,2016,1,1
2016-01-06,totals,256701.692494,3519.84155324,868487.0,2016,1,1
2016-01-11,totals,370941.629665,5086.2764060399995,1239801.0,2016,1,1
2016-01-12,totals,503960.89974,6635.36872919,1638560.0,2016,1,1
2016-01-13,totals,529420.23885,6911.12145238,1614311.0,2016,1,1
2016-01-14,totals,439359.572465,5748.7105095,1345515.0,2016,1,1
2016-01-15,totals,632071.675674,8259.89147935,1825686.0,2016,1,1
2016-01-18,totals,512999.853476,6700.187467850001,1511703.0,2016,1,1
2016-01-19,totals,536699.849939,6822.357431359999,1510332.0,2016,1,1
2016-01-20,totals,689402.475736,8783.741291280001,1875978.0,2016,1,1
2016-01-21,totals,975276.851181,12273.592602,2616977.0,2016,1,1
2016-01-22,totals,916114.17862,10959.444088299999,2765443.0,2016,1,1
2016-01-25,totals,787550.874262,9774.57105452,2484154.0,2016,1,1
2016-01-26,totals,800781.833545,10293.2886897,2517568.0,2016,1,1
2016-01-27,totals,707674.432616,8647.111692120001,2281645.0,2016,1,1
2016-01-28,totals,844569.340162,10691.1706682,2790536.0,2016,1,1
2016-01-29,totals,685041.675198,8854.39700957,2193721.0,2016,1,1
2016-02-01,totals,617967.907428,7987.44571264,2027480.0,2016,2,1
2016-02-02,totals,793810.395829,10400.2074751,2380134.0,2016,2,1
2016-02-03,totals,763596.804223,9798.835635559999,2311094.0,2016,2,1
2016-02-04,totals,908740.504316,11465.4116844,2848915.0,2016,2,1
2016-02-05,totals,722770.056662,9452.80603108,2385216.0,2016,2,1
2016-02-08,totals,664132.162881,8587.07569838,2256064.0,2016,2,1
2016-02-09,totals,685087.718199,8913.28701011,2224869.0,2016,2,1
2016-02-10,totals,769858.041221,9784.6104336,2415202.0,2016,2,1
2016-02-11,totals,732706.987832,9266.69003656,2265778.0,2016,2,1
2016-02-12,totals,612750.71082,7745.122390109999,1983280.0,2016,2,1
2016-02-15,totals,522443.280714,6572.0186617,1664903.0,2016,2,1
2016-02-16,totals,669229.206279,8604.21817503,2124757.0,2016,2,1
2016-02-17,totals,656715.738058,8613.23021914,1995304.0,2016,2,1
2016-02-18,totals,695499.991659,8933.81260777,2046778.0,2016,2,1
2016-02-19,totals,641226.420332,8497.84872719,1832790.0,2016,2,1
2016-02-20,totals,188006.442397,2461.9225960999997,653989.0,2016,2,1
2016-02-22,totals,311479.085885,4038.2287889299996,1065258.0,2016,2,1
2016-02-24,totals,561861.616465,7284.35987462,1645502.0,2016,2,1
2016-02-25,totals,640205.769237,8380.4464457,2029381.0,2016,2,1
2016-02-26,totals,761416.351833,9967.10887835,2221980.0,2016,2,1
2016-02-29,totals,522608.862622,6959.73864297,1678084.0,2016,2,1
2016-03-01,totals,560663.933163,7386.9349845100005,1704531.0,2016,3,1
2016-03-02,totals,514079.417243,6941.99089907,1569189.0,2016,3,1
2016-03-03,totals,523744.455312,7113.61884062,1645676.0,2016,3,1
2016-03-04,totals,528252.141161,7155.54169447,1601235.0,2016,3,1
2016-03-07,totals,414533.396159,5664.15427338,1315573.0,2016,3,1
2016-03-09,totals,572111.741099,7817.293354949999,1636059.0,2016,3,1
2016-03-10,totals,662852.412846,9158.2662132,1861593.0,2016,3,1
2016-03-11,totals,630265.682486,8865.39399891,1761806.0,2016,3,1
2016-03-14,totals,532655.980837,7576.1766778599995,1513995.0,2016,3,1
2016-03-15,totals,663797.369692,9461.976185200001,1825232.0,2016,3,1
2016-03-16,totals,487318.288494,6908.31814346,1465535.0,2016,3,1
2016-03-17,totals,653844.014778,9205.75137384,1965706.0,2016,3,1
2016-03-18,totals,526775.646901,7683.44783533,1634794.0,2016,3,1
2016-03-21,totals,483390.45361,7066.84327219,1596653.0,2016,3,1
2016-03-22,totals,473064.356835,6875.07603461,1566744.0,2016,3,1
2016-03-23,totals,487625.831286,7194.6257294,1540647.0,2016,3,1
2016-03-24,totals,492027.345123,7274.10997079,1529599.0,2016,3,1
2016-03-25,totals,295982.928902,4293.78944279,918348.0,2016,3,1
2016-03-28,totals,332507.170966,4858.75815693,1100231.0,2016,3,1
2016-03-29,totals,416783.437143,6148.99871413,1280534.0,2016,3,1
2016-03-30,totals,586715.543733,8533.43607122,1724834.0,2016,3,1
2016-03-31,totals,551423.213108,8156.23115017,1771057.0,2016,3,1
2016-04-01,totals,541635.535685,7982.22591172,1619199.0,2016,4,2
2016-04-04,totals,535363.138716,7973.71410488,1644933.0,2016,4,2
2016-04-05,totals,481601.418989,7012.7312001400005,1515345.0,2016,4,2
2016-04-06,totals,485234.176332,7043.5980835,1486493.0,2016,4,2
2016-04-07,totals,480391.119809,7010.80857554,1475876.0,2016,4,2
2016-04-08,totals,444856.11428,6561.686740810001,1407529.0,2016,4,2
2016-04-11,totals,454139.828029,6731.36812254,1443527.0,2016,4,2
2016-04-12,totals,488131.639164,7271.97972684,1523769.0,2016,4,2
2016-04-13,totals,558775.741727,8422.197428720001,1670640.0,2016,4,2
2016-04-14,totals,480321.274223,7303.467042689999,1480883.0,2016,4,2
2016-04-15,totals,442925.07505,6660.98820445,1299049.0,2016,4,2
2016-04-18,totals,681288.392382,10315.4868542,1986409.0,2016,4,2
2016-04-19,totals,551388.478556,8076.30138322,1748588.0,2016,4,2
2016-04-20,totals,535684.711264,8160.02935781,1712974.0,2016,4,2
2016-04-21,totals,670669.764544,10156.0618771,1900281.0,2016,4,2
2016-04-22,totals,584168.34534,8983.69476143,1881730.0,2016,4,2
2016-04-25,totals,437998.400617,6614.31174085,1419006.0,2016,4,2
2016-04-26,totals,385605.860381,5787.31433346,1279171.0,2016,4,2
2016-04-27,totals,445365.348661,6701.66755188,1447849.0,2016,4,2
2016-04-28,totals,471645.984682,7238.0748334499995,1520721.0,2016,4,2
2016-04-29,totals,444948.411125,6833.44894399,1487430.0,2016,4,2
2016-05-04,totals,474478.490897,7375.3056872,1435513.0,2016,5,2
2016-05-05,totals,414087.271937,6257.76043476,1317264.0,2016,5,2
2016-05-06,totals,438507.154444,6654.95789224,1390999.0,2016,5,2
2016-05-10,totals,378316.852416,5715.37769087,1261697.0,2016,5,2
2016-05-11,totals,450928.059788,6798.48780808,1400445.0,2016,5,2
2016-05-12,totals,427924.24981,6459.93602037,1366437.0,2016,5,2
2016-05-13,totals,447049.227909,6881.84129649,1430331.0,2016,5,2
2016-05-16,totals,367888.224957,5665.86824944,1173173.0,2016,5,2
2016-05-17,totals,426017.771982,6561.124831470001,1330570.0,2016,5,2
2016-05-18,totals,418716.831426,6490.345188560001,1289871.0,2016,5,2
2016-05-19,totals,570604.605645,8769.88393976,1726128.0,2016,5,2
2016-05-20,totals,428381.5346,6469.94509372,1327941.0,2016,5,2
2016-05-23,totals,335685.323963,5057.21553181,1080812.0,2016,5,2
2016-05-24,totals,335199.122008,4999.42759996,1064187.0,2016,5,2
2016-05-25,totals,467597.206026,6973.9312122,1397496.0,2016,5,2
2016-05-26,totals,427574.140025,6488.72887014,1350567.0,2016,5,2
2016-05-27,totals,356865.416746,5472.87553555,1217351.0,2016,5,2
2016-05-30,totals,248866.465075,3768.34594526,868477.0,2016,5,2
2016-05-31,totals,345119.035,5222.54810275,1169322.0,2016,5,2
2016-06-01,totals,497744.466493,7542.017063,1496950.0,2016,6,2
2016-06-02,totals,486854.204249,7308.411306800001,1495479.0,2016,6,2
2016-06-03,totals,575427.896677,8620.758881799999,1682014.0,2016,6,2
2016-06-06,totals,417369.405076,6243.10097357,1176431.0,2016,6,2
2016-06-07,totals,441065.719735,6704.20644868,1342737.0,2016,6,2
2016-06-08,totals,502604.678075,7707.60859446,1505807.0,2016,6,2
2016-06-09,totals,463746.676186,7169.89528687,1407359.0,2016,6,2
2016-06-10,totals,447674.515767,7023.42502482,1324608.0,2016,6,2
2016-06-14,totals,566098.116843,8748.543323950002,1562137.0,2016,6,2
2016-06-15,totals,476731.506058,7219.85724888,1333204.0,2016,6,2
2016-06-16,totals,468189.50825,7102.86348376,1373613.0,2016,6,2
2016-06-17,totals,419214.545509,6365.06359542,1279661.0,2016,6,2
2016-06-20,totals,308050.877234,4707.3933177399995,990896.0,2016,6,2
2016-06-21,totals,364938.063453,5688.74424915,1162870.0,2016,6,2
2016-06-22,totals,371638.391818,5791.07823253,1187966.0,2016,6,2
2016-06-23,totals,453235.013533,7113.34030487,1442107.0,2016,6,2
2016-06-24,totals,546353.197507,8494.13875218,1816933.0,2016,6,2
2016-06-27,totals,381810.253259,5826.6111377,1280904.0,2016,6,2
2016-06-28,totals,373803.88644,5745.631435560001,1265141.0,2016,6,2
2016-06-29,totals,405739.809797,6260.4989977899995,1352480.0,2016,6,2
2016-06-30,totals,378981.027356,5897.8489259,1324542.0,2016,6,2
2016-07-01,totals,376594.371469,5868.19536223,1258308.0,2016,7,3
2016-07-04,totals,231276.258344,3612.7601219099997,812782.0,2016,7,3
2016-07-05,totals,341942.653595,5369.331478270001,1146672.0,2016,7,3
2016-07-06,totals,379916.919808,5911.48447753,1264995.0,2016,7,3
2016-07-07,totals,455534.056479,7048.2939372,1486257.0,2016,7,3
2016-07-08,totals,504740.34921,7880.41138501,1656003.0,2016,7,3
2016-07-11,totals,317155.118681,4936.3586352,1100164.0,2016,7,3
2016-07-12,totals,346986.055424,5404.56517862,1105706.0,2016,7,3
2016-07-13,totals,395307.656493,6186.06755707,1318772.0,2016,7,3
2016-07-14,totals,410777.005961,6433.15682341,1335447.0,2016,7,3
2016-07-15,totals,328058.048717,5159.98711359,1052887.0,2016,7,3
2016-07-18,totals,313361.256094,4960.625997810001,1001706.0,2016,7,3
2016-07-19,totals,316365.480051,5012.49267296,1063861.0,2016,7,3
2016-07-20,totals,396673.299161,6297.49113991,1221959.0,2016,7,3
2016-07-21,totals,366017.924702,5771.48748393,1184625.0,2016,7,3
2016-07-22,totals,314764.789511,4938.47071512,980741.0,2016,7,3
2016-07-25,totals,306114.85093,4736.64027311,920870.0,2016,7,3
2016-07-26,totals,388428.519023,5983.334755989999,1193542.0,2016,7,3
2016-07-27,totals,357684.479411,5440.82943029,1119138.0,2016,7,3
2016-07-28,totals,456305.614001,6919.3092907,1443088.0,2016,7,3
2016-07-29,totals,497563.784402,7526.016780520001,1479747.0,2016,7,3
2016-08-01,totals,363464.22356,5420.69677441,1149479.0,2016,8,3
2016-08-02,totals,455253.196924,6902.45055248,1331578.0,2016,8,3
2016-08-03,totals,449117.320669,6715.11029445,1358273.0,2016,8,3
2016-08-04,totals,391966.749516,5872.8649054,1220207.0,2016,8,3
2016-08-05,totals,471575.234129,7102.667769109999,1326817.0,2016,8,3
2016-08-08,totals,339710.141038,5181.45440987,1020572.0,2016,8,3
2016-08-09,totals,352795.797584,5420.96403934,1069734.0,2016,8,3
2016-08-10,totals,421413.090316,6504.814251430001,1290200.0,2016,8,3
2016-08-11,totals,428325.080601,6608.55776789,1231392.0,2016,8,3
2016-08-12,totals,465109.448276,7161.07154115,1373300.0,2016,8,3
2016-08-15,totals,374296.524612,5817.80336811,1109183.0,2016,8,3
2016-08-16,totals,426858.94801,6648.10626795,1320128.0,2016,8,3
2016-08-17,totals,413421.997929,6464.62779437,1286137.0,2016,8,3
2016-08-18,totals,477191.618114,7456.78315278,1393403.0,2016,8,3
2016-08-19,totals,331200.175767,5211.75375369,1039177.0,2016,8,3
2016-08-22,totals,362180.22739,5664.45613701,1109447.0,2016,8,3
2016-08-23,totals,363170.74967,5656.17806045,1135909.0,2016,8,3
2016-08-24,totals,368980.745495,5696.92543733,1108433.0,2016,8,3
2016-08-25,totals,342441.673679,5283.45224302,1048248.0,2016,8,3
2016-08-26,totals,450597.707475,6938.04701259,1374487.0,2016,8,3
2016-08-29,totals,316987.485996,4896.467082640001,995752.0,2016,8,3
2016-08-30,totals,376766.138271,5789.18790847,1140853.0,2016,8,3
2016-08-31,totals,335685.763819,5171.7800770799995,1039571.0,2016,8,3
2016-09-01,totals,376627.677626,5771.76209132,1128398.0,2016,9,3
2016-09-02,totals,533504.620266,8175.48907338,1578568.0,2016,9,3
2016-09-05,totals,445807.903768,6768.16051047,1358700.0,2016,9,3
2016-09-06,totals,371697.808894,5739.23033169,1107231.0,2016,9,3
2016-09-07,totals,402232.839507,6204.36706597,1283320.0,2016,9,3
2016-09-08,totals,405471.960518,6298.06525772,1246498.0,2016,9,3
2016-09-09,totals,469835.625579,7344.2800178,1318776.0,2016,9,3
2016-09-12,totals,512013.942664,7980.05574453,1459692.0,2016,9,3
2016-09-13,totals,523887.030728,8053.12257571,1470737.0,2016,9,3
2016-09-14,totals,608481.712984,9388.6720452,1680831.0,2016,9,3
2016-09-15,totals,546227.241438,8406.897582220001,1409001.0,2016,9,3
2016-09-16,totals,418445.040689,6416.19578774,1193384.0,2016,9,3
2016-09-19,totals,355211.342008,5465.29436576,1011441.0,2016,9,3
2016-09-20,totals,365008.131648,5622.66347565,1096938.0,2016,9,3
2016-09-21,totals,343064.640327,5298.18923059,1014055.0,2016,9,3
2016-09-22,totals,439517.005275,6820.30782955,1195603.0,2016,9,3
2016-09-23,totals,407428.887794,6386.61332526,1210160.0,2016,9,3
2016-09-26,totals,431273.824658,6752.98249501,1279300.0,2016,9,3
2016-09-27,totals,384291.016286,5990.45084981,1139380.0,2016,9,3
2016-09-28,totals,422085.537957,6626.96846166,1211721.0,2016,9,3
2016-09-29,totals,521315.23479,8151.804506109999,1514592.0,2016,9,3
2016-09-30,totals,454505.808532,7196.3185803900005,1440149.0,2016,9,3
2016-10-03,totals,377252.161405,5950.72498904,1151568.0,2016,10,4
2016-10-04,totals,372793.235942,5960.1429939399995,1126242.0,2016,10,4
2016-10-05,totals,382697.180221,6129.79467713,1108799.0,2016,10,4
2016-10-06,totals,303866.504082,4865.11006675,891802.0,2016,10,4
2016-10-07,totals,431340.254327,6913.612026399999,1208347.0,2016,10,4
2016-10-10,totals,371901.419982,5969.22817616,1018229.0,2016,10,4
2016-10-11,totals,427316.154716,6849.2885651199995,1167508.0,2016,10,4
2016-10-12,totals,366815.568244,5897.868436229999,1044745.0,2016,10,4
2016-10-13,totals,384269.803689,6139.55448686,1090326.0,2016,10,4
2016-10-14,totals,300519.44457,4744.05759703,894365.0,2016,10,4
2016-10-17,totals,330961.926427,5253.914321609999,888755.0,2016,10,4
2016-10-18,totals,263112.34303,4166.4002633400005,747475.0,2016,10,4
2016-10-19,totals,329246.151062,5235.27033013,883457.0,2016,10,4
2016-10-20,totals,308199.195835,4924.560644560001,823699.0,2016,10,4
2016-10-21,totals,256647.390772,4111.66064993,728637.0,2016,10,4
2016-10-24,totals,270351.204193,4329.0894652,787322.0,2016,10,4
2016-10-25,totals,306208.129845,4920.19959613,832385.0,2016,10,4
2016-10-26,totals,429674.960458,6924.88010021,1137247.0,2016,10,4
2016-10-27,totals,366170.442864,5881.33966055,984836.0,2016,10,4
2016-10-28,totals,272631.348355,4324.742716199999,775632.0,2016,10,4
2016-10-31,totals,319793.232824,5083.854094810001,880838.0,2016,10,4
2016-11-01,totals,318300.824558,5035.0192282200005,886833.0,2016,11,4
2016-11-02,totals,426932.154978,6754.98840992,1186419.0,2016,11,4
2016-11-03,totals,336237.368332,5302.040291220001,935266.0,2016,11,4
2016-11-04,totals,,,,2016,11,4
2016-11-07,totals,293848.874076,4627.22798418,865560.0,2016,11,4
2016-11-08,totals,257490.55545,4029.11956127,759198.0,2016,11,4
2016-11-09,totals,700616.163589,10992.4025139,1875386.0,2016,11,4
2016-11-10,totals,682801.342,10686.671142899999,1843867.0,2016,11,4
2016-11-11,totals,653556.268101,10228.9501806,1742525.0,2016,11,4
2016-11-14,totals,519576.535479,7966.92466008,1487266.0,2016,11,4
2016-11-15,totals,538146.957525,8171.18602479,1540087.0,2016,11,4
2016-11-16,totals,623138.124128,9505.60636487,1722752.0,2016,11,4
2016-11-17,totals,472497.447767,7320.28710812,1359565.0,2016,11,4
2016-11-18,totals,458881.064447,7068.90914093,1309278.0,2016,11,4
2016-11-21,totals,354899.104828,5451.40655289,979938.0,2016,11,4
2016-11-22,totals,465078.054072,7226.42179794,1265827.0,2016,11,4
2016-11-23,totals,500242.583471,7861.96346071,1381772.0,2016,11,4
2016-11-24,totals,338858.839061,5293.94971404,991784.0,2016,11,4
2016-11-25,totals,331701.321606,5132.47872213,975652.0,2016,11,4
2016-11-28,totals,438854.419058,6791.58274796,1219797.0,2016,11,4
2016-11-29,totals,474651.189866,7311.85390603,1267856.0,2016,11,4
2016-11-30,totals,697943.465669,10746.7016759,1880849.0,2016,11,4
2016-12-01,totals,544632.353108,8348.3657291,1458576.0,2016,12,4
2016-12-02,totals,431435.161692,6774.97517603,1203193.0,2016,12,4
2016-12-05,totals,365711.10011,5700.625695369999,1035777.0,2016,12,4
2016-12-06,totals,393044.629991,6148.60459718,1076615.0,2016,12,4
2016-12-07,totals,320225.390533,5013.3839934,936643.0,2016,12,4
2016-12-08,totals,462170.397245,7231.4234588,1264336.0,2016,12,4
2016-12-09,totals,414131.637335,6533.06490028,1155976.0,2016,12,4
2016-12-12,totals,591036.131216,9336.65068869,1558125.0,2016,12,4
2016-12-13,totals,524842.786949,8522.88694047,1375017.0,2016,12,4
2016-12-14,totals,543613.138068,8901.62174046,1362212.0,2016,12,4
2016-12-15,totals,757268.106852,12453.449417799999,1797708.0,2016,12,4
2016-12-16,totals,370355.830099,6008.68036788,1047839.0,2016,12,4
2016-12-19,totals,346251.494799,5607.17544997,942761.0,2016,12,4
2016-12-20,totals,298684.277398,4833.61859816,896531.0,2016,12,4
2016-12-21,totals,287300.182839,4649.11852638,866756.0,2016,12,4
2016-12-22,totals,336869.81986,5512.5876277200005,986674.0,2016,12,4
2016-12-23,totals,282789.553031,4646.2455377,839034.0,2016,12,4
2016-12-26,totals,146002.858425,2399.27921846,448976.0,2016,12,4
2016-12-27,totals,180511.604372,2963.65697296,546873.0,2016,12,4
2016-12-28,totals,230547.738929,3788.24619864,650999.0,2016,12,4
2016-12-29,totals,275074.921064,4534.184556390001,772022.0,2016,12,4
2016-12-30,totals,342043.814947,5674.9094113,888733.0,2016,12,4
2017-01-03,totals,260712.330723,4298.14795552,722881.0,2017,1,1
2017-01-04,totals,319626.948533,5269.42439414,853666.0,2017,1,1
2017-01-05,totals,299317.755811,4934.60357867,885513.0,2017,1,1
2017-01-06,totals,271513.490968,4476.21772573,869113.0,2017,1,1
2017-01-09,totals,273448.564131,4508.11967197,790961.0,2017,1,1
2017-01-10,totals,293004.208243,4891.87456684,882989.0,2017,1,1
2017-01-11,totals,347386.969743,5794.29272022,1043232.0,2017,1,1
2017-01-12,totals,461651.419097,7673.54847289,1306901.0,2017,1,1
2017-01-13,totals,308037.413714,5177.29081939,921972.0,2017,1,1
2017-01-16,totals,250944.026817,4226.781654320001,786506.0,2017,1,1
2017-01-17,totals,364647.459313,6117.55824954,1071842.0,2017,1,1
2017-01-18,totals,316132.375234,5321.9594662399995,934681.0,2017,1,1
2017-01-19,totals,501269.303668,8469.81909785,1450817.0,2017,1,1
2017-01-20,totals,297957.362312,5020.16545854,914242.0,2017,1,1
2017-01-23,totals,290385.687844,4866.551831899999,869209.0,2017,1,1
2017-01-24,totals,291177.990063,4893.468105399999,823557.0,2017,1,1
2017-01-25,totals,305226.097186,5154.3835058,904218.0,2017,1,1
2017-01-26,totals,479341.649346,8103.98248059,1367848.0,2017,1,1
2017-01-27,totals,430900.360946,7225.55589188,1256837.0,2017,1,1
2017-01-30,totals,343632.066111,5696.85584969,981172.0,2017,1,1
2017-01-31,totals,324679.044491,5396.764134229999,937933.0,2017,1,1
2017-02-01,totals,336366.201119,5598.16329038,919264.0,2017,2,1
2017-02-02,totals,417346.224374,6920.028459239999,1133131.0,2017,2,1
2017-02-03,totals,442733.202739,7380.63346224,1356508.0,2017,2,1
2017-02-06,totals,288893.059546,4870.59582434,909625.0,2017,2,1
2017-02-07,totals,328683.426676,5598.222967260001,901718.0,2017,2,1
2017-02-08,totals,342589.092412,5787.63293163,1001910.0,2017,2,1
2017-02-09,totals,297658.23058,5001.5749624,903921.0,2017,2,1
2017-02-10,totals,310062.220669,5253.1994996700005,906683.0,2017,2,1
2017-02-13,totals,349531.376537,5939.7946925100005,948467.0,2017,2,1
2017-02-14,totals,337096.21802,5805.8075609,1002234.0,2017,2,1
2017-02-15,totals,476300.764496,8249.23213673,1483406.0,2017,2,1
2017-02-16,totals,336812.210664,5932.72747017,1073997.0,2017,2,1
2017-02-17,totals,386678.463125,6765.944478810001,1157359.0,2017,2,1
2017-02-20,totals,301393.554548,5229.4220193599995,967961.0,2017,2,1
2017-02-21,totals,304167.205558,5235.53326709,964939.0,2017,2,1
2017-02-22,totals,349620.529501,6042.630005720001,1097139.0,2017,2,1
2017-02-24,totals,265827.492858,4625.00118063,814452.0,2017,2,1
2017-02-27,totals,239817.402761,4172.46447679,746521.0,2017,2,1
2017-02-28,totals,351690.65742,6070.21506807,1123277.0,2017,2,1
2017-03-01,totals,379599.285992,6549.02697756,1149815.0,2017,3,1
2017-03-02,totals,447871.66145,7671.97797529,1290502.0,2017,3,1
2017-03-03,totals,390046.330194,6678.10936406,1202943.0,2017,3,1
2017-03-06,totals,361851.413824,6142.45506823,1204727.0,2017,3,1
2017-03-07,totals,325706.760617,5583.19352413,1056648.0,2017,3,1
2017-03-09,totals,597016.023168,10246.9152493,1719834.0,2017,3,1
2017-03-10,totals,430985.991807,7325.73186282,1348256.0,2017,3,1
2017-03-13,totals,365293.475525,6168.68480421,1156709.0,2017,3,1
2017-03-14,totals,537870.217709,9095.98610767,1477594.0,2017,3,1
2017-03-15,totals,434734.535896,7374.13128704,1268894.0,2017,3,1
2017-03-16,totals,635108.911137,10744.0167127,1765616.0,2017,3,1
2017-03-17,totals,318910.26397,5475.446511300001,1042570.0,2017,3,1
2017-03-20,totals,368989.429735,6369.09038041,1183934.0,2017,3,1
2017-03-21,totals,393818.720769,6874.76273366,1281008.0,2017,3,1
2017-03-22,totals,482116.903746,8423.86036811,1532958.0,2017,3,1
2017-03-23,totals,356860.64917,6191.62761416,1223338.0,2017,3,1
2017-03-24,totals,299243.483207,5202.17171638,1012609.0,2017,3,1
2017-03-27,totals,329044.428633,5730.01563148,1109694.0,2017,3,1
2017-03-28,totals,284482.894864,4988.88866242,990137.0,2017,3,1
2017-03-29,totals,292567.763323,5138.5012632200005,966716.0,2017,3,1
2017-03-30,totals,352381.317138,6179.515628270001,1080210.0,2017,3,1
2017-03-31,totals,362074.745778,6422.281528359999,1128846.0,2017,3,1
2017-04-03,totals,285819.247195,5107.50862562,1000758.0,2017,4,2
2017-04-04,totals,311915.596902,5556.07088226,1016645.0,2017,4,2
2017-04-05,totals,396611.5683,7012.80990995,1235160.0,2017,4,2
2017-04-06,totals,326266.890854,5837.24354768,991064.0,2017,4,2
2017-04-07,totals,465067.029311,8240.4779375,1306606.0,2017,4,2
2017-04-10,totals,333470.927276,5858.579434609999,1077851.0,2017,4,2
2017-04-11,totals,309954.149731,5400.87663498,1045970.0,2017,4,2
2017-04-12,totals,342399.910807,6011.74099656,1152402.0,2017,4,2
2017-04-13,totals,405800.577991,7149.96543057,1375869.0,2017,4,2
2017-04-14,totals,191630.001232,3385.57541764,617378.0,2017,4,2
2017-04-17,totals,242419.407521,4306.27161661,887402.0,2017,4,2
2017-04-18,totals,306669.822826,5451.85950038,1073314.0,2017,4,2
2017-04-19,totals,328176.664315,5862.46459522,1109946.0,2017,4,2
2017-04-20,totals,375586.447301,6685.97136644,1224509.0,2017,4,2
2017-04-21,totals,324186.16082,5746.30047628,1103724.0,2017,4,2
2017-04-24,totals,353450.587687,6285.72270463,1163791.0,2017,4,2
2017-04-25,totals,259741.51024,4631.67420194,931959.0,2017,4,2
2017-04-26,totals,366394.834894,6560.88936569,1209665.0,2017,4,2
2017-04-27,totals,388506.826548,6899.04882786,1223886.0,2017,4,2
2017-04-28,totals,333587.085349,5855.41489483,1101423.0,2017,4,2
2017-05-01,totals,,,,2017,5,2
2017-05-02,totals,231767.886036,4067.25922167,801457.0,2017,5,2
2017-05-03,totals,298852.309488,5247.46029955,997660.0,2017,5,2
2017-05-04,totals,416612.08976,7297.11661491,1252921.0,2017,5,2
2017-05-05,totals,484860.243395,8421.89426338,1406310.0,2017,5,2
2017-05-08,totals,,,,2017,5,2
2017-05-09,totals,,,,2017,5,2
2017-05-10,totals,301929.521679,5157.82039214,958028.0,2017,5,2
2017-05-11,totals,306055.8471,5269.3388548,1004151.0,2017,5,2
2017-05-12,totals,268835.808699,4706.83062567,910827.0,2017,5,2
2017-05-15,totals,296293.137072,5183.21211028,961351.0,2017,5,2
2017-05-16,totals,258832.207039,4579.010063350001,858362.0,2017,5,2
2017-05-17,totals,341747.394267,6074.39694184,1102166.0,2017,5,2
2017-05-18,totals,509515.709457,8980.10179115,1593417.0,2017,5,2
2017-05-19,totals,358311.283011,6234.937922489999,1133533.0,2017,5,2
2017-05-22,totals,320434.662734,5605.90520562,1166661.0,2017,5,2
2017-05-23,totals,342076.776252,6054.584809800001,1098883.0,2017,5,2
2017-05-24,totals,301536.041571,5331.7120542600005,1093984.0,2017,5,2
2017-05-25,totals,368684.003244,6551.55200943,1222135.0,2017,5,2
2017-05-26,totals,395334.276807,7050.714673359999,1350830.0,2017,5,2
2017-05-29,totals,217145.117517,3825.9411783200003,823852.0,2017,5,2
2017-05-30,totals,245408.431683,4327.38203586,872653.0,2017,5,2
2017-05-31,totals,325684.117354,5762.60717794,1164874.0,2017,5,2
2017-06-01,totals,351178.514443,6194.97940366,1153451.0,2017,6,2
2017-06-02,totals,383933.58255,6790.80151599,1254019.0,2017,6,2
2017-06-05,totals,276000.956714,4868.80652407,977257.0,2017,6,2
2017-06-06,totals,234514.603456,4142.25514448,865425.0,2017,6,2
2017-06-07,totals,341054.399864,6017.7539513,1152929.0,2017,6,2
2017-06-08,totals,356710.76421,6303.66906312,1164054.0,2017,6,2
2017-06-09,totals,248479.053934,4360.37556675,868903.0,2017,6,2
2017-06-12,totals,,,,2017,6,2
2017-06-13,totals,314996.004926,5526.0518039,1030943.0,2017,6,2
2017-06-14,totals,479951.595589,8433.57879143,1388937.0,2017,6,2
2017-06-15,totals,599333.264594,10509.0322968,1804112.0,2017,6,2
2017-06-16,totals,299566.511802,5214.95850375,986314.0,2017,6,2
2017-06-19,totals,284430.569448,4925.98941213,931335.0,2017,6,2
2017-06-20,totals,440726.502334,7604.17371626,1359258.0,2017,6,2
2017-06-21,totals,439172.11268,7497.14251757,1450147.0,2017,6,2
2017-06-22,totals,428532.559502,7142.2093250299995,1457366.0,2017,6,2
2017-06-23,totals,314207.405113,5223.88708412,1037871.0,2017,6,2
2017-06-26,totals,335645.640683,5626.314036430001,1107419.0,2017,6,2
2017-06-27,totals,340243.391374,5766.70030498,1137363.0,2017,6,2
2017-06-28,totals,444018.920384,7540.53152341,1351666.0,2017,6,2
2017-06-29,totals,350307.69519,5883.42072655,1098875.0,2017,6,2
2017-06-30,totals,311043.870902,5264.3012397600005,1092873.0,2017,6,2
2017-07-03,totals,308637.421159,5197.12359368,978492.0,2017,7,3
2017-07-04,totals,208893.802839,3542.40417231,733126.0,2017,7,3
2017-07-05,totals,405252.750375,6842.0761677,1294382.0,2017,7,3
2017-07-06,totals,374809.633602,6291.00053546,1200653.0,2017,7,3
2017-07-07,totals,432969.125268,7187.092278020001,1363338.0,2017,7,3
2017-07-10,totals,341157.005281,5650.24056763,1116959.0,2017,7,3
2017-07-11,totals,346414.001678,5744.7091058900005,1060200.0,2017,7,3
2017-07-12,totals,424516.895003,6989.1174142,1304585.0,2017,7,3
2017-07-13,totals,398964.182454,6581.10216889,1254578.0,2017,7,3
2017-07-14,totals,340409.853776,5656.18962269,1118593.0,2017,7,3
2017-07-17,totals,283202.609271,4729.45510351,976622.0,2017,7,3
2017-07-18,totals,301539.781085,5105.158849979999,971673.0,2017,7,3
2017-07-19,totals,318250.377015,5360.41261258,1088666.0,2017,7,3
2017-07-20,totals,342144.710482,5775.39356471,1049591.0,2017,7,3
2017-07-21,totals,299504.922345,5069.28339528,1022207.0,2017,7,3
2017-07-24,totals,425601.151352,7221.841112319999,1359419.0,2017,7,3
2017-07-25,totals,329448.652466,5522.36196915,1129208.0,2017,7,3
2017-07-26,totals,309718.180008,5177.63200361,1014985.0,2017,7,3
2017-07-27,totals,334311.724731,5580.21379884,1137520.0,2017,7,3
2017-07-28,totals,317616.888494,5346.1676361,1110869.0,2017,7,3
2017-07-31,totals,350105.375061,5879.81538001,1160928.0,2017,7,3
2017-08-01,totals,361272.268852,6014.85880483,1107882.0,2017,8,3
2017-08-02,totals,381267.87167,6370.88016239,1191010.0,2017,8,3
2017-08-03,totals,363628.721747,6002.266712449999,1137751.0,2017,8,3
2017-08-04,totals,357328.253496,5881.9175131,1115617.0,2017,8,3
2017-08-07,totals,296752.765875,4918.98080455,1005051.0,2017,8,3
2017-08-08,totals,292387.128111,4868.21002341,971324.0,2017,8,3
2017-08-09,totals,336676.281319,5612.337699479999,1064428.0,2017,8,3
2017-08-10,totals,346001.89646,5770.439442569999,1096898.0,2017,8,3
2017-08-11,totals,379079.117211,6325.38598846,1196724.0,2017,8,3
2017-08-14,totals,278183.382283,4621.96148162,919820.0,2017,8,3
2017-08-15,totals,326021.884873,5451.962154430001,1006880.0,2017,8,3
2017-08-16,totals,305372.617072,5095.77745228,927640.0,2017,8,3
2017-08-17,totals,331443.537232,5556.27609476,983990.0,2017,8,3
2017-08-18,totals,292199.521918,4931.72073652,920632.0,2017,8,3
2017-08-21,totals,290090.807588,4886.87573007,910493.0,2017,8,3
2017-08-22,totals,266126.024289,4499.86429508,817327.0,2017,8,3
2017-08-23,totals,246637.291717,4177.48920584,785314.0,2017,8,3
2017-08-24,totals,230934.932146,3905.4666934899997,723880.0,2017,8,3
2017-08-25,totals,277725.719393,4696.096182310001,861807.0,2017,8,3
2017-08-28,totals,281737.942266,4763.30302947,845790.0,2017,8,3
2017-08-29,totals,315403.707258,5387.19739658,970867.0,2017,8,3
2017-08-30,totals,331302.959101,5660.20226715,1027319.0,2017,8,3
2017-08-31,totals,373663.644179,6362.333164979999,1108516.0,2017,8,3
2017-09-01,totals,379725.319066,6485.99751758,1106038.0,2017,9,3
2017-09-04,totals,241177.565795,4154.244385909999,776234.0,2017,9,3
2017-09-05,totals,329384.73027,5700.502585939999,1075786.0,2017,9,3
2017-09-06,totals,303661.867268,5249.0975374,972145.0,2017,9,3
2017-09-07,totals,384038.185911,6697.7135148,1065401.0,2017,9,3
2017-09-08,totals,306864.66187,5370.296719350001,953893.0,2017,9,3
2017-09-11,totals,308122.640265,5405.9828176599995,1013210.0,2017,9,3
2017-09-12,totals,343623.415221,6010.61783438,1099209.0,2017,9,3
2017-09-13,totals,334342.379625,5838.45065144,1117453.0,2017,9,3
2017-09-14,totals,368890.598713,6396.809988100001,1176974.0,2017,9,3
2017-09-15,totals,358963.029459,6213.59358322,1085326.0,2017,9,3
2017-09-18,totals,309438.297335,5378.39275371,961571.0,2017,9,3
2017-09-19,totals,344020.019783,5970.06153288,1035984.0,2017,9,3
2017-09-20,totals,442297.624332,7612.787491970001,1157104.0,2017,9,3
2017-09-21,totals,473601.780677,8147.42694141,1226074.0,2017,9,3
2017-09-22,totals,284384.903407,4884.30761448,777526.0,2017,9,3
2017-09-25,totals,305363.302019,5296.60019425,894892.0,2017,9,3
2017-09-26,totals,359271.269513,6241.03237176,1039829.0,2017,9,3
2017-09-27,totals,405570.981356,7051.12748495,1173666.0,2017,9,3
2017-09-28,totals,353463.514463,6093.1269753100005,1006715.0,2017,9,3
2017-09-29,totals,337099.312138,5769.72917883,1014135.0,2017,9,3
2017-10-02,totals,276124.574014,4759.3817321199995,772423.0,2017,10,4
2017-10-03,totals,280332.985601,4848.92750817,790334.0,2017,10,4
2017-10-04,totals,267539.39035,4617.72410529,792365.0,2017,10,4
2017-10-05,totals,282649.695575,4891.55490826,871260.0,2017,10,4
2017-10-06,totals,394757.234508,6855.67372815,1069662.0,2017,10,4
2017-10-09,totals,258196.728147,4470.07209246,714845.0,2017,10,4
2017-10-10,totals,267245.276849,4582.780049229999,740950.0,2017,10,4
2017-10-11,totals,270884.071554,4664.68068657,788823.0,2017,10,4
2017-10-12,totals,247471.226794,4272.56481749,703161.0,2017,10,4
2017-10-13,totals,336301.258325,5829.76825458,936913.0,2017,10,4
2017-10-16,totals,258972.625322,4494.52313661,768849.0,2017,10,4
2017-10-17,totals,265130.578709,4644.3981759,810852.0,2017,10,4
2017-10-18,totals,279490.292438,4874.33191321,868125.0,2017,10,4
2017-10-19,totals,342001.278066,5971.51628919,996707.0,2017,10,4
2017-10-20,totals,306503.053852,5323.95100715,851592.0,2017,10,4
2017-10-23,totals,227746.676622,3959.99910665,703685.0,2017,10,4
2017-10-24,totals,293149.872322,5100.86674442,871983.0,2017,10,4
2017-10-25,totals,279762.417762,4858.234715899999,861116.0,2017,10,4
2017-10-26,totals,305191.966256,5297.18412636,864593.0,2017,10,4
2017-10-27,totals,469296.485502,8124.33432937,1291195.0,2017,10,4
2017-10-30,totals,299255.020301,5152.16973383,874672.0,2017,10,4
2017-10-31,totals,296577.595837,5124.75196533,869183.0,2017,10,4
2017-11-01,totals,336936.448974,5797.46427476,948850.0,2017,11,4
2017-11-02,totals,334774.202827,5756.51574699,956688.0,2017,11,4
2017-11-03,totals,389373.127942,6703.28641986,1188749.0,2017,11,4
2017-11-07,totals,460237.728408,7876.790674729999,1337271.0,2017,11,4
2017-11-08,totals,358593.165597,6134.44310131,1184203.0,2017,11,4
2017-11-09,totals,435379.343078,7348.4226147399995,1277659.0,2017,11,4
2017-11-10,totals,339749.178822,5733.90206391,1169803.0,2017,11,4
2017-11-13,totals,347591.662057,5863.47792299,1085018.0,2017,11,4
2017-11-14,totals,433716.402658,7328.48170243,1204384.0,2017,11,4
2017-11-15,totals,435355.847476,7302.092184020001,1305969.0,2017,11,4
2017-11-16,totals,396231.603879,6576.567310310001,1246792.0,2017,11,4
2017-11-17,totals,338486.437841,5642.39983866,1040919.0,2017,11,4
2017-11-20,totals,332524.201223,5576.2243948000005,991965.0,2017,11,4
2017-11-21,totals,330232.71277,5571.234774590001,1018086.0,2017,11,4
2017-11-22,totals,300687.680946,5056.94009704,912814.0,2017,11,4
2017-11-23,totals,265649.315123,4502.06529703,824478.0,2017,11,4
2017-11-24,totals,257367.781496,4402.29381542,785003.0,2017,11,4
2017-11-27,totals,267678.643082,4573.2173465,801607.0,2017,11,4
2017-11-28,totals,310251.455114,5323.710177270001,913442.0,2017,11,4
2017-11-29,totals,332709.811777,5695.86666856,935826.0,2017,11,4
2017-11-30,totals,472684.782407,8103.477945850001,1175488.0,2017,11,4
2017-12-01,totals,343299.304925,5860.20998004,931480.0,2017,12,4
2017-12-04,totals,419743.767123,7172.8755690200005,1163402.0,2017,12,4
2017-12-05,totals,253187.394703,4291.95920576,737704.0,2017,12,4
2017-12-06,totals,293317.735343,4997.54202151,810278.0,2017,12,4
2017-12-07,totals,304011.908597,5159.03123632,845010.0,2017,12,4
2017-12-08,totals,328794.624205,5545.08361956,893344.0,2017,12,4
2017-12-11,totals,277775.571018,4685.73577444,775183.0,2017,12,4
2017-12-12,totals,387017.394381,6533.61527989,944156.0,2017,12,4
2017-12-13,totals,344332.942479,5852.3198409,945248.0,2017,12,4
2017-12-14,totals,373546.731431,6315.82141786,1045516.0,2017,12,4
2017-12-15,totals,296731.833694,5054.35073284,818847.0,2017,12,4
2017-12-18,totals,278173.533699,4722.91466024,737413.0,2017,12,4
2017-12-19,totals,306544.543672,5222.757755,772507.0,2017,12,4
2017-12-20,totals,335197.73296,5718.95599275,810202.0,2017,12,4
2017-12-21,totals,343480.617068,5849.76441351,815924.0,2017,12,4
2017-12-22,totals,201589.6064,3442.4689786100002,583876.0,2017,12,4
2017-12-25,totals,139624.064446,2394.29967566,409293.0,2017,12,4
2017-12-26,totals,184432.093495,3168.99620946,522051.0,2017,12,4
2017-12-27,totals,261052.778332,4521.6236852600005,718656.0,2017,12,4
2017-12-28,totals,197241.109809,3433.00269099,578560.0,2017,12,4
2017-12-29,totals,175870.934996,3051.7730625,461812.0,2017,12,4
2018-01-01,totals,,,,2018,1,1
2018-01-02,totals,,,,2018,1,1
2018-01-03,totals,138732.732957,2408.54602861,413366.0,2018,1,1
2018-01-04,totals,215110.385091,3734.54232956,649780.0,2018,1,1
2018-01-05,totals,172495.729814,2994.7071331999996,552145.0,2018,1,1
2018-01-09,totals,214487.844374,3723.73436853,637285.0,2018,1,1
2018-01-10,totals,266684.308351,4674.8747657799995,746418.0,2018,1,1
2018-01-11,totals,255700.842149,4495.96546275,706464.0,2018,1,1
2018-01-12,totals,315961.836983,5543.60832454,812081.0,2018,1,1
2018-01-15,totals,257280.712351,4545.443039029999,729487.0,2018,1,1
2018-01-16,totals,247178.467707,4385.94861866,701555.0,2018,1,1
2018-01-17,totals,314888.934554,5584.34509866,882166.0,2018,1,1
2018-01-18,totals,295950.883017,5229.50714347,839625.0,2018,1,1
2018-01-19,totals,281432.041962,4958.3074252,800702.0,2018,1,1
2018-01-22,totals,195718.462401,3458.5833056700003,566774.0,2018,1,1
2018-01-23,totals,290233.204656,5125.43164117,820388.0,2018,1,1
2018-01-24,totals,258696.373916,4585.88007615,728511.0,2018,1,1
2018-01-25,totals,410526.504377,7280.28446034,1092045.0,2018,1,1
2018-01-26,totals,316041.306717,5650.77932509,933441.0,2018,1,1
2018-01-29,totals,284553.168135,5096.88849008,849616.0,2018,1,1
2018-01-30,totals,351849.146179,6250.56219096,1046526.0,2018,1,1
2018-01-31,totals,275853.156458,4900.449384060001,851044.0,2018,1,1
2018-02-01,totals,348361.006106,6200.3596416400005,1033737.0,2018,2,1
2018-02-02,totals,367382.005413,6529.92386264,1062919.0,2018,2,1
2018-02-05,totals,332956.316023,5941.31982454,955091.0,2018,2,1
2018-02-06,totals,552765.685144,9761.3837222,1582453.0,2018,2,1
2018-02-07,totals,388015.464389,6781.163524189999,1181346.0,2018,2,1
2018-02-08,totals,521914.173195,9163.896968129999,1511653.0,2018,2,1
2018-02-09,totals,549058.761227,9520.10558084,1635170.0,2018,2,1
2018-02-12,totals,570255.134766,9802.94807391,1660912.0,2018,2,1
2018-02-13,totals,387313.555218,6675.8516923100005,1157428.0,2018,2,1
2018-02-14,totals,454731.246287,7871.39448066,1330217.0,2018,2,1
2018-02-15,totals,481509.811577,8361.01142001,1386445.0,2018,2,1
2018-02-16,totals,356261.985514,6295.29340848,1160521.0,2018,2,1
2018-02-19,totals,242555.902699,4304.040122140001,843537.0,2018,2,1
2018-02-20,totals,255009.329717,4525.9519187,902601.0,2018,2,1
2018-02-21,totals,288330.90881,5101.3870961,972699.0,2018,2,1
2018-02-22,totals,313782.176481,5538.5998881099995,1017052.0,2018,2,1
2018-02-26,totals,342669.485886,6037.079919350001,1048983.0,2018,2,1
2018-02-27,totals,301728.481105,5395.63956712,954933.0,2018,2,1
2018-02-28,totals,336462.768876,6043.6948912299995,1049765.0,2018,2,1
2018-03-01,totals,435714.547904,7728.97083957,1275858.0,2018,3,1
2018-03-02,totals,465133.258642,8242.162595939999,1422744.0,2018,3,1
2018-03-05,totals,366429.87316,6466.98775114,1076014.0,2018,3,1
2018-03-06,totals,369314.942201,6467.862385310001,1092726.0,2018,3,1
2018-03-07,totals,359189.473752,6356.8745233,1094108.0,2018,3,1
2018-03-09,totals,284187.731244,5003.20823442,901584.0,2018,3,1
2018-03-12,totals,328159.824096,5777.34980654,954167.0,2018,3,1
2018-03-13,totals,423042.754013,7472.64289346,1188163.0,2018,3,1
2018-03-14,totals,544839.72318,9569.35295973,1456575.0,2018,3,1
2018-03-15,totals,459732.647091,8074.381021390001,1365420.0,2018,3,1
2018-03-16,totals,347865.831089,6100.89709164,1059786.0,2018,3,1
2018-03-19,totals,346771.05043,6031.40926267,1042827.0,2018,3,1
2018-03-20,totals,346504.976138,6020.71820382,1038466.0,2018,3,1
2018-03-21,totals,343891.996351,5959.65908971,988927.0,2018,3,1
2018-03-22,totals,430041.361434,7479.57856514,1240585.0,2018,3,1
2018-03-23,totals,390451.564452,6869.41848924,1142364.0,2018,3,1
2018-03-26,totals,381406.985867,6678.789817520001,1135127.0,2018,3,1
2018-03-27,totals,329898.834264,5787.30287338,984569.0,2018,3,1
2018-03-28,totals,350268.80955,6126.290291859999,1044805.0,2018,3,1
2018-03-29,totals,314008.726509,5455.34776891,913671.0,2018,3,1
2018-03-30,totals,180162.533602,3119.01703874,504697.0,2018,3,1
2018-04-02,totals,254192.358984,4438.88593159,758569.0,2018,4,2
2018-04-03,totals,292113.611191,5099.30367794,915055.0,2018,4,2
2018-04-04,totals,368753.034795,6408.9165291300005,1041448.0,2018,4,2
2018-04-05,totals,338710.527642,5863.63495362,991456.0,2018,4,2
2018-04-06,totals,334493.779878,5809.241118,1006466.0,2018,4,2
2018-04-09,totals,747560.221269,12926.143137,2241241.0,2018,4,2
2018-04-10,totals,657630.246354,11227.838951299998,2149436.0,2018,4,2
2018-04-11,totals,585040.541234,9380.17443084,2011333.0,2018,4,2
2018-04-12,totals,559441.505887,8732.73182617,1997885.0,2018,4,2
2018-04-13,totals,380610.758758,6132.365095130001,1264117.0,2018,4,2
2018-04-16,totals,347944.14868,5663.97392656,1281615.0,2018,4,2
2018-04-17,totals,413380.003408,6637.507802069999,1449550.0,2018,4,2
2018-04-18,totals,350584.102855,5733.6136954700005,1184201.0,2018,4,2
2018-04-19,totals,346935.986749,5636.29577897,1199480.0,2018,4,2
2018-04-20,totals,285851.864982,4697.0070636499995,939688.0,2018,4,2
2018-04-23,totals,394942.849173,6440.4546668699995,1347711.0,2018,4,2
2018-04-24,totals,294488.522186,4767.84810592,990968.0,2018,4,2
2018-04-25,totals,336776.778567,5461.44580288,1143168.0,2018,4,2
2018-04-26,totals,360432.009427,5837.01233416,1187202.0,2018,4,2
2018-04-27,totals,288661.745959,4611.011121869999,957118.0,2018,4,2
2018-04-28,totals,97729.401372,1558.03656174,274959.0,2018,4,2
2018-04-30,totals,172348.623562,2779.82995985,584598.0,2018,4,2
2018-05-02,totals,275985.741643,4451.40446878,873285.0,2018,5,2
2018-05-03,totals,308196.72089,4970.9389059899995,1013730.0,2018,5,2
2018-05-04,totals,353231.443271,5563.926586510001,1089858.0,2018,5,2
2018-05-07,totals,368104.162254,5824.32235866,762993.0,2018,5,2
2018-05-08,totals,338317.737766,5394.543836,986708.0,2018,5,2
2018-05-10,totals,426684.682066,6772.06327696,1184076.0,2018,5,2
2018-05-11,totals,291083.824752,4655.63537123,863663.0,2018,5,2
2018-05-14,totals,250199.950942,4052.7792958699997,778358.0,2018,5,2
2018-05-15,totals,400463.368894,6483.30487586,1121328.0,2018,5,2
2018-05-16,totals,371550.007043,6000.83349554,1096606.0,2018,5,2
2018-05-17,totals,300783.903038,4827.73630029,860412.0,2018,5,2
2018-05-18,totals,309750.396437,5010.399237109999,920929.0,2018,5,2
2018-05-21,totals,247260.825174,3991.889436,734306.0,2018,5,2
2018-05-22,totals,277559.772728,4438.6340703000005,865612.0,2018,5,2
2018-05-23,totals,347103.370864,5665.976246939999,996610.0,2018,5,2
2018-05-24,totals,316838.970676,5143.94906487,888164.0,2018,5,2
2018-05-25,totals,362175.632069,5897.76143674,976067.0,2018,5,2
2018-05-28,totals,226364.689006,3670.82437791,617575.0,2018,5,2
2018-05-29,totals,331756.211722,5327.61978645,909767.0,2018,5,2
2018-05-30,totals,368593.678397,5884.1301107399995,1017295.0,2018,5,2
2018-05-31,totals,375079.020197,5992.280695930001,1005504.0,2018,5,2
2018-06-01,totals,315021.80217,5079.45658687,859360.0,2018,6,2
2018-06-04,totals,250759.01396,4031.13246975,728382.0,2018,6,2
2018-06-05,totals,299062.665715,4829.12150551,827580.0,2018,6,2
2018-06-06,totals,324787.236837,5240.00820941,839835.0,2018,6,2
2018-06-07,totals,295454.86652,4764.9092113100005,816223.0,2018,6,2
2018-06-08,totals,387898.80596,6275.41040987,1150267.0,2018,6,2
2018-06-09,totals,71690.059459,1143.96597081,221360.0,2018,6,2
2018-06-11,totals,170521.76949,2735.21479506,550526.0,2018,6,2
2018-06-13,totals,300976.125215,4827.7375558,867352.0,2018,6,2
2018-06-14,totals,401509.200865,6361.408459050001,1089288.0,2018,6,2
2018-06-15,totals,405335.59504,6511.30012225,1099206.0,2018,6,2
2018-06-18,totals,372565.665385,5943.448529,1061204.0,2018,6,2
2018-06-19,totals,438813.244412,6912.20822339,1199611.0,2018,6,2
2018-06-20,totals,388566.811506,6064.88406132,1074948.0,2018,6,2
2018-06-21,totals,442098.914749,6949.3286399,1130574.0,2018,6,2
2018-06-22,totals,365292.575034,5726.728910520001,949330.0,2018,6,2
2018-06-25,totals,283504.093461,4483.0152856899995,860309.0,2018,6,2
2018-06-26,totals,317291.837749,5040.40269849,922801.0,2018,6,2
2018-06-27,totals,361529.817758,5757.687714729999,1027671.0,2018,6,2
2018-06-28,totals,328345.187675,5200.609917260001,930811.0,2018,6,2
2018-06-29,totals,328519.184811,5190.61453937,876465.0,2018,6,2
2018-07-02,totals,299247.308806,4768.387478680001,844302.0,2018,7,3
2018-07-03,totals,269796.248877,4273.02522477,775780.0,2018,7,3
2018-07-04,totals,159420.090626,2521.69572356,501338.0,2018,7,3
2018-07-05,totals,266151.266544,4209.47584713,734889.0,2018,7,3
2018-07-06,totals,270545.769383,4276.70026404,810076.0,2018,7,3
2018-07-09,totals,219830.243275,3482.64687959,633747.0,2018,7,3
2018-07-10,totals,257398.758116,4096.50153446,770651.0,2018,7,3
2018-07-11,totals,355182.855274,5688.0039343,1012708.0,2018,7,3
2018-07-12,totals,374885.482605,6036.99769083,1072371.0,2018,7,3
2018-07-13,totals,253850.403036,4080.7894235,765741.0,2018,7,3
2018-07-16,totals,333485.596308,5353.465958,953789.0,2018,7,3
2018-07-17,totals,285427.637025,4584.77047888,851531.0,2018,7,3
2018-07-18,totals,303744.136061,4864.9501573,934970.0,2018,7,3
2018-07-19,totals,347510.741265,5524.760356260001,1026587.0,2018,7,3
2018-07-20,totals,343939.234298,5435.6603486700005,1072559.0,2018,7,3
2018-07-23,totals,254671.822818,4011.28738956,778829.0,2018,7,3
2018-07-24,totals,243291.465311,3849.81043506,737207.0,2018,7,3
2018-07-25,totals,331485.033329,5268.06413071,1044211.0,2018,7,3
2018-07-26,totals,266438.65418,4223.58036288,822109.0,2018,7,3
2018-07-27,totals,222137.640458,3528.95749698,669255.0,2018,7,3
2018-07-30,totals,227685.502161,3615.6281011300002,694206.0,2018,7,3
2018-07-31,totals,237001.695674,3775.08455132,715127.0,2018,7,3
2018-08-01,totals,274868.912636,4408.50417301,762868.0,2018,8,3
2018-08-02,totals,303934.537199,4858.3662974,842270.0,2018,8,3
2018-08-03,totals,251491.669214,3983.34493606,755829.0,2018,8,3
2018-08-06,totals,226906.303934,3575.8673315100004,706975.0,2018,8,3
2018-08-07,totals,211795.965641,3335.50085658,659860.0,2018,8,3
2018-08-08,totals,449115.620117,7067.956408970001,1306730.0,2018,8,3
2018-08-09,totals,484969.483956,7625.90587241,1496603.0,2018,8,3
2018-08-10,totals,520399.985215,7850.87538191,1476399.0,2018,8,3
2018-08-13,totals,446098.847814,6667.39674646,1289932.0,2018,8,3
2018-08-14,totals,449421.164179,6587.49291561,1230327.0,2018,8,3
2018-08-15,totals,457549.648354,6854.31697745,1253127.0,2018,8,3
2018-08-16,totals,359623.936786,5417.88350196,1025607.0,2018,8,3
2018-08-17,totals,350000.058478,5232.22178754,989254.0,2018,8,3
2018-08-20,totals,280275.588483,4190.99296879,767872.0,2018,8,3
2018-08-21,totals,323034.471322,4808.441581020001,879404.0,2018,8,3
2018-08-22,totals,379340.207307,5646.76699629,1015527.0,2018,8,3
2018-08-23,totals,624687.969626,9238.718617049999,1782172.0,2018,8,3
2018-08-24,totals,365154.564859,5328.70877813,1121013.0,2018,8,3
2018-08-27,totals,278862.522663,4113.55653859,789722.0,2018,8,3
2018-08-28,totals,294033.751438,4362.75806592,813234.0,2018,8,3
2018-08-29,totals,313540.491584,4652.55043446,833259.0,2018,8,3
2018-08-30,totals,343161.966969,5035.75410366,969590.0,2018,8,3
2018-08-31,totals,355751.749973,5225.33455891,981567.0,2018,8,3
2018-09-03,totals,250818.12049,3686.07871723,712803.0,2018,9,3
2018-09-04,totals,314175.947879,4637.67354418,855002.0,2018,9,3
2018-09-05,totals,322799.002791,4728.013902729999,887564.0,2018,9,3
2018-09-06,totals,404289.163826,5905.2385211499995,1123456.0,2018,9,3
2018-09-07,totals,434594.995368,6367.64559041,1173143.0,2018,9,3
2018-09-10,totals,408195.132537,5913.42041613,1111009.0,2018,9,3
2018-09-11,totals,419706.803371,6007.09623609,1136385.0,2018,9,3
2018-09-12,totals,431280.225483,6163.4001218,1202330.0,2018,9,3
2018-09-13,totals,531473.877083,7639.1043207,1552139.0,2018,9,3
2018-09-14,totals,431215.627041,6282.55353586,1241215.0,2018,9,3
2018-09-17,totals,301993.190213,4422.6961218999995,851327.0,2018,9,3
2018-09-18,totals,414255.059274,6074.49519287,1043540.0,2018,9,3
2018-09-19,totals,403619.215525,5957.312127409999,1035263.0,2018,9,3
2018-09-20,totals,490341.772583,7317.4636035799995,1276764.0,2018,9,3
2018-09-21,totals,362395.696396,5451.81385379,1011352.0,2018,9,3
2018-09-24,totals,308691.987884,4659.52280364,865584.0,2018,9,3
2018-09-25,totals,323242.758167,4885.81755831,920755.0,2018,9,3
2018-09-26,totals,288740.393784,4386.525266979999,810367.0,2018,9,3
2018-09-27,totals,356615.51659,5423.10905191,980878.0,2018,9,3
2018-09-28,totals,337444.452534,5125.56982986,973069.0,2018,9,3
2018-10-01,totals,281600.905015,4293.31192297,805495.0,2018,10,4
2018-10-02,totals,349509.266209,5329.9570139200005,987287.0,2018,10,4
2018-10-03,totals,332752.17964,5101.83173556,971640.0,2018,10,4
2018-10-04,totals,430215.066555,6575.75868567,1188774.0,2018,10,4
2018-10-05,totals,421066.603189,6359.41797405,1233204.0,2018,10,4
2018-10-08,totals,328947.600356,4937.15161055,960672.0,2018,10,4
2018-10-09,totals,334798.134657,4999.33751924,1023569.0,2018,10,4
2018-10-10,totals,386285.995688,5817.279825189999,1163320.0,2018,10,4
2018-10-11,totals,508067.875442,7676.68948377,1430811.0,2018,10,4
2018-10-12,totals,361476.649173,5413.539503020001,1094356.0,2018,10,4
2018-10-15,totals,370862.314065,5621.246713760001,1120916.0,2018,10,4
2018-10-16,totals,295223.760233,4490.040581,946663.0,2018,10,4
2018-10-17,totals,344040.405069,5250.08057422,1061434.0,2018,10,4
2018-10-18,totals,336373.066317,5143.11459051,1040104.0,2018,10,4
2018-10-19,totals,347552.444018,5288.07591798,1120256.0,2018,10,4
2018-10-22,totals,323212.640218,4911.001310029999,1086170.0,2018,10,4
2018-10-23,totals,347104.852283,5315.01232317,1125749.0,2018,10,4
2018-10-24,totals,506751.14347,7759.154303390001,1621464.0,2018,10,4
2018-10-25,totals,405524.423073,6178.95841793,1315955.0,2018,10,4
2018-10-26,totals,352935.012321,5368.02883027,1145208.0,2018,10,4
2018-10-29,totals,317070.060821,4830.84446169,999796.0,2018,10,4
2018-10-30,totals,343257.624158,5215.65869545,1087449.0,2018,10,4
2018-10-31,totals,337593.295475,5132.60967788,1005233.0,2018,10,4
2018-11-01,totals,349574.470313,5329.1878235799995,1103390.0,2018,11,4
2018-11-02,totals,366329.399879,5579.892064930001,1088540.0,2018,11,4
2018-11-06,totals,254815.046241,3885.56625187,849049.0,2018,11,4
2018-11-07,totals,337537.009296,5114.87909442,1109233.0,2018,11,4
2018-11-08,totals,321386.137478,4862.723325399999,1011684.0,2018,11,4
2018-11-09,totals,432775.768102,6535.86800828,1261701.0,2018,11,4
2018-11-12,totals,364623.59719,5454.37896041,1075453.0,2018,11,4
2018-11-13,totals,399102.755175,5910.54939407,1167914.0,2018,11,4
2018-11-14,totals,578578.309764,8548.5823207,1642115.0,2018,11,4
2018-11-15,totals,438938.895662,6455.22108404,1276795.0,2018,11,4
2018-11-16,totals,372924.49436,5598.13039169,1142050.0,2018,11,4
2018-11-19,totals,319171.646675,4836.43966831,1006553.0,2018,11,4
2018-11-20,totals,407087.455634,6167.23486412,1228803.0,2018,11,4
2018-11-21,totals,374822.307341,5714.878495020001,1154321.0,2018,11,4
2018-11-22,totals,287248.441285,4355.64783558,870524.0,2018,11,4
2018-11-23,totals,361349.207555,5507.80953096,1085496.0,2018,11,4
2018-11-26,totals,460405.601795,7011.28129142,1451275.0,2018,11,4
2018-11-27,totals,382870.7567,5756.83169191,1226214.0,2018,11,4
2018-11-28,totals,406617.995167,6088.9187656,1293264.0,2018,11,4
2018-11-29,totals,529599.123834,7911.12404821,1591343.0,2018,11,4
2018-11-30,totals,398478.931182,5980.09627462,1224541.0,2018,11,4
2018-12-03,totals,396536.250403,5959.948753680001,1161176.0,2018,12,4
2018-12-04,totals,340856.866086,5141.741867979999,985909.0,2018,12,4
2018-12-05,totals,330277.767732,4970.566901470001,979367.0,2018,12,4
2018-12-06,totals,524759.298151,7852.83322735,1434964.0,2018,12,4
2018-12-07,totals,558953.558731,8375.3794142,1609957.0,2018,12,4
2018-12-10,totals,382051.823193,5708.8524998699995,1162591.0,2018,12,4
2018-12-11,totals,327745.463892,4947.72867642,988664.0,2018,12,4
2018-12-12,totals,347586.006911,5226.68433392,1068495.0,2018,12,4
2018-12-13,totals,346046.648631,5209.78055073,1097896.0,2018,12,4
2018-12-14,totals,393461.161272,5938.58820122,1136533.0,2018,12,4
2018-12-17,totals,313756.76277,4722.855459949999,979461.0,2018,12,4
2018-12-18,totals,402393.132008,6040.05253626,1204343.0,2018,12,4
2018-12-19,totals,535241.650935,8019.15414298,1404179.0,2018,12,4
2018-12-20,totals,675274.410298,10061.8876521,1867026.0,2018,12,4
2018-12-21,totals,500235.333571,7425.0839912,1421199.0,2018,12,4
2018-12-24,totals,369031.825956,5426.26033446,1049584.0,2018,12,4
2018-12-25,totals,241585.656313,3531.57713158,877846.0,2018,12,4
2018-12-26,totals,284633.349586,4140.43461594,865639.0,2018,12,4
2018-12-27,totals,468886.850529,6806.65806114,1333146.0,2018,12,4
2018-12-28,totals,321635.980405,4669.769534399999,974998.0,2018,12,4
2018-12-29,totals,105190.363517,1513.05581152,330746.0,2018,12,4
2019-01-03,totals,216276.778179,3113.21304522,678545.0,2019,1,1
2019-01-04,totals,254030.616807,3656.66363623,753825.0,2019,1,1
2019-01-07,totals,,,,2019,1,1
2019-01-08,totals,271817.070856,3912.69214396,805651.0,2019,1,1
2019-01-09,totals,258484.797647,3720.77969165,803950.0,2019,1,1
2019-01-10,totals,319714.965256,4766.20972512,971102.0,2019,1,1
2019-01-11,totals,318682.031056,4766.37223856,961678.0,2019,1,1
2019-01-14,totals,280771.974489,4195.84310776,812427.0,2019,1,1
2019-01-15,totals,274673.281894,4087.8866813600002,895052.0,2019,1,1
2019-01-16,totals,303656.516814,4526.646743,875862.0,2019,1,1
2019-01-17,totals,310754.46158,4654.68167497,908138.0,2019,1,1
2019-01-18,totals,328074.996877,4937.6314551099995,964245.0,2019,1,1
2019-01-21,totals,204009.412197,3075.63160152,663322.0,2019,1,1
2019-01-22,totals,254670.385916,3837.51263371,777311.0,2019,1,1
2019-01-23,totals,284059.143431,4268.36318959,850982.0,2019,1,1
2019-01-24,totals,335009.359743,5050.50910337,1042632.0,2019,1,1
2019-01-25,totals,307535.327559,4659.51321724,947169.0,2019,1,1
2019-01-28,totals,270413.772291,4102.337368070001,819608.0,2019,1,1
2019-01-29,totals,399370.963906,6057.49983173,1013283.0,2019,1,1
2019-01-30,totals,266992.354726,4024.53309144,803662.0,2019,1,1
2019-01-31,totals,379492.303,5741.2975293,1084110.0,2019,1,1
2019-02-01,totals,307999.316048,4712.51766889,933141.0,2019,2,1
2019-02-04,totals,265418.004837,4042.3027810999997,789116.0,2019,2,1
2019-02-05,totals,278990.286573,4253.815020800001,822118.0,2019,2,1
2019-02-06,totals,259965.568683,3964.75731226,773148.0,2019,2,1
2019-02-07,totals,286918.763767,4369.19263951,873337.0,2019,2,1
2019-02-08,totals,304400.159019,4610.733415520001,918601.0,2019,2,1
2019-02-11,totals,286242.672502,4332.8873814300005,832781.0,2019,2,1
2019-02-12,totals,277172.895486,4221.869281159999,797921.0,2019,2,1
2019-02-13,totals,354485.143507,5394.30513275,1055659.0,2019,2,1
2019-02-14,totals,531248.040523,8088.63872121,1465997.0,2019,2,1
2019-02-15,totals,325211.968203,4887.2527076999995,968091.0,2019,2,1
2019-02-18,totals,261159.066479,3915.17001096,809173.0,2019,2,1
2019-02-19,totals,240342.485825,3627.97539247,786379.0,2019,2,1
2019-02-20,totals,271762.828618,4105.04225869,887362.0,2019,2,1
2019-02-21,totals,271115.103295,4116.73666645,888331.0,2019,2,1
2019-02-22,totals,241991.876424,3692.27200483,760939.0,2019,2,1
2019-02-25,totals,290493.930294,4434.01318317,888704.0,2019,2,1
2019-02-26,totals,312121.160048,4782.8649893500005,905703.0,2019,2,1
2019-02-27,totals,374648.636213,5709.52321479,949875.0,2019,2,1
2019-02-28,totals,331629.037659,5043.250720970001,906436.0,2019,2,1
2019-03-01,totals,305467.318771,4636.05458792,911448.0,2019,3,1
2019-03-04,totals,281556.436021,4278.03046473,862889.0,2019,3,1
2019-03-05,totals,281519.873224,4278.70364012,925943.0,2019,3,1
2019-03-06,totals,274008.47809,4164.23727044,894398.0,2019,3,1
2019-03-07,totals,308938.665277,4692.05026012,884929.0,2019,3,1
2019-03-08,totals,,,,2019,3,1
2019-03-11,totals,268195.327446,4065.74628583,774869.0,2019,3,1
2019-03-12,totals,273526.395181,4139.55374591,791165.0,2019,3,1
2019-03-13,totals,255894.687377,3890.90472448,736458.0,2019,3,1
2019-03-14,totals,296294.407311,4517.44053593,876144.0,2019,3,1
2019-03-15,totals,274578.008533,4198.305689469999,813432.0,2019,3,1
2019-03-18,totals,363894.643784,5562.42873037,984534.0,2019,3,1
2019-03-19,totals,301794.478556,4666.72767269,838812.0,2019,3,1
2019-03-20,totals,365486.131759,5682.60081377,998016.0,2019,3,1
2019-03-21,totals,446660.418187,6948.63617916,1134804.0,2019,3,1
2019-03-22,totals,418016.041928,6557.93734003,1118168.0,2019,3,1
2019-03-25,totals,349379.180829,5478.69596175,1027210.0,2019,3,1
2019-03-26,totals,343141.887372,5320.08699896,948975.0,2019,3,1
2019-03-27,totals,369187.06125,5753.418140270001,1018304.0,2019,3,1
2019-03-28,totals,415986.188595,6440.162381,993416.0,2019,3,1
2019-03-29,totals,456470.54906,7044.1681490500005,1183763.0,2019,3,1
2019-04-01,totals,340845.690968,5265.27026414,950069.0,2019,4,2
2019-04-02,totals,301548.19848,4609.58822213,849925.0,2019,4,2
2019-04-03,totals,343156.460456,5241.222442,969057.0,2019,4,2
2019-04-04,totals,306792.496503,4708.01312541,867127.0,2019,4,2
2019-04-05,totals,283997.537378,4347.249305859999,809107.0,2019,4,2
2019-04-08,totals,281520.970212,4304.12814204,779147.0,2019,4,2
2019-04-09,totals,289529.637425,4430.45942643,868233.0,2019,4,2
2019-04-10,totals,283070.124583,4369.9441555,878783.0,2019,4,2
2019-04-11,totals,322352.88231,4979.39954725,951225.0,2019,4,2
2019-04-12,totals,297723.948198,4623.107282520001,923607.0,2019,4,2
2019-04-15,totals,236182.981204,3660.78111391,742756.0,2019,4,2
2019-04-16,totals,272859.484184,4247.04513656,852021.0,2019,4,2
2019-04-17,totals,280006.191644,4358.60215939,808715.0,2019,4,2
2019-04-18,totals,278320.428819,4352.4971275200005,779515.0,2019,4,2
2019-04-19,totals,94900.588542,1481.2293743900002,287716.0,2019,4,2
2019-04-22,totals,200219.777765,3130.3807331,567716.0,2019,4,2
2019-04-23,totals,247970.512774,3887.53821801,735033.0,2019,4,2
2019-04-24,totals,285899.779738,4481.84810518,802604.0,2019,4,2
2019-04-25,totals,340902.893272,5328.289448729999,981824.0,2019,4,2
2019-04-26,totals,398704.465475,6164.31917233,1030270.0,2019,4,2
2019-04-29,totals,285875.715179,4418.11899766,795271.0,2019,4,2
2019-04-30,totals,285269.004815,4409.66932103,800796.0,2019,4,2
2019-05-02,totals,318396.698836,4926.346927899999,845996.0,2019,5,2
2019-05-03,totals,256102.501724,3962.50896196,748329.0,2019,5,2
2019-05-06,totals,283333.922463,4383.84318556,779878.0,2019,5,2
2019-05-07,totals,301299.547608,4611.61012639,776707.0,2019,5,2
2019-05-08,totals,362931.083451,5565.01080171,918721.0,2019,5,2
2019-05-10,totals,259638.273737,3980.42999074,708161.0,2019,5,2
2019-05-13,totals,357383.81945,5478.93518421,886663.0,2019,5,2
2019-05-14,totals,409471.680922,6254.31196927,1136735.0,2019,5,2
2019-05-15,totals,340707.799201,5217.56933299,1037568.0,2019,5,2
2019-05-16,totals,284967.80141,4394.33516081,843639.0,2019,5,2
2019-05-17,totals,266173.878868,4122.904328510001,748063.0,2019,5,2
2019-05-20,totals,238247.008566,3686.16827962,694722.0,2019,5,2
2019-05-21,totals,267281.112617,4144.61290359,853047.0,2019,5,2
2019-05-22,totals,272754.4534,4226.31371364,807234.0,2019,5,2
2019-05-23,totals,413376.039528,6417.328093319999,1094819.0,2019,5,2
2019-05-24,totals,331016.412266,5132.72972116,946430.0,2019,5,2
2019-05-27,totals,188944.642038,2924.3598115199998,607256.0,2019,5,2
2019-05-28,totals,284136.823723,4407.7095248000005,846015.0,2019,5,2
2019-05-29,totals,360754.874101,5589.68434942,1028331.0,2019,5,2
2019-05-30,totals,355706.950223,5480.13739705,989401.0,2019,5,2
2019-05-31,totals,388719.857703,5974.94643578,1085757.0,2019,5,2
2019-06-03,totals,486332.409873,7438.16335451,1458900.0,2019,6,2
2019-06-04,totals,408023.534425,6224.16904394,1247283.0,2019,6,2
2019-06-05,totals,356696.045134,5474.03900367,1031157.0,2019,6,2
2019-06-06,totals,346462.76231,5320.02282266,1002130.0,2019,6,2
2019-06-07,totals,329958.120546,5058.06972661,916669.0,2019,6,2
2019-06-10,totals,263497.580094,4051.3469521399998,781005.0,2019,6,2
2019-06-11,totals,294186.01869,4540.47525524,876256.0,2019,6,2
2019-06-13,totals,289187.129021,4482.423360180001,913208.0,2019,6,2
2019-06-14,totals,318655.811329,4930.356008520001,988847.0,2019,6,2
2019-06-17,totals,279250.676416,4333.9967099899995,848621.0,2019,6,2
2019-06-18,totals,386720.598939,6012.5686455,1058243.0,2019,6,2
2019-06-19,totals,351173.866972,5458.50276322,932603.0,2019,6,2
2019-06-20,totals,486711.24988,7607.311882890001,1219493.0,2019,6,2
2019-06-21,totals,356068.392749,5617.3104995,996179.0,2019,6,2
2019-06-24,totals,239764.913833,3797.98531325,748061.0,2019,6,2
2019-06-25,totals,263031.819905,4181.11445656,816743.0,2019,6,2
2019-06-26,totals,313154.2025,5008.63207721,904336.0,2019,6,2
2019-06-27,totals,259749.878595,4135.59797981,802847.0,2019,6,2
2019-06-28,totals,268707.690094,4262.14351123,741198.0,2019,6,2
2019-07-01,totals,352802.989079,5593.33544317,957454.0,2019,7,3
2019-07-02,totals,308712.764702,4894.3294190100005,844935.0,2019,7,3
2019-07-03,totals,297149.62286,4699.76391007,842951.0,2019,7,3
2019-07-04,totals,200135.961654,3151.9906521,620769.0,2019,7,3
2019-07-05,totals,275884.225889,4351.396988529999,780851.0,2019,7,3
2019-07-08,totals,246820.479497,3881.7955982199996,729951.0,2019,7,3
2019-07-09,totals,223103.273787,3493.08944882,653393.0,2019,7,3
2019-07-10,totals,322990.046601,5056.99940975,857431.0,2019,7,3
2019-07-11,totals,267690.907303,4195.8611651500005,748852.0,2019,7,3
2019-07-12,totals,243388.268854,3863.64929032,719256.0,2019,7,3
2019-07-15,totals,232460.722577,3688.65831662,691967.0,2019,7,3
2019-07-16,totals,261597.18354,4163.703819,735399.0,2019,7,3
2019-07-17,totals,349319.211499,5561.2654645600005,914830.0,2019,7,3
2019-07-18,totals,347959.652659,5527.986335060001,917283.0,2019,7,3
2019-07-19,totals,316833.434709,5042.82181537,790866.0,2019,7,3
2019-07-22,totals,291507.258393,4636.917829069999,818392.0,2019,7,3
2019-07-23,totals,257404.488589,4087.23877361,740903.0,2019,7,3
2019-07-24,totals,287725.442876,4557.73801068,778674.0,2019,7,3
2019-07-25,totals,396394.553371,6280.3932012899995,1064819.0,2019,7,3
2019-07-26,totals,305367.216333,4835.03411065,870529.0,2019,7,3
2019-07-29,totals,217148.154337,3439.8563269499996,622828.0,2019,7,3
2019-07-30,totals,264916.087569,4170.52766123,723769.0,2019,7,3
2019-07-31,totals,255499.883219,4031.29554094,687429.0,2019,7,3
2019-08-01,totals,442603.603536,6979.23597283,1170320.0,2019,8,3
2019-08-02,totals,653512.12935,10237.6810062,1643089.0,2019,8,3
2019-08-05,totals,383191.944134,5927.882271109999,1093486.0,2019,8,3
2019-08-06,totals,367766.328293,5653.19482854,1012025.0,2019,8,3
2019-08-07,totals,492659.157766,7555.77439329,1309638.0,2019,8,3
2019-08-08,totals,364049.192992,5592.73768984,994813.0,2019,8,3
2019-08-09,totals,348786.367976,5355.24187779,929766.0,2019,8,3
2019-08-12,totals,317551.790956,4866.3734183999995,865123.0,2019,8,3
2019-08-13,totals,539228.707806,8241.4706055,1339684.0,2019,8,3
2019-08-14,totals,524359.948427,8014.21927116,1365503.0,2019,8,3
2019-08-15,totals,578805.726755,8876.9527685,1511043.0,2019,8,3
2019-08-16,totals,356168.033286,5462.43180221,980610.0,2019,8,3
2019-08-19,totals,379407.544014,5818.84852299,992774.0,2019,8,3
2019-08-20,totals,348544.820439,5345.51709792,988630.0,2019,8,3
2019-08-21,totals,352610.833726,5279.8699348,922790.0,2019,8,3
2019-08-22,totals,357594.736602,5396.59744657,960169.0,2019,8,3
2019-08-23,totals,478135.134503,7215.71819119,1212382.0,2019,8,3
2019-08-26,totals,393035.238403,5990.97073076,1055949.0,2019,8,3
2019-08-27,totals,332495.119744,5039.82841207,905973.0,2019,8,3
2019-08-28,totals,398379.524795,6012.295728319999,1021355.0,2019,8,3
2019-08-29,totals,336870.962495,5072.387698359999,880988.0,2019,8,3
2019-08-30,totals,388465.763359,5819.96466302,964758.0,2019,8,3
2019-09-02,totals,272885.797042,4104.18150544,722676.0,2019,9,3
2019-09-03,totals,331372.281176,4973.80475622,900229.0,2019,9,3
2019-09-04,totals,401182.584719,5996.10482458,1033246.0,2019,9,3
2019-09-05,totals,359422.153009,5404.828151029999,983788.0,2019,9,3
2019-09-06,totals,399695.996417,6051.1590185,1043322.0,2019,9,3
2019-09-09,totals,307754.619357,4663.08301841,822640.0,2019,9,3
2019-09-10,totals,343425.656334,5237.55839325,893899.0,2019,9,3
2019-09-11,totals,380735.202391,5818.142956770001,973638.0,2019,9,3
2019-09-12,totals,569600.870375,8705.22068488,1339736.0,2019,9,3
2019-09-13,totals,325742.180906,4996.74311761,844052.0,2019,9,3
2019-09-16,totals,513090.424547,7958.45618497,1125093.0,2019,9,3
2019-09-17,totals,657023.474098,10293.7850023,1456531.0,2019,9,3
2019-09-18,totals,488777.000588,7622.69324839,1195682.0,2019,9,3
2019-09-19,totals,558941.464792,8675.308708690001,1266234.0,2019,9,3
2019-09-20,totals,275531.945357,4290.44494552,765421.0,2019,9,3
2019-09-23,totals,352799.601004,5525.55652666,869718.0,2019,9,3
2019-09-24,totals,337378.226144,5276.04415249,839744.0,2019,9,3
2019-09-25,totals,431935.202993,6780.13378635,1051169.0,2019,9,3
2019-09-26,totals,334346.638356,5208.9219885600005,885721.0,2019,9,3
2019-09-27,totals,352210.350087,5478.56469691,912480.0,2019,9,3
2019-09-30,totals,330772.585769,5134.97639965,904260.0,2019,9,3
2019-10-01,totals,329771.10259,5101.6016625699995,878333.0,2019,10,4
2019-10-02,totals,417439.470856,6415.5327717,1082536.0,2019,10,4
2019-10-03,totals,421077.706374,6434.5713605,1100482.0,2019,10,4
2019-10-04,totals,367446.396226,5641.63405904,1013826.0,2019,10,4
2019-10-07,totals,296868.451795,4565.09998147,863092.0,2019,10,4
2019-10-08,totals,355492.234662,5483.799448399999,921175.0,2019,10,4
2019-10-09,totals,347425.285901,5355.94701021,926786.0,2019,10,4
2019-10-10,totals,336727.566217,5172.65715198,886320.0,2019,10,4
2019-10-11,totals,353889.284009,5466.18069385,914076.0,2019,10,4
2019-10-14,totals,305577.165401,4758.01246893,840401.0,2019,10,4
2019-10-15,totals,339642.794872,5276.8078848800005,892702.0,2019,10,4
2019-10-16,totals,308607.415839,4802.86944849,874620.0,2019,10,4
2019-10-17,totals,309252.99951,4806.13251136,807787.0,2019,10,4
2019-10-18,totals,260869.795878,4075.17364652,737375.0,2019,10,4
2019-10-21,totals,276766.102309,4327.5672638999995,783596.0,2019,10,4
2019-10-22,totals,265445.39382,4163.15708792,763770.0,2019,10,4
2019-10-23,totals,309336.273394,4861.2096973,871586.0,2019,10,4
2019-10-24,totals,358794.170932,5623.75953072,922909.0,2019,10,4
2019-10-25,totals,351870.591364,5510.03118328,924202.0,2019,10,4
2019-10-28,totals,312930.65366,4889.80123413,883918.0,2019,10,4
2019-10-29,totals,318731.708898,4990.319538090001,858767.0,2019,10,4
2019-10-30,totals,335898.038587,5262.2201809,887725.0,2019,10,4
2019-10-31,totals,445359.36245,6972.53257929,1174696.0,2019,10,4
2019-11-01,totals,367823.621238,5767.53860832,1008329.0,2019,11,4
2019-11-05,totals,309562.477477,4834.52666304,897049.0,2019,11,4
2019-11-06,totals,276418.661967,4370.39371944,815969.0,2019,11,4
2019-11-07,totals,353218.239825,5554.793983529999,980597.0,2019,11,4
2019-11-08,totals,353857.693219,5552.4682835799995,997625.0,2019,11,4
2019-11-11,totals,265702.041011,4169.21584213,788893.0,2019,11,4
2019-11-12,totals,308858.463278,4832.55069506,882489.0,2019,11,4
2019-11-13,totals,349645.465146,5475.7875925299995,1000298.0,2019,11,4
2019-11-14,totals,336343.768747,5238.9260703,959997.0,2019,11,4
2019-11-15,totals,299293.683868,4661.16208927,854661.0,2019,11,4
2019-11-18,totals,280016.415136,4382.91974775,792142.0,2019,11,4
2019-11-19,totals,305362.941738,4789.6913730900005,839399.0,2019,11,4
2019-11-20,totals,379890.323387,5956.91473487,1025924.0,2019,11,4
2019-11-21,totals,372342.530531,5815.91642986,1004655.0,2019,11,4
2019-11-22,totals,304617.946553,4771.36015778,850621.0,2019,11,4
2019-11-25,totals,284771.265809,4469.79781556,773686.0,2019,11,4
2019-11-26,totals,270905.050588,4248.57796188,773897.0,2019,11,4
2019-11-27,totals,260348.857958,4066.4323472600004,694473.0,2019,11,4
2019-11-28,totals,274507.000151,4291.03579603,659896.0,2019,11,4
2019-11-29,totals,284992.671078,4446.02883095,748763.0,2019,11,4
2019-12-02,totals,319576.353172,4987.014282890001,857264.0,2019,12,4
2019-12-03,totals,341075.130123,5295.40007364,918958.0,2019,12,4
2019-12-04,totals,364961.970054,5690.07485261,950131.0,2019,12,4
2019-12-05,totals,312190.736042,4863.17795276,855457.0,2019,12,4
2019-12-06,totals,308704.092937,4837.598516569999,813739.0,2019,12,4
2019-12-09,totals,234592.234805,3681.6973846700002,652063.0,2019,12,4
2019-12-10,totals,274142.7128,4302.00539825,761082.0,2019,12,4
2019-12-11,totals,243213.996456,3825.39457266,663974.0,2019,12,4
2019-12-12,totals,441619.017825,6947.48577958,1106595.0,2019,12,4
2019-12-13,totals,491161.228531,7768.37944904,1171857.0,2019,12,4
2019-12-16,totals,218000.769514,3484.97898651,596375.0,2019,12,4
2019-12-17,totals,290161.969222,4622.7248850900005,777056.0,2019,12,4
2019-12-18,totals,355017.243737,5677.3146124899995,956869.0,2019,12,4
2019-12-19,totals,397073.62802,6344.74207925,958503.0,2019,12,4
2019-12-20,totals,268156.870024,4288.56805677,723253.0,2019,12,4
2019-12-23,totals,247529.013476,3966.3598128400004,689313.0,2019,12,4
2019-12-24,totals,241033.237332,3872.02609694,635666.0,2019,12,4
2019-12-25,totals,137822.295597,2216.95804059,427315.0,2019,12,4
2019-12-26,totals,212882.36826,3449.36464635,563391.0,2019,12,4
2019-12-27,totals,262748.748761,4253.82803866,617256.0,2019,12,4
2019-12-30,totals,229361.00509,3697.49248511,597806.0,2019,12,4
2019-12-31,totals,,,,2019,12,4
2020-01-03,totals,229895.47199,3713.6398100700003,611479.0,2020,1,1
2020-01-06,totals,233984.840306,3779.69783568,678079.0,2020,1,1
2020-01-08,totals,300543.911148,4854.86653326,829472.0,2020,1,1
2020-01-09,totals,417401.187089,6742.53238537,1024592.0,2020,1,1
2020-01-10,totals,330283.13484,5393.786700850001,810475.0,2020,1,1
2020-01-13,totals,304696.665824,4973.56758746,840006.0,2020,1,1
2020-01-14,totals,323924.224329,5314.81612553,923075.0,2020,1,1
2020-01-15,totals,427694.994134,6964.1286047799995,1209087.0,2020,1,1
2020-01-16,totals,337220.268126,5489.25440686,920112.0,2020,1,1
2020-01-17,totals,324350.676746,5268.04998499,893382.0,2020,1,1
2020-01-20,totals,254978.418961,4143.74686488,738828.0,2020,1,1
2020-01-21,totals,334203.813073,5437.26735811,923746.0,2020,1,1
2020-01-22,totals,340733.034829,5508.55926145,946055.0,2020,1,1
2020-01-23,totals,375683.828062,6075.65425762,1038031.0,2020,1,1
2020-01-24,totals,382317.509391,6171.238943220001,1075074.0,2020,1,1
2020-01-27,totals,547476.923834,8858.405546549999,1452423.0,2020,1,1
2020-01-28,totals,523653.086626,8400.22276342,1432676.0,2020,1,1
2020-01-29,totals,419827.617914,6681.971766850001,1193248.0,2020,1,1
2020-01-30,totals,488728.510891,7833.01616663,1296460.0,2020,1,1
2020-01-31,totals,558709.061124,8863.34709466,1544449.0,2020,1,1
2020-02-03,totals,598598.630107,9480.72301539,1620714.0,2020,2,1
2020-02-04,totals,519466.766987,8128.21283647,1436897.0,2020,2,1
2020-02-05,totals,619570.409647,9767.13523063,1619749.0,2020,2,1
2020-02-06,totals,526625.650766,8336.08737057,1391843.0,2020,2,1
2020-02-07,totals,557753.03969,8881.74311623,1495582.0,2020,2,1
2020-02-10,totals,462531.534538,7287.17441609,1306534.0,2020,2,1
2020-02-11,totals,516452.735367,8098.577019060001,1392396.0,2020,2,1
2020-02-12,totals,438113.963441,6850.99006147,1188387.0,2020,2,1
2020-02-13,totals,495752.614044,7863.222897899999,1266114.0,2020,2,1
2020-02-14,totals,395614.861757,6220.20297849,1089103.0,2020,2,1
2020-02-17,totals,277677.048805,4376.06453858,779806.0,2020,2,1
2020-02-18,totals,419261.719181,6622.51860621,1125895.0,2020,2,1
2020-02-19,totals,409349.57346,6419.1760592,1096074.0,2020,2,1
2020-02-20,totals,424264.193455,6661.67655804,1095975.0,2020,2,1
2020-02-21,totals,527624.407906,8277.59094819,1344275.0,2020,2,1
2020-02-24,totals,,,,2020,2,1
2020-02-25,totals,649747.089432,10104.805685700001,1564641.0,2020,2,1
2020-02-26,totals,737807.525595,11364.6449716,1928937.0,2020,2,1
2020-02-27,totals,796724.830424,12160.4517623,2034894.0,2020,2,1
2020-02-28,totals,1052335.17353,16039.3230502,2930440.0,2020,2,1
2020-03-02,totals,901701.40856,13460.058135700001,2734419.0,2020,3,1
2020-03-03,totals,849962.037699,12814.644290299999,2398364.0,2020,3,1
2020-03-04,totals,766034.606849,11529.0781045,2170236.0,2020,3,1
2020-03-05,totals,655927.280444,9926.500648379999,1867125.0,2020,3,1
2020-03-06,totals,1019550.50615,15404.4624064,2885386.0,2020,3,1
2020-03-09,totals,,,,2020,3,1
2020-03-10,totals,928254.995305,13748.3614664,2974046.0,2020,3,1
2020-03-11,totals,670168.67629,9305.21011,2437696.0,2020,3,1
2020-03-12,totals,888685.758767,12434.040726,3041539.0,2020,3,1
2020-03-13,totals,904921.505927,12224.142762399999,3371043.0,2020,3,1
2020-03-16,totals,820069.245733,11204.938032799999,2978710.0,2020,3,1
2020-03-17,totals,751463.361262,10137.6215328,2768745.0,2020,3,1
2020-03-18,totals,881998.758589,11936.7104246,2872103.0,2020,3,1
2020-03-19,totals,857920.604973,11111.075775700001,2918645.0,2020,3,1
2020-03-20,totals,757691.112095,9452.58819685,2817662.0,2020,3,1
2020-03-23,totals,630713.629394,8081.4823042,2424923.0,2020,3,1
2020-03-24,totals,532913.305829,6588.8158086700005,1960612.0,2020,3,1
2020-03-25,totals,652173.850731,8271.14319,2461843.0,2020,3,1
2020-03-26,totals,558441.183793,7178.57158751,2181214.0,2020,3,1
2020-03-27,totals,474218.540776,6023.94163758,1831877.0,2020,3,1
2020-03-30,totals,460442.154433,5923.41883296,1879365.0,2020,3,1
2020-03-31,totals,502080.076729,6459.075376819999,1890592.0,2020,3,1
2020-04-01,totals,450061.325737,5789.873292859999,1713371.0,2020,4,2
2020-04-02,totals,649165.248422,8351.27197018,2424362.0,2020,4,2
2020-04-03,totals,720163.053668,9264.63260114,2492375.0,2020,4,2
2020-04-06,totals,435741.447478,5605.6533300500005,1612171.0,2020,4,2
2020-04-07,totals,438017.690038,5732.66058049,1592597.0,2020,4,2
2020-04-08,totals,387982.223652,5141.90210923,1511758.0,2020,4,2
2020-04-09,totals,671971.796442,8870.926515309999,2479803.0,2020,4,2
2020-04-10,totals,313148.906985,4197.42519918,1249774.0,2020,4,2
2020-04-13,totals,281654.162013,3818.9618111199998,1186217.0,2020,4,2
2020-04-14,totals,350466.684843,4766.665327109999,1408321.0,2020,4,2
2020-04-15,totals,478679.876378,6529.085130979999,1722747.0,2020,4,2
2020-04-16,totals,530681.838168,7199.15129544,1990508.0,2020,4,2
2020-04-17,totals,443428.018452,5935.17255554,1695852.0,2020,4,2
2020-04-20,totals,387040.259084,5234.22773533,1496776.0,2020,4,2
2020-04-21,totals,771327.893173,10330.4180256,2888323.0,2020,4,2
2020-04-22,totals,662618.545796,8689.37274341,2728151.0,2020,4,2
2020-04-23,totals,445464.100699,5782.1242121000005,1741722.0,2020,4,2
2020-04-24,totals,425214.838428,5659.796329350001,1686699.0,2020,4,2
2020-04-27,totals,324402.37805,4341.7885796,1311922.0,2020,4,2
2020-04-28,totals,407322.175278,5467.7053167700005,1637528.0,2020,4,2
2020-04-29,totals,323078.823435,4332.5227829099995,1346939.0,2020,4,2
2020-04-30,totals,444724.588052,6035.12293562,1666510.0,2020,4,2
2020-05-04,totals,391478.307777,5382.8987282,1441555.0,2020,5,2
2020-05-05,totals,339969.471403,4674.64275514,1278598.0,2020,5,2
2020-05-06,totals,435477.486536,5987.89552797,1512691.0,2020,5,2
2020-05-07,totals,397224.958797,5369.94397598,1387202.0,2020,5,2
2020-05-08,totals,326382.021735,4403.61134552,1183972.0,2020,5,2
2020-05-12,totals,291764.115247,3949.56330498,1086672.0,2020,5,2
2020-05-13,totals,395784.010889,5389.75892028,1364580.0,2020,5,2
2020-05-14,totals,474054.01501,6442.5356644799995,1586375.0,2020,5,2
2020-05-15,totals,431238.459538,5833.08029425,1459029.0,2020,5,2
2020-05-18,totals,394578.83315,5390.00886749,1351798.0,2020,5,2
2020-05-19,totals,399497.361266,5474.081338479999,1395219.0,2020,5,2
2020-05-20,totals,488504.57895,6748.06509784,1477586.0,2020,5,2
2020-05-21,totals,479422.185616,6627.51973878,1573436.0,2020,5,2
2020-05-22,totals,449177.426122,6333.22184482,1445269.0,2020,5,2
2020-05-25,totals,214218.112826,2980.20201371,748152.0,2020,5,2
2020-05-26,totals,354153.8617,4946.545510800001,1148466.0,2020,5,2
2020-05-27,totals,450526.224972,6332.88106083,1455609.0,2020,5,2
2020-05-28,totals,448801.215636,6315.495516489999,1422831.0,2020,5,2
2020-05-29,totals,432577.405119,6083.96771249,1434325.0,2020,5,2
2020-06-01,totals,469430.317196,6634.86992871,1516864.0,2020,6,2
2020-06-02,totals,402162.10862,5768.9575681999995,1355802.0,2020,6,2
2020-06-03,totals,445256.29063,6454.57062136,1525694.0,2020,6,2
2020-06-04,totals,483077.222886,7068.598678779999,1534272.0,2020,6,2
2020-06-05,totals,478714.415818,6936.37212462,1502192.0,2020,6,2
2020-06-08,totals,385162.254435,5612.000460939999,1281121.0,2020,6,2
2020-06-09,totals,399640.571607,5850.199328770001,1309888.0,2020,6,2
2020-06-10,totals,397576.773849,5789.29258821,1293057.0,2020,6,2
2020-06-11,totals,584878.944018,8523.65832465,1706523.0,2020,6,2
2020-06-15,totals,617293.034549,8930.49864875,1801429.0,2020,6,2
2020-06-16,totals,619081.977479,8794.402691649999,1815547.0,2020,6,2
2020-06-17,totals,526896.668626,7553.81418598,1589698.0,2020,6,2
2020-06-18,totals,507250.912969,7300.44404134,1440580.0,2020,6,2
2020-06-19,totals,392268.822787,5634.589083100001,1159265.0,2020,6,2
2020-06-22,totals,393059.535629,5649.63937804,1239204.0,2020,6,2
2020-06-23,totals,341762.223788,4918.6097964,1080450.0,2020,6,2
2020-06-25,totals,458770.612414,6664.53526,1358891.0,2020,6,2
2020-06-26,totals,389644.845928,5609.144702850001,1158017.0,2020,6,2
2020-06-29,totals,418508.571335,6054.07576821,1211774.0,2020,6,2
2020-06-30,totals,435987.412404,6232.7278035399995,1231524.0,2020,6,2
2020-07-02,totals,415161.809542,5893.727252930001,1179957.0,2020,7,3
2020-07-03,totals,334710.698767,4746.33647241,950650.0,2020,7,3
2020-07-06,totals,418122.829659,5930.828691369999,1128749.0,2020,7,3
2020-07-07,totals,416706.915482,5841.0661413299995,1174703.0,2020,7,3
2020-07-08,totals,374486.663669,5188.81536538,1130461.0,2020,7,3
2020-07-09,totals,437367.428154,6139.53286318,1231305.0,2020,7,3
2020-07-10,totals,410842.030381,5796.30404036,1138745.0,2020,7,3
2020-07-13,totals,362833.745433,5093.8475951499995,1041419.0,2020,7,3
2020-07-14,totals,482541.681241,6820.5795683100005,1366050.0,2020,7,3
2020-07-15,totals,395849.161014,5565.34618838,1159848.0,2020,7,3
2020-07-16,totals,314641.839133,4444.10632704,905474.0,2020,7,3
2020-07-17,totals,325608.612542,4571.164416359999,895131.0,2020,7,3
2020-07-18,totals,,,,2020,7,3
2020-07-20,totals,345023.364894,4811.10865389,962077.0,2020,7,3
2020-07-21,totals,353988.68875,4919.051075689999,1034853.0,2020,7,3
2020-07-22,totals,395989.950755,5579.93245792,1109504.0,2020,7,3
2020-07-23,totals,409240.835794,5781.20949417,1129076.0,2020,7,3
2020-07-24,totals,422917.833067,5959.69495465,1188085.0,2020,7,3
2020-07-27,totals,386965.459035,5404.74177882,1073060.0,2020,7,3
2020-07-28,totals,446739.123076,6240.68063248,1197274.0,2020,7,3
2020-07-29,totals,378515.036292,5263.03033237,1015543.0,2020,7,3
2020-07-30,totals,607559.206019,8410.89344774,1521692.0,2020,7,3
2020-07-31,totals,493741.419359,6730.08737828,1276346.0,2020,7,3
2020-08-03,totals,468420.881122,6379.487418260001,1292138.0,2020,8,3
2020-08-04,totals,452874.170932,6106.83280067,1245180.0,2020,8,3
2020-08-05,totals,528395.313953,7200.7494345,1458788.0,2020,8,3
2020-08-06,totals,477140.780209,6511.14729149,1301362.0,2020,8,3
2020-08-07,totals,458563.473785,6278.27707103,1208815.0,2020,8,3
2020-08-10,totals,352929.613666,4792.790825149999,975944.0,2020,8,3
2020-08-11,totals,464072.440993,6290.37534386,1250770.0,2020,8,3
2020-08-12,totals,497729.034895,6804.02004171,1416517.0,2020,8,3
2020-08-13,totals,461221.294471,6297.81750105,1245890.0,2020,8,3
2020-08-14,totals,412367.526024,5602.309654199999,1119749.0,2020,8,3
2020-08-17,totals,469386.715853,6411.01178918,1300228.0,2020,8,3
2020-08-18,totals,439036.282541,6016.86615074,1207432.0,2020,8,3
2020-08-19,totals,394263.394989,5369.08783746,1091810.0,2020,8,3
2020-08-20,totals,567805.138813,7752.749058060001,1479381.0,2020,8,3
2020-08-21,totals,582066.774104,7890.17344331,1463434.0,2020,8,3
2020-08-24,totals,385767.498024,5206.046135340001,1002739.0,2020,8,3
2020-08-25,totals,440460.355067,5918.70229764,1125442.0,2020,8,3
2020-08-26,totals,506731.563719,6800.6157846999995,1276650.0,2020,8,3
2020-08-27,totals,629115.287933,8328.472037649999,1530961.0,2020,8,3
2020-08-28,totals,460203.248886,6116.8445822799995,1151997.0,2020,8,3
2020-08-31,totals,445174.632789,5964.43420111,1129763.0,2020,8,3
2020-09-01,totals,473973.331761,6422.063492050001,1198541.0,2020,9,3
2020-09-02,totals,676199.039476,9189.37226898,1691438.0,2020,9,3
2020-09-03,totals,665620.368316,9012.065838,1653193.0,2020,9,3
2020-09-04,totals,570210.719568,7555.66226173,1474620.0,2020,9,3
2020-09-07,totals,502363.959133,6681.94454191,1297877.0,2020,9,3
2020-09-08,totals,625307.7585,8272.25143866,1528049.0,2020,9,3
2020-09-09,totals,593657.861285,7814.9380471800005,1448446.0,2020,9,3
2020-09-10,totals,586393.28125,7708.46930774,1396564.0,2020,9,3
2020-09-11,totals,478728.485965,6338.4743280600005,1228581.0,2020,9,3
2020-09-14,totals,372486.890814,4973.813330739999,918737.0,2020,9,3
2020-09-15,totals,462563.594335,6191.0571176700005,1085826.0,2020,9,3
2020-09-16,totals,518242.324941,6892.5834961400005,1308734.0,2020,9,3
2020-09-17,totals,610002.756531,8141.20735603,1431361.0,2020,9,3
2020-09-18,totals,458697.382285,6100.17783689,1119477.0,2020,9,3
2020-09-21,totals,593885.762205,7915.11026917,1504437.0,2020,9,3
2020-09-22,totals,527791.685952,6941.14773978,1365619.0,2020,9,3
2020-09-23,totals,597830.823776,7838.235239510001,1510217.0,2020,9,3
2020-09-24,totals,626603.893065,8206.50902128,1590962.0,2020,9,3
2020-09-25,totals,732145.513745,9486.453571549999,1716403.0,2020,9,3
2020-09-26,totals,,,,2020,9,3
2020-09-28,totals,601777.197493,7833.65157926,1377934.0,2020,9,3
2020-09-29,totals,920587.861728,11701.6988626,2013850.0,2020,9,3
2020-09-30,totals,775037.710018,9726.329587540002,1690492.0,2020,9,3
2020-10-01,totals,608518.850352,7723.82011167,1488716.0,2020,10,4
2020-10-02,totals,692481.439016,8960.98262902,1658618.0,2020,10,4
2020-10-05,totals,548013.19061,7017.57797724,1355165.0,2020,10,4
2020-10-06,totals,551251.984011,7055.745423359999,1392570.0,2020,10,4
2020-10-07,totals,592623.049553,7548.19396235,1497756.0,2020,10,4
2020-10-08,totals,530588.47975,6794.39379592,1299603.0,2020,10,4
2020-10-09,totals,522435.360053,6705.135936060001,1259246.0,2020,10,4
2020-10-12,totals,455445.868619,5912.70062235,1158985.0,2020,10,4
2020-10-13,totals,482020.444803,6258.063338819999,1235688.0,2020,10,4
2020-10-14,totals,499079.893339,6457.61356709,1194559.0,2020,10,4
2020-10-15,totals,551929.74985,7142.32703663,1304255.0,2020,10,4
2020-10-16,totals,557075.801319,7146.93616896,1338693.0,2020,10,4
2020-10-19,totals,442887.352195,5680.6356772399995,1093751.0,2020,10,4
2020-10-20,totals,535444.21647,6871.35579968,1361014.0,2020,10,4
2020-10-21,totals,550566.890418,7078.69693767,1410974.0,2020,10,4
2020-10-22,totals,516369.266672,6703.29117787,1321166.0,2020,10,4
2020-10-23,totals,464267.265617,6023.116824229999,1196065.0,2020,10,4
2020-10-26,totals,499134.677915,6527.47768525,1271005.0,2020,10,4
2020-10-27,totals,580865.692718,7598.54812874,1398309.0,2020,10,4
2020-10-28,totals,808144.976041,10570.1214305,1944804.0,2020,10,4
2020-10-29,totals,915520.314542,11805.244410700001,2217836.0,2020,10,4
2020-10-30,totals,726392.241595,9210.00586529,1799478.0,2020,10,4
2020-11-02,totals,664750.139252,8379.31257826,1704796.0,2020,11,4
2020-11-03,totals,646901.613822,8028.57482693,1630709.0,2020,11,4
2020-11-04,totals,,,,2020,11,4
2020-11-05,totals,744388.578975,9304.78745128,1867102.0,2020,11,4
2020-11-06,totals,694340.507867,8850.073835959998,1847599.0,2020,11,4
2020-11-09,totals,973250.088084,12608.908023799999,2457762.0,2020,11,4
2020-11-10,totals,717095.919315,9318.80365315,1927068.0,2020,11,4
2020-11-11,totals,618619.496461,8097.3469976999995,1670028.0,2020,11,4
2020-11-12,totals,651168.761643,8544.68079445,1725057.0,2020,11,4
2020-11-13,totals,481973.61122,6250.07924834,1356911.0,2020,11,4
2020-11-16,totals,662025.941016,8561.46999356,1660765.0,2020,11,4
2020-11-17,totals,579896.650302,7538.98741547,1549194.0,2020,11,4
2020-11-18,totals,565209.318134,7412.289590359999,1455314.0,2020,11,4
2020-11-19,totals,576687.230358,7595.30535144,1463850.0,2020,11,4
2020-11-20,totals,433950.303047,5690.20376996,1103947.0,2020,11,4
2020-11-23,totals,565517.828351,7439.8493442,1296318.0,2020,11,4
2020-11-24,totals,560892.076392,7403.53849514,1462099.0,2020,11,4
2020-11-25,totals,619079.972566,8165.70914528,1555087.0,2020,11,4
2020-11-26,totals,459267.641416,6085.21546753,1186243.0,2020,11,4
2020-11-27,totals,486954.922112,6453.854276659999,1205257.0,2020,11,4
2020-11-30,totals,502333.766604,6621.86170301,1258663.0,2020,11,4
2020-12-01,totals,657907.209499,8633.964211229999,1578615.0,2020,12,4
2020-12-02,totals,608860.544585,7977.70114354,1505423.0,2020,12,4
2020-12-03,totals,608503.478226,8047.38046007,1480082.0,2020,12,4
2020-12-04,totals,554413.074335,7372.55350208,1458127.0,2020,12,4
2020-12-07,totals,551873.951455,7432.355523560001,1413878.0,2020,12,4
2020-12-08,totals,574504.616847,7737.3733929,1505891.0,2020,12,4
2020-12-09,totals,546196.593538,7414.9232511,1414947.0,2020,12,4
2020-12-10,totals,691754.344487,9436.56965948,1782370.0,2020,12,4
2020-12-11,totals,577490.269293,7834.370734,1535531.0,2020,12,4
2020-12-14,totals,594370.179899,8128.7506055,1573967.0,2020,12,4
2020-12-15,totals,614813.317019,8430.5076435,1786627.0,2020,12,4
2020-12-16,totals,566956.407576,7719.43756205,1487928.0,2020,12,4
2020-12-17,totals,676282.992402,9211.14234933,1725887.0,2020,12,4
2020-12-18,totals,528665.652492,7244.16849016,1404290.0,2020,12,4
2020-12-21,totals,815896.380349,11128.565996899999,2174584.0,2020,12,4
2020-12-22,totals,599928.865593,8034.17696292,1658347.0,2020,12,4
2020-12-23,totals,585778.279403,7774.1185697,1632745.0,2020,12,4
2020-12-24,totals,520146.220115,6893.27074742,1406213.0,2020,12,4
2020-12-25,totals,263534.230551,3521.33949255,704429.0,2020,12,4
2020-12-28,totals,329315.079982,4468.7976049300005,937825.0,2020,12,4
2020-12-29,totals,367490.798456,4985.12291459,1026315.0,2020,12,4
2020-12-30,totals,459946.707076,6244.46529747,1191312.0,2020,12,4
2021-01-04,totals,485697.13742,6574.51824375,1299640.0,2021,1,1
2021-01-05,totals,618686.911758,8374.70117722,1777725.0,2021,1,1
2021-01-06,totals,565883.174054,7659.93654279,1632818.0,2021,1,1
2021-01-08,totals,610859.532578,8268.74780988,1818220.0,2021,1,1
2021-01-11,totals,634047.912194,8582.63153099,1911248.0,2021,1,1
2021-01-12,totals,610736.493026,8196.07804833,1669463.0,2021,1,1
2021-01-13,totals,577347.095434,7774.0118389399995,1605868.0,2021,1,1
2021-01-14,totals,587494.746943,7990.2558393,1585473.0,2021,1,1
2021-01-15,totals,614126.626758,8321.93878481,1654313.0,2021,1,1
2021-01-18,totals,516802.043027,7026.9893933,1414334.0,2021,1,1
2021-01-19,totals,462479.225148,6251.95813566,1285676.0,2021,1,1
2021-01-20,totals,500469.660231,6788.3948743,1325563.0,2021,1,1
2021-01-21,totals,588233.563227,8018.9975220100005,1556965.0,2021,1,1
2021-01-22,totals,671159.319817,9147.673550790001,1744804.0,2021,1,1
2021-01-25,totals,719602.902766,9677.08966019,1821013.0,2021,1,1
2021-01-26,totals,666122.31355,8898.60939406,1771859.0,2021,1,1
2021-01-27,totals,712886.395079,9425.30078613,1831372.0,2021,1,1
2021-01-28,totals,766893.569635,10219.797036700002,1927270.0,2021,1,1
2021-01-29,totals,716773.038735,9408.27295958,1923960.0,2021,1,1
2021-02-01,totals,691937.40976,9074.26766213,1878624.0,2021,2,1
2021-02-02,totals,692561.415089,9172.35498818,1848525.0,2021,2,1
2021-02-03,totals,660963.220749,8707.757723120001,1729199.0,2021,2,1
2021-02-04,totals,597222.902749,7849.92268345,1484667.0,2021,2,1
2021-02-05,totals,556440.939427,7347.76287945,1448336.0,2021,2,1
2021-02-08,totals,478672.473577,6372.89325725,1247598.0,2021,2,1
2021-02-09,totals,513923.689022,6920.58045928,1368483.0,2021,2,1
2021-02-10,totals,509831.085848,6878.52925892,1392406.0,2021,2,1
2021-02-11,totals,426573.555443,5776.012698850001,1129541.0,2021,2,1
2021-02-12,totals,726425.936068,9848.78821208,1670344.0,2021,2,1
2021-02-15,totals,552895.308369,7477.84365195,1394113.0,2021,2,1
2021-02-16,totals,586769.907313,8004.04188442,1509258.0,2021,2,1
2021-02-17,totals,691828.52506,9439.66768855,1720047.0,2021,2,1
2021-02-18,totals,675782.048079,9161.04713739,1693283.0,2021,2,1
2021-02-19,totals,607244.058418,8230.97177814,1587492.0,2021,2,1
2021-02-20,totals,239252.41344,3234.37765308,592523.0,2021,2,1
2021-02-22,totals,460391.087623,6222.9055425100005,1131396.0,2021,2,1
2021-02-24,totals,651328.918326,8803.728927010001,1618698.0,2021,2,1
2021-02-25,totals,719114.043985,9750.27583868,1695542.0,2021,2,1
2021-02-26,totals,939992.21204,12793.413406799998,2313439.0,2021,2,1
2021-03-01,totals,636831.058686,8555.26810733,1617762.0,2021,3,1
2021-03-02,totals,756168.825161,10212.3150466,1911000.0,2021,3,1
2021-03-03,totals,666013.220194,8930.72416804,1708718.0,2021,3,1
2021-03-04,totals,679324.549027,9240.15997327,1788059.0,2021,3,1
2021-03-05,totals,1094646.37068,14835.3405327,2753182.0,2021,3,1
2021-03-08,totals,,,,2021,3,1
2021-03-09,totals,705288.628806,9476.183249549998,1781553.0,2021,3,1
2021-03-10,totals,664495.808285,8947.751377319999,1649449.0,2021,3,1
2021-03-11,totals,662967.8122,8954.2690463,1566674.0,2021,3,1
2021-03-12,totals,667005.313574,9074.95161299,1597668.0,2021,3,1
2021-03-15,totals,660054.162471,8979.339181270001,1662168.0,2021,3,1
2021-03-16,totals,658121.712279,8986.84193155,1746994.0,2021,3,1
2021-03-17,totals,953696.227944,13071.1539577,2398802.0,2021,3,1
2021-03-18,totals,958248.873596,13108.3990101,2310743.0,2021,3,1
2021-03-19,totals,934099.062893,12681.5352926,2210760.0,2021,3,1
2021-03-22,totals,657010.565411,8861.87519944,1561498.0,2021,3,1
2021-03-23,totals,855113.500034,11461.3415366,1976937.0,2021,3,1
2021-03-24,totals,816993.492983,10841.4245637,1988508.0,2021,3,1
2021-03-25,totals,814109.864431,10690.3801458,2032160.0,2021,3,1
2021-03-26,totals,688062.840445,9032.76626104,1733150.0,2021,3,1
2021-03-29,totals,584726.725007,7718.39030021,1526176.0,2021,3,1
2021-03-30,totals,709215.671631,9352.866020790001,1593030.0,2021,3,1
2021-03-31,totals,559951.688371,7396.75925792,1427655.0,2021,3,1
2021-04-01,totals,778511.211562,10292.6890775,1887557.0,2021,4,2
2021-04-02,totals,350557.017335,4624.31741185,916991.0,2021,4,2
2021-04-05,totals,475479.015397,6250.2663926800005,1215480.0,2021,4,2
2021-04-06,totals,743926.281531,9711.17210752,1888967.0,2021,4,2
2021-04-07,totals,840096.30819,10998.8754702,2169089.0,2021,4,2
2021-04-08,totals,678998.957507,8730.52290007,1781607.0,2021,4,2
2021-04-09,totals,536723.299153,6961.29237006,1395636.0,2021,4,2
2021-04-12,totals,642041.437171,8320.29563875,1657783.0,2021,4,2
2021-04-13,totals,620276.779454,8002.49746426,1633900.0,2021,4,2
2021-04-14,totals,634092.436721,8207.94445198,1779868.0,2021,4,2
2021-04-15,totals,964644.974416,12745.9280524,2454557.0,2021,4,2
2021-04-16,totals,577168.077575,7497.55884032,1624182.0,2021,4,2
2021-04-19,totals,492076.204514,6512.9504856,1426146.0,2021,4,2
2021-04-20,totals,688081.356752,9024.12430772,1825363.0,2021,4,2
2021-04-21,totals,657504.015029,8649.60455472,1868984.0,2021,4,2
2021-04-22,totals,697739.591709,9082.80927195,1861869.0,2021,4,2
2021-04-23,totals,619782.151482,8110.02832287,1698780.0,2021,4,2
2021-04-26,totals,510407.501462,6797.33998668,1388874.0,2021,4,2
2021-04-27,totals,567018.106247,7583.70032965,1372267.0,2021,4,2
2021-04-28,totals,490882.916898,6548.79034467,1340043.0,2021,4,2
2021-04-29,totals,574827.549615,7670.60608782,1530055.0,2021,4,2
2021-04-30,totals,589167.624622,7920.80407062,1461810.0,2021,4,2
2021-05-04,totals,555783.378889,7425.78176646,1423680.0,2021,5,2
2021-05-05,totals,435033.039313,5780.65526808,1134005.0,2021,5,2
2021-05-06,totals,488776.096841,6529.05420049,1242795.0,2021,5,2
2021-05-07,totals,538817.090248,7224.976738779999,1400507.0,2021,5,2
2021-05-10,totals,429151.546771,5788.605017600001,1054317.0,2021,5,2
2021-05-11,totals,547862.571657,7389.83712189,1451098.0,2021,5,2
2021-05-12,totals,599973.538955,8090.61809594,1512607.0,2021,5,2
2021-05-13,totals,663819.585828,8965.68862545,1643989.0,2021,5,2
2021-05-14,totals,517692.21323,6962.29000828,1303755.0,2021,5,2
2021-05-17,totals,466882.152604,6309.49112129,1192933.0,2021,5,2
2021-05-18,totals,464912.266324,6295.04366503,1153419.0,2021,5,2
2021-05-19,totals,692989.017218,9402.93812169,1757401.0,2021,5,2
2021-05-20,totals,608021.510619,8252.4384634,1445052.0,2021,5,2
2021-05-21,totals,547465.715414,7438.322127560001,1286410.0,2021,5,2
2021-05-24,totals,532478.16835,7236.69471788,1173237.0,2021,5,2
2021-05-25,totals,449768.072712,6117.07970601,1096187.0,2021,5,2
2021-05-26,totals,568391.770609,7744.147465319999,1161296.0,2021,5,2
2021-05-27,totals,431698.813954,5875.55566079,1062659.0,2021,5,2
2021-05-28,totals,488463.126239,6649.55656619,1101945.0,2021,5,2
2021-05-31,totals,328664.734091,4466.34234431,764391.0,2021,5,2
2021-06-01,totals,525808.468873,7173.71864786,1184222.0,2021,6,2
2021-06-02,totals,471187.216916,6433.37165766,1065841.0,2021,6,2
2021-06-03,totals,564686.018522,7683.02248802,1337489.0,2021,6,2
2021-06-04,totals,501055.307544,6839.0757148699995,1166074.0,2021,6,2
2021-06-07,totals,373036.570661,5091.11340689,951101.0,2021,6,2
2021-06-08,totals,487988.834333,6691.24981603,1151879.0,2021,6,2
2021-06-09,totals,440023.961942,6042.16047574,1043487.0,2021,6,2
2021-06-10,totals,524458.135612,7275.76353909,1191184.0,2021,6,2
2021-06-11,totals,517466.251142,7167.38069712,1160564.0,2021,6,2
2021-06-14,totals,402902.434136,5620.87221537,973758.0,2021,6,2
2021-06-15,totals,573529.939592,8001.28822515,1326643.0,2021,6,2
2021-06-16,totals,587327.482071,8176.42718226,1406732.0,2021,6,2
2021-06-17,totals,967209.478609,13427.4412813,2170862.0,2021,6,2
2021-06-18,totals,587417.681544,8101.7764554099995,1346057.0,2021,6,2
2021-06-21,totals,536013.459858,7421.78877037,1228229.0,2021,6,2
2021-06-22,totals,409598.714399,5595.710229810001,935223.0,2021,6,2
2021-06-23,totals,536414.992615,7331.46898106,1191099.0,2021,6,2
2021-06-24,totals,451584.297011,6214.4257443999995,1075836.0,2021,6,2
2021-06-25,totals,409416.672776,5660.7122303999995,909927.0,2021,6,2
2021-06-28,totals,384169.331917,5323.16095072,833292.0,2021,6,2
2021-06-29,totals,526200.447127,7290.34656309,1187210.0,2021,6,2
2021-06-30,totals,566240.795508,7823.99889886,1375934.0,2021,6,2
2021-07-01,totals,608392.173842,8365.83787119,1295512.0,2021,7,3
2021-07-02,totals,595263.034364,8164.510556560001,1309111.0,2021,7,3
2021-07-05,totals,332748.337013,4519.96246834,773348.0,2021,7,3
2021-07-06,totals,658447.54574,8976.3004845,1456185.0,2021,7,3
2021-07-07,totals,743074.779492,10142.1502401,1609924.0,2021,7,3
2021-07-08,totals,737158.970302,9953.806075,1594469.0,2021,7,3
2021-07-09,totals,526602.268879,7003.13675446,1172707.0,2021,7,3
2021-07-12,totals,495531.035858,6654.32619408,1139169.0,2021,7,3
2021-07-13,totals,554244.152512,7426.2015032399995,1270954.0,2021,7,3
2021-07-14,totals,537408.508038,7256.50135282,1252002.0,2021,7,3
2021-07-15,totals,565596.477519,7630.45072715,1310143.0,2021,7,3
2021-07-16,totals,604821.15619,8149.06495432,1347123.0,2021,7,3
2021-07-19,totals,754317.018877,10170.7128221,1609249.0,2021,7,3
2021-07-20,totals,677064.000353,9106.89570769,1539558.0,2021,7,3
2021-07-21,totals,566557.009242,7605.71088107,1272870.0,2021,7,3
2021-07-22,totals,520660.056732,6989.2228136,1195210.0,2021,7,3
2021-07-23,totals,465317.850039,6314.14623939,1059623.0,2021,7,3
2021-07-26,totals,550386.241999,7461.2152432600005,1251399.0,2021,7,3
2021-07-27,totals,471184.002766,6358.93010292,1091711.0,2021,7,3
2021-07-28,totals,541064.574269,7326.82223498,1106358.0,2021,7,3
2021-07-29,totals,502809.126289,6830.82900807,1143357.0,2021,7,3
2021-07-30,totals,522644.317233,7140.886198640001,1203832.0,2021,7,3
2021-08-02,totals,474024.984534,6481.16983782,1065029.0,2021,8,3
2021-08-03,totals,496851.348681,6804.728697439999,1156252.0,2021,8,3
2021-08-04,totals,581053.879956,7973.57957136,1305107.0,2021,8,3
2021-08-05,totals,494154.849279,6789.174924180001,1147388.0,2021,8,3
2021-08-06,totals,545559.533572,7456.25865914,1283927.0,2021,8,3
2021-08-09,totals,542733.614201,7421.45009737,1299460.0,2021,8,3
2021-08-10,totals,508456.677265,6917.04386834,1195998.0,2021,8,3
2021-08-11,totals,536575.253534,7290.80106764,1227098.0,2021,8,3
2021-08-12,totals,495053.250455,6692.66725414,1118126.0,2021,8,3
2021-08-13,totals,397267.065416,5400.064232729999,933360.0,2021,8,3
2021-08-16,totals,542897.577364,7389.16646406,1239474.0,2021,8,3
2021-08-17,totals,517211.980414,7047.25283974,1179490.0,2021,8,3
2021-08-18,totals,537878.48356,7320.53470432,1279391.0,2021,8,3
2021-08-19,totals,755021.514611,10277.5333345,1715217.0,2021,8,3
2021-08-20,totals,576267.080773,7771.608217,1338664.0,2021,8,3
2021-08-23,totals,525950.12663,7072.6443794,1188774.0,2021,8,3
2021-08-24,totals,565574.082577,7636.0205892700005,1232090.0,2021,8,3
2021-08-25,totals,504776.59784,6826.24056365,1150195.0,2021,8,3
2021-08-26,totals,584884.105781,7931.40626313,1277087.0,2021,8,3
2021-08-27,totals,592803.861711,8011.859065060001,1380020.0,2021,8,3
2021-08-30,totals,506083.971423,6840.21121964,1111089.0,2021,8,3
2021-08-31,totals,484466.303955,6584.71294302,1162986.0,2021,8,3
2021-09-01,totals,507413.04612,6924.48420633,1205741.0,2021,9,3
2021-09-02,totals,444296.494228,6070.35400742,1099255.0,2021,9,3
2021-09-03,totals,514086.882239,7056.87348559,1244775.0,2021,9,3
2021-09-06,totals,377290.284256,5178.6819517799995,941969.0,2021,9,3
2021-09-07,totals,505647.196568,6931.06043233,1248056.0,2021,9,3
2021-09-08,totals,561562.309214,7672.57007653,1360054.0,2021,9,3
2021-09-09,totals,624264.230768,8500.08688161,1437248.0,2021,9,3
2021-09-10,totals,538962.764478,7370.0278204,1245479.0,2021,9,3
2021-09-13,totals,557117.431628,7656.9190713,1311753.0,2021,9,3
2021-09-14,totals,688000.691385,9413.821766770001,1570715.0,2021,9,3
2021-09-15,totals,719049.082747,9888.308014850001,1761915.0,2021,9,3
2021-09-16,totals,690400.946271,9476.7603672,1544965.0,2021,9,3
2021-09-17,totals,504206.728741,6961.01811112,1155506.0,2021,9,3
2021-09-20,totals,675360.212073,9307.584765110001,1476452.0,2021,9,3
2021-09-21,totals,609205.850165,8307.56019125,1431280.0,2021,9,3
2021-09-22,totals,494705.656779,6757.65547114,1171684.0,2021,9,3
2021-09-23,totals,714752.353388,9807.16889526,1659058.0,2021,9,3
2021-09-24,totals,495966.831314,6819.80393559,1205929.0,2021,9,3
2021-09-27,totals,491598.011852,6733.47220174,1181970.0,2021,9,3
2021-09-28,totals,731411.34541,10066.0371533,1574999.0,2021,9,3
2021-09-29,totals,598685.876325,8256.79096497,1470951.0,2021,9,3
2021-09-30,totals,674846.443103,9274.862880879999,1636039.0,2021,9,3
2021-10-01,totals,731203.578481,10062.7761467,1629636.0,2021,10,4
2021-10-04,totals,633402.636908,8686.088971129999,1538781.0,2021,10,4
2021-10-05,totals,608260.453566,8341.03021871,1504820.0,2021,10,4
2021-10-06,totals,834554.320352,11500.2124934,2157476.0,2021,10,4
2021-10-07,totals,774779.398702,10676.5690578,1959435.0,2021,10,4
2021-10-08,totals,558269.985597,7723.136146399999,1428008.0,2021,10,4
2021-10-11,totals,499616.50272,6940.2555241,1355796.0,2021,10,4
2021-10-12,totals,536311.227935,7486.48019865,1361231.0,2021,10,4
2021-10-13,totals,621323.240802,8643.88392339,1575846.0,2021,10,4
2021-10-14,totals,590672.202346,8220.02655729,1426815.0,2021,10,4
2021-10-15,totals,495300.166353,6899.8109114399995,1248820.0,2021,10,4
2021-10-18,totals,502687.200739,7056.53656225,1265350.0,2021,10,4
2021-10-19,totals,543382.783295,7634.8474709600005,1374871.0,2021,10,4
2021-10-20,totals,494938.75459,6974.170599319999,1249398.0,2021,10,4
2021-10-21,totals,636049.401133,8951.44501317,1476837.0,2021,10,4
2021-10-22,totals,703073.423055,9903.78168111,1673652.0,2021,10,4
2021-10-25,totals,588268.841721,8301.57702644,1436501.0,2021,10,4
2021-10-26,totals,643467.613275,9174.76581818,1417057.0,2021,10,4
2021-10-27,totals,736681.987742,10591.7246478,1723166.0,2021,10,4
2021-10-28,totals,782686.993795,11211.6102156,1936629.0,2021,10,4
2021-10-29,totals,659425.563883,9350.80854108,1669476.0,2021,10,4
2021-11-01,totals,611330.034132,8668.88874265,1503740.0,2021,11,4
2021-11-02,totals,720646.051922,10137.6221849,1766627.0,2021,11,4
2021-11-03,totals,715545.984855,10010.6743565,1666287.0,2021,11,4
2021-11-04,totals,,,,2021,11,4
2021-11-05,totals,774542.524501,10834.6415952,1828222.0,2021,11,4
2021-11-08,totals,583921.935166,8168.15692744,1419925.0,2021,11,4
2021-11-09,totals,555115.030352,7774.9925466899995,1353895.0,2021,11,4
2021-11-10,totals,683258.609955,9584.67103151,1678994.0,2021,11,4
2021-11-11,totals,797482.366837,11280.6049485,1895826.0,2021,11,4
2021-11-12,totals,1053590.05661,14798.3613864,2541263.0,2021,11,4
2021-11-15,totals,800239.774361,11143.5693627,2019480.0,2021,11,4
2021-11-16,totals,823931.894883,11400.367151,2008469.0,2021,11,4
2021-11-17,totals,729824.596393,10058.8736645,1876503.0,2021,11,4
2021-11-18,totals,797559.51834,10952.0578492,2056813.0,2021,11,4
2021-11-19,totals,1037702.51818,14292.9899946,2430752.0,2021,11,4
2021-11-22,totals,1145411.3875,15741.954730200001,2877456.0,2021,11,4
2021-11-23,totals,1105894.08962,15056.2975609,3023155.0,2021,11,4
2021-11-24,totals,1072331.91311,14329.7236784,2679995.0,2021,11,4
2021-11-25,totals,527712.90224,7095.52849087,1381770.0,2021,11,4
2021-11-26,totals,1057434.09883,14174.64382,2788627.0,2021,11,4
2021-11-29,totals,986513.713995,13051.3156839,2581184.0,2021,11,4
2021-11-30,totals,990913.182211,13215.3826957,2960411.0,2021,11,4
2021-12-01,totals,914927.887518,12216.5325749,2448985.0,2021,12,4
2021-12-02,totals,966717.611279,13068.2370879,2683637.0,2021,12,4
2021-12-03,totals,700871.460643,9463.09002444,1830965.0,2021,12,4
2021-12-06,totals,768144.259945,10416.560576200001,2153085.0,2021,12,4
2021-12-07,totals,785074.643412,10656.7264483,2164950.0,2021,12,4
2021-12-08,totals,841611.786713,11351.6714578,2427281.0,2021,12,4
2021-12-09,totals,613385.19375,8306.35387425,1793288.0,2021,12,4
2021-12-10,totals,622468.598507,8457.47676634,1735475.0,2021,12,4
2021-12-13,totals,700774.300134,9520.626745059999,2133529.0,2021,12,4
2021-12-14,totals,820323.78833,11174.4444383,2790906.0,2021,12,4
2021-12-15,totals,668475.928598,9098.649085719999,1965720.0,2021,12,4
2021-12-16,totals,853654.611644,11559.1476303,2178298.0,2021,12,4
2021-12-17,totals,625466.369419,8501.55726754,1675592.0,2021,12,4
2021-12-20,totals,645204.318828,8750.55021263,1772003.0,2021,12,4
2021-12-21,totals,607730.874127,8180.00307057,1570497.0,2021,12,4
2021-12-22,totals,514176.110604,6965.21175125,1385623.0,2021,12,4
2021-12-23,totals,544076.591294,7373.30063645,1437659.0,2021,12,4
2021-12-24,totals,400039.646797,5453.2295159099995,976392.0,2021,12,4
2021-12-27,totals,462664.462451,6321.537267430001,1109169.0,2021,12,4
2021-12-28,totals,409837.020373,5596.3510986599995,1124467.0,2021,12,4
2021-12-29,totals,435965.213202,5931.8303905699995,1187117.0,2021,12,4
2021-12-30,totals,499187.837423,6777.71009679,1172293.0,2021,12,4
