TRADEDATE,SECID,SHORTNAME,ASSETCODE,VALUE,VOLUME,NUMTRADES,OPENPOSITION,OPENPOSITIONVALUE,year,month,day
2026-03-02,AAH6,AFRICA-3.26,AFRICA,1564420.35,248.0,107,630,3896323.2,2026,3,2
2026-03-02,AAM6,AFRICA-6.26,AFRICA,132705.94,20.0,15,216,1401561.36,2026,3,2
2026-03-02,AEH6,AED-3.26,AED,62549.0,3.0,2,428,9015392.0,2026,3,2
2026-03-02,AEM6,AED-6.26,AED,86510.0,4.0,2,150,3244050.0,2026,3,2
2026-03-02,AFH6,AFLT-3.26,AFLT,197901959.0,35908.0,5269,108548,592997724.0,2026,3,2
2026-03-02,AFM6,AFLT-6.26,AFLT,75881882.0,13226.0,2825,33430,190016120.0,2026,3,2
2026-03-02,AGH6,ARGT-3.26,ARGT,112877.82,16.0,6,1404,9933608.88,2026,3,2
2026-03-02,AGM6,ARGT-6.26,ARGT,29212.29,4.0,4,90,654273.0,2026,3,2
2026-03-02,AKH6,AFKS-3.26,AFKS,111669667.0,8097.0,1822,39184,537173456.0,2026,3,2
2026-03-02,AKM6,AFKS-6.26,AFKS,5785319.0,404.0,189,1402,19972892.0,2026,3,2
2026-03-02,ALH6,ALRS-3.26,ALRS,70537500.0,17518.0,2246,131798,528246384.0,2026,3,2
2026-03-02,ALM6,ALRS-6.26,ALRS,6645081.0,1603.0,340,10998,45080802.0,2026,3,2
2026-03-02,ANH6,ALUM-3.26,ALUM,373882381.76,15011.0,4235,30282,749698438.86,2026,3,2
2026-03-02,ANM6,ALUM-6.26,ALUM,110915612.24,4393.0,1595,21822,548588495.28,2026,3,2
2026-03-02,ASH6,ASTR-3.26,ASTR,6288333.0,24081.0,318,237394,61247652.0,2026,3,2
2026-03-02,ASM6,ASTR-6.26,ASTR,1542932.0,5733.0,161,41190,11080110.0,2026,3,2
2026-03-02,AUH6,AUDU-3.26,AUDU,6540461.08,120.0,7,208,11339180.32,2026,3,2
2026-03-02,BBH6,ALIBABA-3.26,ALIBABA,54689916.81,4991.0,800,27336,300428380.56,2026,3,2
2026-03-02,BBM6,ALIBABA-6.26,ALIBABA,2836491.47,251.0,146,1560,17615442.0,2026,3,2
2026-03-02,BDH6,BAIDU-3.26,BAIDU,67710738.93,7168.0,351,5450,52103035.5,2026,3,2
2026-03-02,BDM6,BAIDU-6.26,BAIDU,1324009.47,136.0,79,1006,9907138.3,2026,3,2
2026-03-02,BMH6,BRM-3.26,BRM,870143200.22,155286.0,10725,0,0.0,2026,3,2
2026-03-02,BMJ6,BRM-4.26,BRM,1780544990.56,292760.0,35971,105430,642771918.1,2026,3,2
2026-03-02,BMK6,BRM-5.26,BRM,88588341.65,14849.0,4975,8012,47888124.6,2026,3,2
2026-03-02,BMM6,BRM-6.26,BRM,26145693.17,4405.0,1423,5834,34892628.94,2026,3,2
2026-03-02,BMN6,BRM-7.26,BRM,13100732.39,2203.0,579,2418,14553264.96,2026,3,2
2026-03-02,BMQ6,BRM-8.26,BRM,11312767.83,1895.0,483,4220,25294806.6,2026,3,2
2026-03-02,BMU6,BRM-9.26,BRM,7786604.31,1320.0,367,726,4316926.68,2026,3,2
2026-03-02,BMV6,BRM-10.26,BRM,4468434.28,747.0,313,664,3930328.88,2026,3,2
2026-03-02,BNH6,BANE-3.26,BANE,27434065.0,17088.0,1215,12776,21003744.0,2026,3,2
2026-03-02,BNM6,BANE-6.26,BANE,6564270.0,3941.0,438,3000,5118000.0,2026,3,2
2026-03-02,BRH6,BR-3.26,BR,17914331556.4,319839.0,34672,0,0.0,2026,3,2
2026-03-02,BRJ6,BR-4.26,BR,67031584793.1,1102253.0,169372,378086,23059518072.04,2026,3,2
2026-03-02,BRK6,BR-5.26,BR,3702668521.29,62358.0,25430,31218,1866647531.1,2026,3,2
2026-03-02,BRM6,BR-6.26,BR,708146429.43,12017.0,6180,10990,654675948.5,2026,3,2
2026-03-02,BRN6,BR-7.26,BR,231070077.57,3965.0,2458,3020,178736525.6,2026,3,2
2026-03-02,BRQ6,BR-8.26,BR,148930214.91,2565.0,1699,3458,204125497.94,2026,3,2
2026-03-02,BRU6,BR-9.26,BR,74634634.38,1267.0,1012,1642,97142575.46,2026,3,2
2026-03-02,BRV6,BR-10.26,BR,81074052.79,1347.0,759,1944,116104408.56,2026,3,2
2026-03-02,BSH6,BSPB-3.26,BSPB,15393828.0,4518.0,402,20330,68979690.0,2026,3,2
2026-03-02,BSM6,BSPB-6.26,BSPB,1476472.0,455.0,63,9114,29675184.0,2026,3,2
2026-03-02,BTH6,BTC-3.26,BTC,2223500532.64,429691.0,35214,434702,2355863141.98,2026,3,2
2026-03-02,BTJ6,BTC-4.26,BTC,213432965.27,40524.0,8732,62586,344632312.44,2026,3,2
2026-03-02,BTK6,BTC-5.26,BTC,28094505.75,5244.0,1636,9662,54019952.14,2026,3,2
2026-03-02,BYH6,BYN-3.26,BYN,185540.0,7.0,6,12,319080.0,2026,3,2
2026-03-02,BZH6,BRAZIL-3.26,BRAZIL,806050.59,271.0,60,4044,11637742.32,2026,3,2
2026-03-02,BZM6,BRAZIL-6.26,BRAZIL,1323141.58,433.0,59,1454,4249373.16,2026,3,2
2026-03-02,CAH6,UCAD-3.26,UCAD,545474.44,7.0,5,42,3250784.04,2026,3,2
2026-03-02,CCH6,COCOA-3.26,COCOA,5948563254.0,2577593.0,95018,2175212,5163953288.0,2026,3,2
2026-03-02,CCJ6,COCOA-4.26,COCOA,115253511.0,46519.0,5307,83774,211110480.0,2026,3,2
2026-03-02,CEH6,COPPER-3.26,COPPER,886829340.14,85609.0,12616,334954,3406951115.6,2026,3,2
2026-03-02,CEM6,COPPER-6.26,COPPER,203434317.21,19206.0,4920,102242,1064088727.1,2026,3,2
2026-03-02,CFH6,UCHF-3.26,UCHF,3242540.91,42.0,20,722,56267698.2,2026,3,2
2026-03-02,CFM6,UCHF-6.26,UCHF,1003153.78,13.0,10,70,5407033.8,2026,3,2
2026-03-02,CHH6,CHMF-3.26,CHMF,82682192.0,860.0,561,3014,288919026.0,2026,3,2
2026-03-02,CHM6,CHMF-6.26,CHMF,7788060.0,78.0,65,384,38264064.0,2026,3,2
2026-03-02,CIH6,CHINA-3.26,CHINA,554132.13,121.0,62,1238,5765848.82,2026,3,2
2026-03-02,CIM6,CHINA-6.26,CHINA,709732.41,147.0,56,650,3075962.5,2026,3,2
2026-03-02,CMH6,CBOM-3.26,CBOM,12195806.0,2035.0,325,11068,65511492.0,2026,3,2
2026-03-02,CMM6,CBOM-6.26,CBOM,1309149.0,211.0,75,1028,6334536.0,2026,3,2
2026-03-02,CNYRUBF,CNYRUBF,CNYRUBTOM,22765329425.0,2032494.0,39431,13967502,156589664922.0,2026,3,2
2026-03-02,CRH6,CNY-3.26,CNY,69293023881.0,6167420.0,184347,35873470,403863525260.0,2026,3,2
2026-03-02,CRH7,CNY-3.27,CNY,2079345.0,168.0,60,5752,71330552.0,2026,3,2
2026-03-02,CRM6,CNY-6.26,CNY,14592576898.0,1270542.0,47240,4844360,55705295640.0,2026,3,2
2026-03-02,CRM7,CNY-6.27,CNY,1061537.0,83.0,36,928,11964704.0,2026,3,2
2026-03-02,CRU6,CNY-9.26,CNY,55245515.0,4710.0,903,100694,1183758664.0,2026,3,2
2026-03-02,CRZ6,CNY-12.26,CNY,6320584.0,526.0,228,39044,470597332.0,2026,3,2
2026-03-02,CSH6,CNI-3.26,CNI,72710.0,10.0,2,382,2779814.0,2026,3,2
2026-03-02,CSM6,CNI-6.26,CNI,114570.0,15.0,4,252,1868832.0,2026,3,2
2026-03-02,DJH6,DJ30-3.26,DJ30,6628531.45,177.0,32,1556,58695992.16,2026,3,2
2026-03-02,DJM6,DJ30-6.26,DJ30,1538258.8,41.0,30,204,7729996.56,2026,3,2
2026-03-02,DXH6,DAX-3.26,DAX,28581501.31,1552.0,294,9226,169559764.22,2026,3,2
2026-03-02,DXM6,DAX-6.26,DAX,3147304.11,170.0,114,892,16429203.88,2026,3,2
2026-03-02,EAH6,ENPG-3.26,ENPG,9993144.0,2011.0,263,5978,29441650.0,2026,3,2
2026-03-02,EAM6,ENPG-6.26,ENPG,1485466.0,287.0,91,2416,12396496.0,2026,3,2
2026-03-02,EDH6,ED-3.26,ED,4796574835.5,52908.0,8635,327740,29630527673.6,2026,3,2
2026-03-02,EDM6,ED-6.26,ED,769787196.52,8468.0,2947,60732,5506164142.92,2026,3,2
2026-03-02,EDU6,ED-9.26,ED,1269703.08,14.0,12,66,5981741.04,2026,3,2
2026-03-02,EDZ6,ED-12.26,ED,364767.8,4.0,3,32,2921723.2,2026,3,2
2026-03-02,EHH6,ETH-3.26,ETH,455253959.69,296966.0,15442,223320,359596563.6,2026,3,2
2026-03-02,EHJ6,ETH-4.26,ETH,48761873.49,31192.0,5072,34324,56050748.76,2026,3,2
2026-03-02,EHK6,ETH-5.26,ETH,10199224.43,6348.0,1701,11324,18867822.32,2026,3,2
2026-03-02,EMH6,EM-3.26,EM,1532427.84,323.0,82,2380,11251735.6,2026,3,2
2026-03-02,EMM6,EM-6.26,EM,663769.75,135.0,75,382,1855183.0,2026,3,2
2026-03-02,ETH6,ETHA-3.26,ETHA,250828354.97,215652.0,5717,594552,725418840.72,2026,3,2
2026-03-02,ETM6,ETHA-6.26,ETHA,15956608.9,13212.0,2149,181052,228027751.92,2026,3,2
2026-03-02,EuH6,Eu-3.26,Eu,7848148746.0,86682.0,26873,1190248,108051903688.0,2026,3,2
2026-03-02,EuM6,Eu-6.26,Eu,2940546970.0,31792.0,9032,543558,50486754156.0,2026,3,2
2026-03-02,EURRUBF,EURRUBF,EURRUBTOM,1374955710.0,15161.0,3087,97200,8818956000.0,2026,3,2
2026-03-02,EuU6,Eu-9.26,Eu,1419867.0,15.0,15,410,39077510.0,2026,3,2
2026-03-02,EuZ6,Eu-12.26,Eu,294795.0,3.0,3,148,14621364.0,2026,3,2
2026-03-02,FEH6,FESH-3.26,FESH,32407801.0,5878.0,340,7666,41956018.0,2026,3,2
2026-03-02,FEM6,FESH-6.26,FESH,690461.0,122.0,19,816,4554096.0,2026,3,2
2026-03-02,FFH6,TTF-3.26,TTF,1444208532.06,369316.0,27029,86984,352183428.72,2026,3,2
2026-03-02,FFJ6,TTF-4.26,TTF,157680222.94,42179.0,8246,21130,83011529.3,2026,3,2
2026-03-02,FLH6,FLOT-3.26,FLOT,39401137.0,4984.0,1040,13256,104205416.0,2026,3,2
2026-03-02,FLM6,FLOT-6.26,FLOT,2002284.0,245.0,80,634,5165832.0,2026,3,2
2026-03-02,FNH6,FNI-3.26,FNI,324148.0,32.0,16,460,4619780.0,2026,3,2
2026-03-02,FNM6,FNI-6.26,FNI,219772.0,22.0,15,114,1140000.0,2026,3,2
2026-03-02,FSH6,FEES-3.26,FEES,20942685.0,2847.0,511,30252,220053048.0,2026,3,2
2026-03-02,FSM6,FEES-6.26,FEES,2504654.0,326.0,85,2910,22040340.0,2026,3,2
2026-03-02,GAZPF,GAZPF,GAZPF,971407538.0,74954.0,11510,311010,4029445560.0,2026,3,2
2026-03-02,GDH6,GOLD-3.26,GOLD,132199570184.86,319107.0,117792,393356,162553627490.72,2026,3,2
2026-03-02,GDM6,GOLD-6.26,GOLD,9839585884.49,23427.0,15362,59702,24978592614.74,2026,3,2
2026-03-02,GDU6,GOLD-9.26,GOLD,823877103.17,1959.0,1573,11606,4873902212.62,2026,3,2
2026-03-02,GDZ6,GOLD-12.26,GOLD,285758908.65,675.0,601,5386,2267652499.2,2026,3,2
2026-03-02,GKH6,GMKN-3.26,GMKN,452496993.0,274549.0,9521,1395740,2276451940.0,2026,3,2
2026-03-02,GKM6,GMKN-6.26,GMKN,35334296.0,20854.0,1520,200218,335965804.0,2026,3,2
2026-03-02,GLDRUBF,GLDRUBF,GLDRUBTOM,16592387694.0,1239841.0,96698,958024,12791440645.6,2026,3,2
2026-03-02,GLH6,GL-3.26,GL,6089162299.7,452789.0,47895,1249974,16781900929.2,2026,3,2
2026-03-02,GLM6,GL-6.26,GL,547897567.2,39532.0,11516,504936,7004371204.8,2026,3,2
2026-03-02,GLU6,GL-9.26,GL,29039790.6,2047.0,1031,10784,153106918.4,2026,3,2
2026-03-02,GLZ6,GL-12.26,GL,19583135.7,1346.0,765,7376,107160740.8,2026,3,2
2026-03-02,GNH6,GOLDM-3.26,GOLDM,1340317174.42,32373.0,12165,8438,348742540.0,2026,3,2
2026-03-02,GNM6,GOLDM-6.26,GOLDM,75457411.14,1796.0,1090,988,41359379.36,2026,3,2
2026-03-02,GNU6,GOLDM-9.26,GOLDM,4608974.54,109.0,105,118,4954618.22,2026,3,2
2026-03-02,GNZ6,GOLDM-12.26,GOLDM,1864205.6,44.0,42,48,2029069.44,2026,3,2
2026-03-02,GUH6,GBPU-3.26,GBPU,1851976.4,18.0,10,4834,497209336.14,2026,3,2
2026-03-02,GZH6,GAZR-3.26,GAZR,8314672464.0,635382.0,97848,1424558,18609001154.0,2026,3,2
2026-03-02,GZM6,GAZR-6.26,GAZR,359313027.0,26514.0,8146,71976,976570368.0,2026,3,2
2026-03-02,GZU6,GAZR-9.26,GAZR,7954414.0,569.0,267,6520,91084400.0,2026,3,2
2026-03-02,GZZ6,GAZR-12.26,GAZR,9710763.0,668.0,282,1816,26192168.0,2026,3,2
2026-03-02,HDH6,HEAD-3.26,HEAD,32579202.0,10755.0,620,33120,98730720.0,2026,3,2
2026-03-02,HDM6,HEAD-6.26,HEAD,1720926.0,581.0,115,5336,15730528.0,2026,3,2
2026-03-02,HKH6,HKD-3.26,HKD,19713.0,2.0,2,250,2469750.0,2026,3,2
2026-03-02,HOH6,HOME-3.26,HOME,553440.0,16.0,6,1338,46281420.0,2026,3,2
2026-03-02,HOM6,HOME-6.26,HOME,72130.0,2.0,2,86,3090840.0,2026,3,2
2026-03-02,HSH6,HANG-3.26,HANG,27504747.86,10552.0,454,93530,244243306.7,2026,3,2
2026-03-02,HSM6,HANG-6.26,HANG,1101750.62,413.0,79,2146,5655139.2,2026,3,2
2026-03-02,HYH6,HYDR-3.26,HYDR,32273422.0,7170.0,843,25746,116783856.0,2026,3,2
2026-03-02,HYM6,HYDR-6.26,HYDR,1706585.0,368.0,111,6838,32029192.0,2026,3,2
2026-03-02,IBH6,IBIT-3.26,IBIT,1000817824.3,340071.0,15104,1553432,4782131671.76,2026,3,2
2026-03-02,IBM6,IBIT-6.26,IBIT,111523289.23,36501.0,3550,268910,856459526.3,2026,3,2
2026-03-02,IMOEXF,IMOEXF,IMOEX,22680742495.0,801235.0,52961,1184230,33578841650.0,2026,3,2
2026-03-02,IPH6,IPO-3.26,IPO,33895.0,57.0,13,934,551994.0,2026,3,2
2026-03-02,IPM6,IPO-6.26,IPO,10670.0,18.0,9,268,158388.0,2026,3,2
2026-03-02,IRH6,IRAO-3.26,IRAO,75773072.0,2318.0,1026,6926,228800410.0,2026,3,2
2026-03-02,IRM6,IRAO-6.26,IRAO,19630623.0,632.0,352,2270,70991980.0,2026,3,2
2026-03-02,ISH6,ISKJ-3.26,ISKJ,1843581.0,2736.0,54,7644,5106192.0,2026,3,2
2026-03-02,ISM6,ISKJ-6.26,ISKJ,30626.0,44.0,5,540,374760.0,2026,3,2
2026-03-02,IVH6,IVAT-3.26,IVAT,5400048.0,346.0,135,1670,25529290.0,2026,3,2
2026-03-02,IVM6,IVAT-6.26,IVAT,1142197.0,71.0,41,172,2705904.0,2026,3,2
2026-03-02,JPH6,UJPY-3.26,UJPY,18890945.87,244.0,46,1470,114221940.0,2026,3,2
2026-03-02,JPM6,UJPY-6.26,UJPY,1306436.66,17.0,8,84,6466037.76,2026,3,2
2026-03-02,KCJ6,COFFEE-4.26,COFFEE,179083609.34,80828.0,5006,242730,547356150.0,2026,3,2
2026-03-02,KCM6,COFFEE-6.26,COFFEE,2935012.16,1307.0,340,5396,12276223.76,2026,3,2
2026-03-02,KMH6,KMAZ-3.26,KMAZ,10883453.0,12698.0,195,20022,16958634.0,2026,3,2
2026-03-02,KMM6,KMAZ-6.26,KMAZ,256453.0,289.0,22,4678,4130674.0,2026,3,2
2026-03-02,KZH6,KZT-3.26,KZT,15723.0,1.0,1,114,1792422.0,2026,3,2
2026-03-02,LEH6,LEAS-3.26,LEAS,1539997.0,2304.0,59,72392,48357856.0,2026,3,2
2026-03-02,LEM6,LEAS-6.26,LEAS,34811.0,51.0,16,92,62744.0,2026,3,2
2026-03-02,LKH6,LKOH-3.26,LKOH,3895646952.0,70822.0,21960,301222,16750955420.0,2026,3,2
2026-03-02,LKM6,LKOH-6.26,LKOH,149045716.0,2761.0,1551,10422,573210000.0,2026,3,2
2026-03-02,LKU6,LKOH-9.26,LKOH,9376093.0,169.0,146,522,29240874.0,2026,3,2
2026-03-02,LKZ6,LKOH-12.26,LKOH,3243802.0,58.0,54,162,9083340.0,2026,3,2
2026-03-02,MAH6,MMI-3.26,MMI,1805037.0,257.0,22,256,1786112.0,2026,3,2
2026-03-02,MAM6,MMI-6.26,MMI,319397.0,43.0,26,142,1057900.0,2026,3,2
2026-03-02,MCH6,MTLR-3.26,MTLR,38941051.0,5320.0,1128,26866,195584480.0,2026,3,2
2026-03-02,MCM6,MTLR-6.26,MTLR,5781662.0,789.0,184,1470,10897110.0,2026,3,2
2026-03-02,MDH6,MDMG-3.26,MDMG,11799057.0,802.0,284,2720,39970400.0,2026,3,2
2026-03-02,MDM6,MDMG-6.26,MDMG,1602048.0,106.0,46,458,6950608.0,2026,3,2
2026-03-02,MEH6,MOEX-3.26,MOEX,123660393.0,6750.0,1762,15006,273514362.0,2026,3,2
2026-03-02,MEM6,MOEX-6.26,MOEX,9329116.0,500.0,197,3184,59165088.0,2026,3,2
2026-03-02,MGH6,MAGN-3.26,MAGN,274699928.0,8747.0,2984,28602,900476766.0,2026,3,2
2026-03-02,MGM6,MAGN-6.26,MAGN,67065247.0,2055.0,1080,9308,304511220.0,2026,3,2
2026-03-02,MMH6,MXI-3.26,MXI,10002479416.5,350396.0,74993,363996,10391903802.0,2026,3,2
2026-03-02,MMH7,MXI-3.27,MXI,154280.5,5.0,4,790,24349380.0,2026,3,2
2026-03-02,MMM6,MXI-6.26,MXI,472708051.5,16098.0,7299,30962,910174433.0,2026,3,2
2026-03-02,MMM7,MXI-6.27,MXI,2631020.0,84.0,41,1136,36008928.0,2026,3,2
2026-03-02,MMU6,MXI-9.26,MXI,12634866.0,425.0,336,9046,268724999.0,2026,3,2
2026-03-02,MMU7,MXI-9.27,MXI,64230.0,2.0,2,278,8949237.0,2026,3,2
2026-03-02,MMZ6,MXI-12.26,MXI,1557122.5,51.0,41,1284,39307734.0,2026,3,2
2026-03-02,MMZ7,MXI-12.27,MXI,634080.5,19.0,12,490,16226350.0,2026,3,2
2026-03-02,MNH6,MGNT-3.26,MGNT,169114028.0,50785.0,3408,203828,668555840.0,2026,3,2
2026-03-02,MNM6,MGNT-6.26,MGNT,33039640.0,9487.0,944,27860,95114040.0,2026,3,2
2026-03-02,MTH6,MTSI-3.26,MTSI,91332582.0,3927.0,1395,16782,392614890.0,2026,3,2
2026-03-02,MTM6,MTSI-6.26,MTSI,8423228.0,347.0,167,1908,46398744.0,2026,3,2
2026-03-02,MVH6,MVID-3.26,MVID,2570552.0,3463.0,160,292314,216020046.0,2026,3,2
2026-03-02,MVM6,MVID-6.26,MVID,1978223.0,2937.0,154,96316,65494880.0,2026,3,2
2026-03-02,MXH6,MIX-3.26,MIX,49805585950.0,174522.0,62979,427930,122195411500.0,2026,3,2
2026-03-02,MXH7,MIX-3.27,MIX,1243625.0,4.0,4,46,14312900.0,2026,3,2
2026-03-02,MXM6,MIX-6.26,MIX,1647301800.0,5610.0,3598,15120,4443012000.0,2026,3,2
2026-03-02,MXM7,MIX-6.27,MIX,966725.0,3.0,3,114,36753600.0,2026,3,2
2026-03-02,MXU6,MIX-9.26,MIX,35033850.0,118.0,113,1914,568745100.0,2026,3,2
2026-03-02,MXZ6,MIX-12.26,MIX,2747300.0,9.0,9,434,132370000.0,2026,3,2
2026-03-02,MYH6,MOEXCNY-3.26,MOEXCNY,17340928.37,1312.0,38,3018,39611099.1,2026,3,2
2026-03-02,MYM6,MOEXCNY-6.26,MOEXCNY,241943.28,18.0,11,674,9057798.38,2026,3,2
2026-03-02,N2H6,NIKK-3.26,NIKK,33795200.06,11642.0,444,82926,241083296.46,2026,3,2
2026-03-02,N2M6,NIKK-6.26,NIKK,1212483.54,419.0,127,4984,14307319.6,2026,3,2
2026-03-02,NAH6,NASD-3.26,NASD,3903570234.16,205939.0,23508,786620,15013767566.6,2026,3,2
2026-03-02,NAM6,NASD-6.26,NASD,250880865.5,13227.0,4561,57812,1103022897.76,2026,3,2
2026-03-02,NAU6,NASD-9.26,NASD,20481074.25,1078.0,498,6738,128651127.06,2026,3,2
2026-03-02,NAZ6,NASD-12.26,NASD,5666810.84,296.0,126,2194,42271819.94,2026,3,2
2026-03-02,NBH6,BELUGA-3.26,BELUGA,7141889.0,16175.0,276,169946,74436348.0,2026,3,2
2026-03-02,NBM6,BELUGA-6.26,BELUGA,2358285.0,5286.0,223,20222,8978568.0,2026,3,2
2026-03-02,NCH6,NICKEL-3.26,NICKEL,30061013.51,2204.0,710,14460,192719698.8,2026,3,2
2026-03-02,NCM6,NICKEL-6.26,NICKEL,6594440.2,473.0,222,2926,40419676.22,2026,3,2
2026-03-02,NDH6,INDIA-3.26,INDIA,3338106.84,4650.0,85,13326,9521693.52,2026,3,2
2026-03-02,NGH6,NG-3.26,NG,49220432183.21,2119613.0,265293,986868,22893679661.76,2026,3,2
2026-03-02,NGJ6,NG-4.26,NG,3636410553.84,154304.0,48114,91840,2163845913.6,2026,3,2
2026-03-02,NGK6,NG-5.26,NG,268585772.81,10654.0,5089,10564,266182375.68,2026,3,2
2026-03-02,NGM6,NG-6.26,NG,58303963.29,2092.0,1269,3138,86987525.22,2026,3,2
2026-03-02,NGN6,NG-7.26,NG,15076016.41,523.0,366,674,19385945.22,2026,3,2
2026-03-02,NGQ6,NG-8.26,NG,10187946.13,346.0,240,626,18358007.14,2026,3,2
2026-03-02,NGU6,NG-9.26,NG,5507610.93,183.0,140,196,5933923.52,2026,3,2
2026-03-02,NMH6,NLMK-3.26,NLMK,83785682.0,7520.0,1640,55092,614881812.0,2026,3,2
2026-03-02,NMM6,NLMK-6.26,NLMK,5062176.0,437.0,173,3800,44064800.0,2026,3,2
2026-03-02,NRH6,NGM-3.26,NGM,2195087964.8,9438721.0,108669,5686868,1319182769.96,2026,3,2
2026-03-02,NRJ6,NGM-4.26,NGM,201432733.92,854734.0,19694,494932,116566384.64,2026,3,2
2026-03-02,NRK6,NGM-5.26,NGM,22781151.71,90278.0,4165,59474,15049300.96,2026,3,2
2026-03-02,NRM6,NGM-6.26,NGM,6662160.8,23832.0,2315,25286,6997394.78,2026,3,2
2026-03-02,NRN6,NGM-7.26,NGM,3791384.97,13095.0,1551,13168,3789355.36,2026,3,2
2026-03-02,NRQ6,NGM-8.26,NGM,1452372.7,4974.0,821,13264,3845631.52,2026,3,2
2026-03-02,NRU6,NGM-9.26,NGM,2366162.83,7991.0,836,23480,7082976.8,2026,3,2
2026-03-02,NVH6,NOTKM-3.26,NOTKM,993134440.0,79075.0,11386,113032,1430306928.0,2026,3,2
2026-03-02,NVM6,NOTKM-6.26,NOTKM,149553694.0,11787.0,2741,21556,273308524.0,2026,3,2
2026-03-02,OGH6,OGI-3.26,OGI,13674104.0,1867.0,290,1482,10940124.0,2026,3,2
2026-03-02,OGM6,OGI-6.26,OGI,1720361.0,219.0,110,352,2768832.0,2026,3,2
2026-03-02,OJH6,ORANGE-3.26,ORANGE,77763391.49,5747.0,1058,0,0.0,2026,3,2
2026-03-02,OJK6,ORANGE-5.26,ORANGE,46924221.96,3285.0,1376,3472,49543217.92,2026,3,2
2026-03-02,OJN6,ORANGE-7.26,ORANGE,601080.5,42.0,37,96,1373563.2,2026,3,2
2026-03-02,ONH6,OZON-3.26,OZON,62261981.0,13223.0,1631,22608,105511536.0,2026,3,2
2026-03-02,ONM6,OZON-6.26,OZON,14665329.0,2998.0,703,8698,42246186.0,2026,3,2
2026-03-02,PDH6,PLD-3.26,PLD,6066321149.76,43584.0,20815,50232,6888132822.48,2026,3,2
2026-03-02,PDM6,PLD-6.26,PLD,541142273.98,3754.0,2747,11962,1695602136.1,2026,3,2
2026-03-02,PDU6,PLD-9.26,PLD,32757255.98,218.0,205,518,76633251.52,2026,3,2
2026-03-02,PDZ6,PLD-12.26,PLD,24653334.0,158.0,148,336,51301461.12,2026,3,2
2026-03-02,PHH6,PHOR-3.26,PHOR,46869966.0,6691.0,1211,17568,123257088.0,2026,3,2
2026-03-02,PHM6,PHOR-6.26,PHOR,4053723.0,561.0,210,2254,16348262.0,2026,3,2
2026-03-02,PIH6,PIKK-3.26,PIKK,139976727.0,29745.0,2777,56856,270463992.0,2026,3,2
2026-03-02,PIM6,PIKK-6.26,PIKK,2099154.0,429.0,102,12214,60129522.0,2026,3,2
2026-03-02,PSH6,POSI-3.26,POSI,43929428.0,35844.0,1379,109914,131347230.0,2026,3,2
2026-03-02,PSM6,POSI-6.26,POSI,2286508.0,1804.0,108,5222,6496168.0,2026,3,2
2026-03-02,PTH6,PLT-3.26,PLT,11161804597.56,60618.0,28869,44816,8020154838.4,2026,3,2
2026-03-02,PTM6,PLT-6.26,PLT,548045480.84,2873.0,2255,9046,1671416303.3,2026,3,2
2026-03-02,PTU6,PLT-9.26,PLT,57341611.12,292.0,262,480,91285636.8,2026,3,2
2026-03-02,PTZ6,PLT-12.26,PLT,23756503.81,118.0,117,370,72387647.3,2026,3,2
2026-03-02,PXH6,PLZLM-3.26,PLZLM,633827304.0,24487.0,7086,45262,1150107420.0,2026,3,2
2026-03-02,PXM6,PLZLM-6.26,PLZLM,35548715.0,1338.0,887,4502,117893874.0,2026,3,2
2026-03-02,R2H6,R2000-3.26,R2000,3614809.62,181.0,58,2088,42250408.56,2026,3,2
2026-03-02,R2M6,R2000-6.26,R2000,2231507.43,108.0,45,692,14301591.68,2026,3,2
2026-03-02,RAH6,RASP-3.26,RASP,22086230.0,12982.0,610,9752,16276088.0,2026,3,2
2026-03-02,RAM6,RASP-6.26,RASP,1347757.0,764.0,68,1066,1848444.0,2026,3,2
2026-03-02,RBH6,RGBI-3.26,RGBI,1802009746.0,152859.0,6625,0,0.0,2026,3,2
2026-03-02,RBH7,RGBI-3.27,RGBI,453606.0,36.0,12,386,4863600.0,2026,3,2
2026-03-02,RBM6,RGBI-6.26,RGBI,1312610363.0,109504.0,8696,1103560,13239409320.0,2026,3,2
2026-03-02,RBU6,RGBI-9.26,RGBI,39501523.0,3237.0,620,69600,849398400.0,2026,3,2
2026-03-02,RBZ6,RGBI-12.26,RGBI,13634582.0,1099.0,186,37546,465270032.0,2026,3,2
2026-03-02,RDH6,RENI-3.26,RENI,23381067.0,2464.0,359,14408,137452320.0,2026,3,2
2026-03-02,RDM6,RENI-6.26,RENI,2836752.0,286.0,79,2832,28133088.0,2026,3,2
2026-03-02,RGBIF,RGBIF,RGBIF,70245310.0,5969.0,1393,126374,1487927476.0,2026,3,2
2026-03-02,RIH6,RTS-3.26,RTS,15036329372.53,83381.0,39945,51814,9293703603.1,2026,3,2
2026-03-02,RIH7,RTS-3.27,RTS,554090.29,3.0,3,40,7356795.6,2026,3,2
2026-03-02,RIM6,RTS-6.26,RTS,253595949.1,1399.0,1073,2764,497817157.64,2026,3,2
2026-03-02,RIM7,RTS-6.27,RTS,185216.4,1.0,1,14,2601889.08,2026,3,2
2026-03-02,RIU6,RTS-9.26,RTS,10090342.53,56.0,46,306,55141236.72,2026,3,2
2026-03-02,RIZ6,RTS-12.26,RTS,1812373.39,10.0,10,60,10881463.8,2026,3,2
2026-03-02,RLH6,RUAL-3.26,RUAL,161887832.0,39391.0,4372,101694,422538570.0,2026,3,2
2026-03-02,RLM6,RUAL-6.26,RUAL,20653024.0,4830.0,977,14336,61745152.0,2026,3,2
2026-03-02,RMH6,RTSM-3.26,RTSM,307168576.35,17039.0,5326,17810,319424131.0,2026,3,2
2026-03-02,RMM6,RTSM-6.26,RTSM,7195184.62,397.0,276,1394,25130627.74,2026,3,2
2026-03-02,RNH6,ROSN-3.26,ROSN,3244899401.0,76154.0,21536,58422,2517287136.0,2026,3,2
2026-03-02,RNM6,ROSN-6.26,ROSN,205785629.0,4677.0,2683,4824,215058744.0,2026,3,2
2026-03-02,RNU6,ROSN-9.26,ROSN,7611313.0,169.0,142,372,17007468.0,2026,3,2
2026-03-02,RQH6,RTKMP-3.26,RTKMP,1611360.0,260.0,43,1660,10311920.0,2026,3,2
2026-03-02,RQM6,RTKMP-6.26,RTKMP,1320366.0,205.0,30,634,4076620.0,2026,3,2
2026-03-02,RTH6,RTKM-3.26,RTKM,18086538.0,2810.0,748,31158,199161936.0,2026,3,2
2026-03-02,RTM6,RTKM-6.26,RTKM,3007437.0,448.0,135,2956,19610104.0,2026,3,2
2026-03-02,RUH6,RNFT-3.26,RNFT,126416826.0,98354.0,3011,56418,73907580.0,2026,3,2
2026-03-02,RUM6,RNFT-6.26,RNFT,12746535.0,9556.0,1151,9152,12318592.0,2026,3,2
2026-03-02,S0H6,SOFL-3.26,SOFL,17847220.0,22402.0,506,108254,86711454.0,2026,3,2
2026-03-02,S0M6,SOFL-6.26,SOFL,1599095.0,1919.0,78,13558,11348046.0,2026,3,2
2026-03-02,S1H6,SILVM-3.26,SILVM,10532970194.62,1434018.0,181543,354100,2491125369.0,2026,3,2
2026-03-02,S1M6,SILVM-6.26,SILVM,702449339.8,93260.0,28743,30024,216458028.0,2026,3,2
2026-03-02,S1U6,SILVM-9.26,SILVM,138516367.86,18034.0,9433,8594,63450705.16,2026,3,2
2026-03-02,S1Z6,SILVM-12.26,SILVM,50983218.88,6501.0,2571,7408,55963439.68,2026,3,2
2026-03-02,SAK6,SUGR-5.26,SUGR,9600275.44,376.0,225,1700,43577256.0,2026,3,2
2026-03-02,SAN6,SUGR-7.26,SUGR,1024046.72,39.0,34,24,631057.92,2026,3,2
2026-03-02,SBERF,SBERF,SBERF,475483922.0,15123.0,3016,161394,5060024688.0,2026,3,2
2026-03-02,SCH6,SVCB-3.26,SVCB,180387387.0,130007.0,3656,622480,861512320.0,2026,3,2
2026-03-02,SCM6,SVCB-6.26,SVCB,17826713.0,12349.0,689,108292,155940480.0,2026,3,2
2026-03-02,SDH6,SAUDI-3.26,SAUDI,3266352.3,1145.0,70,1624,4564479.36,2026,3,2
2026-03-02,SDM6,SAUDI-6.26,SAUDI,4968717.08,1649.0,130,2392,6911349.12,2026,3,2
2026-03-02,SEH6,SPBE-3.26,SPBE,58034651.0,22981.0,1444,102280,256620520.0,2026,3,2
2026-03-02,SEM6,SPBE-6.26,SPBE,3277021.0,1239.0,72,14602,38082016.0,2026,3,2
2026-03-02,SFH6,SPYF-3.26,SPYF,5252829936.05,100493.0,22454,341510,17962490262.6,2026,3,2
2026-03-02,SFM6,SPYF-6.26,SPYF,431618306.79,8256.0,3665,25776,1355587678.08,2026,3,2
2026-03-02,SFU6,SPYF-9.26,SPYF,36386068.93,697.0,468,3834,201495141.54,2026,3,2
2026-03-02,SFZ6,SPYF-12.26,SPYF,11456614.44,219.0,180,1330,70102158.7,2026,3,2
2026-03-02,SGH6,SNGP-3.26,SNGP,632921713.0,13498.0,5554,14716,691416544.0,2026,3,2
2026-03-02,SGM6,SNGP-6.26,SNGP,136833031.0,2819.0,1706,5314,257622720.0,2026,3,2
2026-03-02,SHH6,SFIN-3.26,SFIN,24382969.8,27881.0,972,171688,147995056.0,2026,3,2
2026-03-02,SHM6,SFIN-6.26,SFIN,657979.0,887.0,85,45118,33297084.0,2026,3,2
2026-03-02,SiH6,Si-3.26,Si,80614278732.0,1045372.0,225634,8655486,670402012644.0,2026,3,2
2026-03-02,SiH7,Si-3.27,Si,3690565.0,43.0,25,1146,98547978.0,2026,3,2
2026-03-02,SiM6,Si-6.26,Si,28513225197.0,363408.0,75666,2972232,234574493904.0,2026,3,2
2026-03-02,SiM7,Si-6.27,Si,5837682.0,66.0,38,1076,94903200.0,2026,3,2
2026-03-02,SiU6,Si-9.26,Si,452449123.0,5624.0,1400,53106,4296328506.0,2026,3,2
2026-03-02,SiZ6,Si-12.26,Si,18090850.0,218.0,162,8898,742983000.0,2026,3,2
2026-03-02,SNH6,SNGR-3.26,SNGR,241919737.0,10531.0,3220,21418,491714444.0,2026,3,2
2026-03-02,SNM6,SNGR-6.26,SNGR,42010528.0,1765.0,668,2520,60139800.0,2026,3,2
2026-03-02,SOH6,SIBN-3.26,SIBN,106004552.0,19920.0,2685,23766,127433292.0,2026,3,2
2026-03-02,SOM6,SIBN-6.26,SIBN,18860641.0,3431.0,802,3268,18176616.0,2026,3,2
2026-03-02,SPH6,SBPR-3.26,SBPR,65637335.0,2073.0,881,15310,483765380.0,2026,3,2
2026-03-02,SPM6,SBPR-6.26,SBPR,10265415.0,313.0,156,1812,59332128.0,2026,3,2
2026-03-02,SPU6,SBPR-9.26,SBPR,3641859.0,116.0,48,470,14689850.0,2026,3,2
2026-03-02,SPZ6,SBPR-12.26,SBPR,1452142.0,44.0,17,362,11748348.0,2026,3,2
2026-03-02,SQH6,SOXQ-3.26,SOXQ,13659638.06,2830.0,853,28374,137688807.36,2026,3,2
2026-03-02,SQM6,SOXQ-6.26,SOXQ,5117835.99,1023.0,587,4340,21864269.0,2026,3,2
2026-03-02,SRH6,SBRF-3.26,SBRF,3533676271.0,111630.0,29294,552410,17462232510.0,2026,3,2
2026-03-02,SRM6,SBRF-6.26,SBRF,180638521.0,5507.0,2328,59494,1946941150.0,2026,3,2
2026-03-02,SRU6,SBRF-9.26,SBRF,22912982.0,732.0,246,9300,290429700.0,2026,3,2
2026-03-02,SRZ6,SBRF-12.26,SBRF,2926751.0,90.0,48,992,32157664.0,2026,3,2
2026-03-02,SSH6,SMLT-3.26,SMLT,81918286.0,95599.0,9794,711574,607684196.0,2026,3,2
2026-03-02,SSM6,SMLT-6.26,SMLT,15564507.0,17512.0,3668,137244,121049208.0,2026,3,2
2026-03-02,SuH6,SUGAR-3.26,SUGAR,31949.0,6.0,6,292,1552856.0,2026,3,2
2026-03-02,SuJ6,SUGAR-4.26,SUGAR,15549.0,3.0,3,88,457600.0,2026,3,2
2026-03-02,SVH6,SILV-3.26,SILV,144244658876.25,1972901.0,376456,862324,60665588551.48,2026,3,2
2026-03-02,SVM6,SILV-6.26,SILV,9762464455.53,129589.0,56977,86958,6263902136.7,2026,3,2
2026-03-02,SVU6,SILV-9.26,SILV,624819191.41,8136.0,5859,5170,380992189.6,2026,3,2
2026-03-02,SVZ6,SILV-12.26,SILV,248370001.18,3159.0,2048,4018,302516706.66,2026,3,2
2026-03-02,SXH6,STOX-3.26,STOX,2253574.82,408.0,96,7158,39345378.6,2026,3,2
2026-03-02,SXM6,STOX-6.26,STOX,559833.29,103.0,50,570,3119775.3,2026,3,2
2026-03-02,SZH6,SGZH-3.26,SGZH,13270313.0,10383.0,544,69766,88184224.0,2026,3,2
2026-03-02,SZM6,SGZH-6.26,SGZH,4399874.0,3396.0,300,15522,19759506.0,2026,3,2
2026-03-02,TBH6,T-3.26,T,257746214.0,74171.0,4210,330178,1141095168.0,2026,3,2
2026-03-02,TBM6,T-6.26,T,32808326.0,9148.0,860,53096,189287240.0,2026,3,2
2026-03-02,TCH6,TENCENT-3.26,TENCENT,355694.56,7.0,6,46,2337096.7,2026,3,2
2026-03-02,TCM6,TENCENT-6.26,TENCENT,156757.8,3.0,2,18,933727.86,2026,3,2
2026-03-02,TLH6,TLT-3.26,TLT,5798392.38,83.0,19,1728,119660008.32,2026,3,2
2026-03-02,TLM6,TLT-6.26,TLT,9198081.43,131.0,8,1822,126900459.78,2026,3,2
2026-03-02,TNH6,TRNF-3.26,TRNF,101705423.0,69710.0,3050,107620,155080420.0,2026,3,2
2026-03-02,TNM6,TRNF-6.26,TRNF,18936279.0,12526.0,757,19670,29406650.0,2026,3,2
2026-03-02,TPH6,TATP-3.26,TATP,69919581.0,12734.0,1696,10164,57944964.0,2026,3,2
2026-03-02,TPM6,TATP-6.26,TATP,6534193.0,1159.0,383,1394,8127020.0,2026,3,2
2026-03-02,TTH6,TATN-3.26,TATN,650826849.0,11028.0,5267,11370,688442130.0,2026,3,2
2026-03-02,TTM6,TATN-6.26,TATN,29448577.0,492.0,330,340,20925640.0,2026,3,2
2026-03-02,TYH6,TRY-3.26,TRY,8653.0,5.0,5,1914,3272940.0,2026,3,2
2026-03-02,TYM6,TRY-6.26,TRY,6660.0,4.0,3,1052,1752632.0,2026,3,2
2026-03-02,UCH6,UCNY-3.26,UCNY,3753708100.4,48778.0,5682,114838,8862955680.2,2026,3,2
2026-03-02,UCM6,UCNY-6.26,UCNY,599644727.89,7821.0,2670,17108,1316907118.8,2026,3,2
2026-03-02,UCU6,UCNY-9.26,UCNY,690677.19,9.0,6,62,4775298.28,2026,3,2
2026-03-02,UNH6,UPRO-3.26,UPRO,23446126.0,1450.0,319,8178,130308252.0,2026,3,2
2026-03-02,UNM6,UPRO-6.26,UPRO,1798400.0,107.0,30,1054,17514318.0,2026,3,2
2026-03-02,USDRUBF,USDRUBF,USDRUBTOM,15030780210.0,194693.0,24513,1445560,111553865200.0,2026,3,2
2026-03-02,VBH6,VTBR-3.26,VTBR,1481541917.0,170549.0,22911,1014668,8733247476.0,2026,3,2
2026-03-02,VBM6,VTBR-6.26,VTBR,384212300.0,42577.0,6912,248772,2226758172.0,2026,3,2
2026-03-02,VIH6,RVI-3.26,RVI,388274.66,88.0,56,340,1458885.6,2026,3,2
2026-03-02,VKH6,VKCO-3.26,VKCO,184446815.0,59518.0,6387,135648,418067136.0,2026,3,2
2026-03-02,VKM6,VKCO-6.26,VKCO,54264538.0,16782.0,2920,32540,104648640.0,2026,3,2
2026-03-02,W4G7,WHEAT-2.27,WHEAT,37990.0,2.0,2,4,73920.0,2026,3,2
2026-03-02,W4H6,WHEAT-3.26,WHEAT,14045210.0,862.0,172,3962,64580600.0,2026,3,2
2026-03-02,W4J6,WHEAT-4.26,WHEAT,1174370.0,71.0,63,486,8033580.0,2026,3,2
2026-03-02,W4K6,WHEAT-5.26,WHEAT,3100490.0,186.0,94,676,11255400.0,2026,3,2
2026-03-02,W4M6,WHEAT-6.26,WHEAT,1278430.0,76.0,37,1730,29202400.0,2026,3,2
2026-03-02,W4N6,WHEAT-7.26,WHEAT,654260.0,39.0,34,304,5028160.0,2026,3,2
2026-03-02,W4Q6,WHEAT-8.26,WHEAT,115910.0,7.0,7,314,5190420.0,2026,3,2
2026-03-02,W4U6,WHEAT-9.26,WHEAT,50050.0,3.0,3,220,3643200.0,2026,3,2
2026-03-02,W4V6,WHEAT-10.26,WHEAT,34490.0,2.0,2,44,758560.0,2026,3,2
2026-03-02,W4X6,WHEAT-11.26,WHEAT,404140.0,23.0,15,64,1132800.0,2026,3,2
2026-03-02,WUH6,WUSH-3.26,WUSH,80809869.0,77737.0,3193,343326,350192520.0,2026,3,2
2026-03-02,WUM6,WUSH-6.26,WUSH,8950933.0,8300.0,626,19726,20870108.0,2026,3,2
2026-03-02,X5H6,X5-3.26,X5,197731484.0,81256.0,3984,659296,1602748576.0,2026,3,2
2026-03-02,X5M6,X5-6.26,X5,42491461.0,16787.0,1609,145716,368661480.0,2026,3,2
2026-03-02,XIH6,XIA-3.26,XIA,5351783.8,159.0,78,1550,51621758.0,2026,3,2
2026-03-02,XIM6,XIA-6.26,XIA,2987460.56,85.0,43,262,9176269.66,2026,3,2
2026-03-02,YDH6,YDEX-3.26,YDEX,369043345.0,77555.0,8083,325238,1531220504.0,2026,3,2
2026-03-02,YDM6,YDEX-6.26,YDEX,48308719.0,9937.0,1539,59294,285500610.0,2026,3,2
2026-03-02,ZCH6,ZINC-3.26,ZINC,12893665.07,499.0,169,5474,141266313.72,2026,3,2
2026-03-02,ZCM6,ZINC-6.26,ZINC,3805154.18,144.0,70,1216,32188103.68,2026,3,2
2026-03-03,AAH6,AFRICA-3.26,AFRICA,1205480.14,201.0,61,678,3872749.56,2026,3,3
2026-03-03,AAM6,AFRICA-6.26,AFRICA,1178408.9,193.0,35,368,2147721.6,2026,3,3
2026-03-03,AEH6,AED-3.26,AED,63230.0,3.0,3,430,9061820.0,2026,3,3
2026-03-03,AEM6,AED-6.26,AED,187584.0,9.0,7,156,3364452.0,2026,3,3
2026-03-03,AFH6,AFLT-3.26,AFLT,82851598.0,15184.0,1590,107348,584724556.0,2026,3,3
2026-03-03,AFM6,AFLT-6.26,AFLT,9890720.0,1743.0,439,33228,188336304.0,2026,3,3
2026-03-03,AGH6,ARGT-3.26,ARGT,76940.79,11.0,9,1418,9882453.22,2026,3,3
2026-03-03,AGM6,ARGT-6.26,ARGT,36507.29,5.0,3,100,702129.0,2026,3,3
2026-03-03,AKH6,AFKS-3.26,AFKS,95072770.0,7004.0,1821,42176,568827712.0,2026,3,3
2026-03-03,AKM6,AFKS-6.26,AFKS,5916158.0,419.0,135,1680,23546880.0,2026,3,3
2026-03-03,ALH6,ALRS-3.26,ALRS,50575303.0,12702.0,1163,134286,531369702.0,2026,3,3
2026-03-03,ALM6,ALRS-6.26,ALRS,3680654.0,902.0,207,11470,46545260.0,2026,3,3
2026-03-03,ANH6,ALUM-3.26,ALUM,341018777.9,13498.0,3291,27562,700010856.16,2026,3,3
2026-03-03,ANM6,ALUM-6.26,ALUM,70366440.55,2753.0,914,20398,525660539.6,2026,3,3
2026-03-03,ASH6,ASTR-3.26,ASTR,2625993.0,10195.0,152,232742,59814694.0,2026,3,3
2026-03-03,ASM6,ASTR-6.26,ASTR,976890.0,3652.0,86,47590,12706530.0,2026,3,3
2026-03-03,AUH6,AUDU-3.26,AUDU,2072494.27,38.0,5,138,7525976.28,2026,3,3
2026-03-03,BBH6,ALIBABA-3.26,ALIBABA,91690813.99,8520.0,564,30536,322468099.36,2026,3,3
2026-03-03,BBM6,ALIBABA-6.26,ALIBABA,2458938.82,221.0,124,1692,18389265.12,2026,3,3
2026-03-03,BDH6,BAIDU-3.26,BAIDU,20238820.6,2138.0,294,5336,48911910.4,2026,3,3
2026-03-03,BDM6,BAIDU-6.26,BAIDU,1813597.26,188.0,132,934,8868759.64,2026,3,3
2026-03-03,BMJ6,BRM-4.26,BRM,3261388725.99,509893.0,61641,107460,704134873.8,2026,3,3
2026-03-03,BMK6,BRM-5.26,BRM,132075683.71,21249.0,5856,11316,71311734.6,2026,3,3
2026-03-03,BMM6,BRM-6.26,BRM,25903472.32,4259.0,1531,6120,37864378.8,2026,3,3
2026-03-03,BMN6,BRM-7.26,BRM,14408986.57,2391.0,474,2820,17224080.6,2026,3,3
2026-03-03,BMQ6,BRM-8.26,BRM,4438080.79,734.0,225,4162,25346496.76,2026,3,3
2026-03-03,BMU6,BRM-9.26,BRM,5270859.32,874.0,259,1280,7760409.6,2026,3,3
2026-03-03,BMV6,BRM-10.26,BRM,3802487.69,628.0,223,1136,6964940.96,2026,3,3
2026-03-03,BNH6,BANE-3.26,BANE,61324890.0,35103.0,2261,25968,45651744.0,2026,3,3
2026-03-03,BNM6,BANE-6.26,BANE,4216607.0,2368.0,387,3614,6487130.0,2026,3,3
2026-03-03,BRJ6,BR-4.26,BR,98522259921.37,1543565.0,246428,422312,27665663343.12,2026,3,3
2026-03-03,BRK6,BR-5.26,BR,4031526578.26,65108.0,29496,35574,2242657175.22,2026,3,3
2026-03-03,BRM6,BR-6.26,BR,580642294.98,9533.0,5693,12364,765250244.88,2026,3,3
2026-03-03,BRN6,BR-7.26,BR,130884506.29,2172.0,1761,3256,199048559.6,2026,3,3
2026-03-03,BRQ6,BR-8.26,BR,82380486.72,1382.0,1090,3386,204446815.44,2026,3,3
2026-03-03,BRU6,BR-9.26,BR,79984587.74,1349.0,899,1836,110330527.68,2026,3,3
2026-03-03,BRV6,BR-10.26,BR,61261847.89,1034.0,589,2496,149158863.36,2026,3,3
2026-03-03,BSH6,BSPB-3.26,BSPB,11873016.0,3518.0,327,18444,62506716.0,2026,3,3
2026-03-03,BSM6,BSPB-6.26,BSPB,5492174.0,1708.0,139,6334,20408148.0,2026,3,3
2026-03-03,BTH6,BTC-3.26,BTC,1043883504.18,195290.0,19218,424474,2261699345.76,2026,3,3
2026-03-03,BTJ6,BTC-4.26,BTC,96700218.0,17857.0,4540,64102,347486044.66,2026,3,3
2026-03-03,BTK6,BTC-5.26,BTC,13155022.43,2375.0,789,10532,58140852.8,2026,3,3
2026-03-03,BYH6,BYN-3.26,BYN,80340.0,3.0,3,8,214240.0,2026,3,3
2026-03-03,BZH6,BRAZIL-3.26,BRAZIL,7732987.04,2632.0,127,3914,11081238.52,2026,3,3
2026-03-03,BZM6,BRAZIL-6.26,BRAZIL,150629.67,50.0,25,1466,4307518.48,2026,3,3
2026-03-03,CAH6,UCAD-3.26,UCAD,310754.8,4.0,2,50,3884435.0,2026,3,3
2026-03-03,CCH6,COCOA-3.26,COCOA,4193468861.0,1786326.0,66927,2145168,4918870224.0,2026,3,3
2026-03-03,CCJ6,COCOA-4.26,COCOA,71948346.0,28607.0,3259,93130,230589880.0,2026,3,3
2026-03-03,CEH6,COPPER-3.26,COPPER,689925616.37,68412.0,9348,351720,3524269572.0,2026,3,3
2026-03-03,CEM6,COPPER-6.26,COPPER,206465688.0,20052.0,4250,105060,1075948876.8,2026,3,3
2026-03-03,CFH6,UCHF-3.26,UCHF,5105424.32,66.0,18,786,60923268.72,2026,3,3
2026-03-03,CFM6,UCHF-6.26,UCHF,701367.02,9.0,9,80,6270363.2,2026,3,3
2026-03-03,CHH6,CHMF-3.26,CHMF,69119331.0,721.0,433,3106,296253386.0,2026,3,3
2026-03-03,CHM6,CHMF-6.26,CHMF,12639790.0,127.0,78,492,48812304.0,2026,3,3
2026-03-03,CIH6,CHINA-3.26,CHINA,1277631.41,284.0,27,1726,7658106.66,2026,3,3
2026-03-03,CIM6,CHINA-6.26,CHINA,1462593.18,309.0,15,1238,5675437.68,2026,3,3
2026-03-03,CMH6,CBOM-3.26,CBOM,12639218.0,2186.0,351,11878,66801872.0,2026,3,3
2026-03-03,CMM6,CBOM-6.26,CBOM,2314785.0,387.0,98,966,5658828.0,2026,3,3
2026-03-03,CNYRUBF,CNYRUBF,CNYRUBTOM,13259617986.0,1183158.0,26589,14019178,156552160726.0,2026,3,3
2026-03-03,CRH6,CNY-3.26,CNY,83157834466.0,7396586.0,159787,32911208,368934641680.0,2026,3,3
2026-03-03,CRH7,CNY-3.27,CNY,583010.0,47.0,19,5752,71255776.0,2026,3,3
2026-03-03,CRM6,CNY-6.26,CNY,11568202566.0,1007410.0,30604,5489006,62931453790.0,2026,3,3
2026-03-03,CRM7,CNY-6.27,CNY,269559.0,21.0,16,936,11999520.0,2026,3,3
2026-03-03,CRU6,CNY-9.26,CNY,37030992.0,3153.0,613,101560,1190689440.0,2026,3,3
2026-03-03,CRZ6,CNY-12.26,CNY,15604517.0,1296.0,469,38986,468416790.0,2026,3,3
2026-03-03,DJH6,DJ30-3.26,DJ30,37223492.86,991.0,67,1320,49009342.8,2026,3,3
2026-03-03,DJM6,DJ30-6.26,DJ30,1167321.49,31.0,27,228,8493560.88,2026,3,3
2026-03-03,DXH6,DAX-3.26,DAX,76813126.07,4341.0,659,9764,170616917.12,2026,3,3
2026-03-03,DXM6,DAX-6.26,DAX,11475128.35,641.0,351,998,17652743.76,2026,3,3
2026-03-03,EAH6,ENPG-3.26,ENPG,6942965.0,1430.0,184,5304,25894128.0,2026,3,3
2026-03-03,EAM6,ENPG-6.26,ENPG,497692.0,98.0,33,2476,12612744.0,2026,3,3
2026-03-03,EDH6,ED-3.26,ED,5574563202.46,61697.0,10713,330370,29754968968.3,2026,3,3
2026-03-03,EDM6,ED-6.26,ED,743896375.74,8208.0,4170,67132,6064518924.36,2026,3,3
2026-03-03,EDU6,ED-9.26,ED,2897550.91,32.0,21,88,7957871.68,2026,3,3
2026-03-03,EDZ6,ED-12.26,ED,906918.99,10.0,7,36,3258845.64,2026,3,3
2026-03-03,EHH6,ETH-3.26,ETH,249757886.33,158481.0,9896,212550,331420713.0,2026,3,3
2026-03-03,EHJ6,ETH-4.26,ETH,31812577.58,19662.0,2754,38096,60877027.04,2026,3,3
2026-03-03,EHK6,ETH-5.26,ETH,4175853.16,2544.0,662,12234,19919154.12,2026,3,3
2026-03-03,EMH6,EM-3.26,EM,5692387.39,1257.0,123,2460,10939620.0,2026,3,3
2026-03-03,EMM6,EM-6.26,EM,1533095.44,323.0,59,918,4274703.72,2026,3,3
2026-03-03,ETH6,ETHA-3.26,ETHA,120955781.35,100724.0,3910,601730,707965431.5,2026,3,3
2026-03-03,ETM6,ETHA-6.26,ETHA,9942735.07,7988.0,1157,181682,225320199.58,2026,3,3
2026-03-03,EuH6,Eu-3.26,Eu,7934040462.0,88047.0,24960,1177554,105726685890.0,2026,3,3
2026-03-03,EuM6,Eu-6.26,Eu,2206041053.0,23941.0,6721,574610,52715296010.0,2026,3,3
2026-03-03,EURRUBF,EURRUBF,EURRUBTOM,1090121030.0,12079.0,2712,99884,9020524040.0,2026,3,3
2026-03-03,EuU6,Eu-9.26,Eu,1512045.0,16.0,14,430,40602320.0,2026,3,3
2026-03-03,FEH6,FESH-3.26,FESH,46124353.0,8029.0,685,8028,45920160.0,2026,3,3
2026-03-03,FEM6,FESH-6.26,FESH,1787844.0,303.0,105,1048,6089928.0,2026,3,3
2026-03-03,FFH6,TTF-3.26,TTF,7772473658.29,1468765.0,154313,241308,1264075066.44,2026,3,3
2026-03-03,FFJ6,TTF-4.26,TTF,1667361372.58,323453.0,54353,56474,289612790.5,2026,3,3
2026-03-03,FLH6,FLOT-3.26,FLOT,36925342.0,4641.0,996,14074,110776454.0,2026,3,3
2026-03-03,FLM6,FLOT-6.26,FLOT,4071304.0,492.0,121,1506,12302514.0,2026,3,3
2026-03-03,FNH6,FNI-3.26,FNI,79770.0,8.0,8,454,4524564.0,2026,3,3
2026-03-03,FNM6,FNI-6.26,FNI,663664.0,64.0,18,48,484800.0,2026,3,3
2026-03-03,FSH6,FEES-3.26,FEES,16444788.0,2270.0,512,29976,217116168.0,2026,3,3
2026-03-03,FSM6,FEES-6.26,FEES,4083301.0,541.0,129,3044,22951760.0,2026,3,3
2026-03-03,GAZPF,GAZPF,GAZPF,451924189.0,34687.0,5412,313396,4052837072.0,2026,3,3
2026-03-03,GDH6,GOLD-3.26,GOLD,198974149179.79,492040.0,167312,381196,150548865899.16,2026,3,3
2026-03-03,GDM6,GOLD-6.26,GOLD,10022109737.19,24447.0,16654,64634,25812359629.96,2026,3,3
2026-03-03,GDU6,GOLD-9.26,GOLD,786507741.52,1919.0,1655,11448,4585400236.8,2026,3,3
2026-03-03,GDZ6,GOLD-12.26,GOLD,437999625.35,1063.0,867,5218,2098327854.62,2026,3,3
2026-03-03,GKH6,GMKN-3.26,GMKN,336181271.0,209651.0,6660,1401996,2234781624.0,2026,3,3
2026-03-03,GKM6,GMKN-6.26,GMKN,40922611.0,24957.0,1340,199102,326129076.0,2026,3,3
2026-03-03,GLDRUBF,GLDRUBF,GLDRUBTOM,18412036498.8,1420632.0,95535,1001458,12668443700.0,2026,3,3
2026-03-03,GLH6,GL-3.26,GL,8461349414.6,649974.0,51627,1015604,12921529692.0,2026,3,3
2026-03-03,GLM6,GL-6.26,GL,1506768869.9,112657.0,17512,654658,8589112960.0,2026,3,3
2026-03-03,GLU6,GL-9.26,GL,27683979.7,2017.0,1003,11166,150057640.8,2026,3,3
2026-03-03,GLZ6,GL-12.26,GL,15349397.8,1090.0,758,7004,96804385.2,2026,3,3
2026-03-03,GNH6,GOLDM-3.26,GOLDM,1704623919.36,42147.0,15925,9784,386398435.76,2026,3,3
2026-03-03,GNM6,GOLDM-6.26,GOLDM,73113590.64,1788.0,1134,1338,53466613.8,2026,3,3
2026-03-03,GNU6,GOLDM-9.26,GOLDM,6421485.91,156.0,113,158,6345332.14,2026,3,3
2026-03-03,GNZ6,GOLDM-12.26,GOLDM,3148996.06,76.0,61,74,2978124.08,2026,3,3
2026-03-03,GUH6,GBPU-3.26,GBPU,4221976.91,41.0,9,4834,497204018.74,2026,3,3
2026-03-03,GUM6,GBPU-6.26,GBPU,102832.32,1.0,1,10,1028323.2,2026,3,3
2026-03-03,GZH6,GAZR-3.26,GAZR,2831551760.0,215862.0,41186,1457150,18980835900.0,2026,3,3
2026-03-03,GZM6,GAZR-6.26,GAZR,192392724.0,14113.0,4442,76386,1033884510.0,2026,3,3
2026-03-03,GZU6,GAZR-9.26,GAZR,6800670.0,482.0,122,6974,97482572.0,2026,3,3
2026-03-03,GZZ6,GAZR-12.26,GAZR,1043817.0,72.0,47,1772,25569960.0,2026,3,3
2026-03-03,HDH6,HEAD-3.26,HEAD,15569710.0,5251.0,304,32794,96152008.0,2026,3,3
2026-03-03,HDM6,HEAD-6.26,HEAD,1697936.0,578.0,69,5658,16527018.0,2026,3,3
2026-03-03,HKH6,HKD-3.26,HKD,118770.0,12.0,3,272,2722992.0,2026,3,3
2026-03-03,HKM6,HKD-6.26,HKD,101880.0,10.0,1,132,1344816.0,2026,3,3
2026-03-03,HOH6,HOME-3.26,HOME,829640.0,24.0,5,1338,46107480.0,2026,3,3
2026-03-03,HOM6,HOME-6.26,HOME,108680.0,3.0,3,86,3089120.0,2026,3,3
2026-03-03,HSH6,HANG-3.26,HANG,30300078.05,11748.0,600,98868,252289385.04,2026,3,3
2026-03-03,HSM6,HANG-6.26,HANG,5260040.7,2015.0,200,4670,12116455.1,2026,3,3
2026-03-03,HYH6,HYDR-3.26,HYDR,12557240.0,2785.0,289,24192,108815616.0,2026,3,3
2026-03-03,HYM6,HYDR-6.26,HYDR,1120602.0,240.0,42,7026,32783316.0,2026,3,3
2026-03-03,I2H6,INR-3.26,INR,92411.0,11.0,4,130,1089270.0,2026,3,3
2026-03-03,I2M6,INR-6.26,INR,112040.0,13.0,6,156,1335516.0,2026,3,3
2026-03-03,IBH6,IBIT-3.26,IBIT,667868246.24,220249.0,9399,1513206,4573044720.54,2026,3,3
2026-03-03,IBM6,IBIT-6.26,IBIT,33062599.54,10562.0,1642,272490,851828264.1,2026,3,3
2026-03-03,IMOEXF,IMOEXF,IMOEX,17743994745.0,625373.0,31608,1277694,36094855500.0,2026,3,3
2026-03-03,IPH6,IPO-3.26,IPO,23274.5,40.0,11,894,521202.0,2026,3,3
2026-03-03,IPM6,IPO-6.26,IPO,1769.0,3.0,3,270,159300.0,2026,3,3
2026-03-03,IRH6,IRAO-3.26,IRAO,19844962.0,606.0,276,6936,227258040.0,2026,3,3
2026-03-03,IRM6,IRAO-6.26,IRAO,5037516.0,162.0,75,2404,74800460.0,2026,3,3
2026-03-03,ISH6,ISKJ-3.26,ISKJ,1998723.0,3048.0,90,7562,5096788.0,2026,3,3
2026-03-03,ISM6,ISKJ-6.26,ISKJ,8267.0,12.0,4,562,390590.0,2026,3,3
2026-03-03,IVH6,IVAT-3.26,IVAT,1608765.0,105.0,50,1660,25313340.0,2026,3,3
2026-03-03,IVM6,IVAT-6.26,IVAT,111816.0,7.0,7,172,2717772.0,2026,3,3
2026-03-03,JPH6,UJPY-3.26,UJPY,12098915.57,156.0,40,1566,121659893.46,2026,3,3
2026-03-03,JPM6,UJPY-6.26,UJPY,77111.46,1.0,1,84,6476948.52,2026,3,3
2026-03-03,KCJ6,COFFEE-4.26,COFFEE,200434497.72,88528.0,6034,227392,508957870.08,2026,3,3
2026-03-03,KCM6,COFFEE-6.26,COFFEE,5328164.05,2340.0,398,4224,9523176.96,2026,3,3
2026-03-03,KMH6,KMAZ-3.26,KMAZ,2155911.0,2540.0,91,17194,14580512.0,2026,3,3
2026-03-03,KMM6,KMAZ-6.26,KMAZ,56553.0,64.0,11,4712,4155984.0,2026,3,3
2026-03-03,LEH6,LEAS-3.26,LEAS,42764.0,64.0,13,72328,48387432.0,2026,3,3
2026-03-03,LEM6,LEAS-6.26,LEAS,10874.0,16.0,3,124,84196.0,2026,3,3
2026-03-03,LKH6,LKOH-3.26,LKOH,1520823765.0,27253.0,10791,301758,16876117908.0,2026,3,3
2026-03-03,LKM6,LKOH-6.26,LKOH,118835679.0,2150.0,1272,10354,575268240.0,2026,3,3
2026-03-03,LKU6,LKOH-9.26,LKOH,9199352.0,163.0,129,540,30564000.0,2026,3,3
2026-03-03,LKZ6,LKOH-12.26,LKOH,1712145.0,30.0,30,164,9440004.0,2026,3,3
2026-03-03,MAH6,MMI-3.26,MMI,1205802.0,173.0,10,234,1623024.0,2026,3,3
2026-03-03,MAM6,MMI-6.26,MMI,87485.0,12.0,9,132,956076.0,2026,3,3
2026-03-03,MCH6,MTLR-3.26,MTLR,30010375.0,4122.0,972,26496,192334464.0,2026,3,3
2026-03-03,MCM6,MTLR-6.26,MTLR,1730022.0,238.0,46,1764,13011264.0,2026,3,3
2026-03-03,MDH6,MDMG-3.26,MDMG,15335299.0,1058.0,393,3236,46323340.0,2026,3,3
2026-03-03,MDM6,MDMG-6.26,MDMG,2894479.0,194.0,42,652,9685460.0,2026,3,3
2026-03-03,MEH6,MOEX-3.26,MOEX,96387307.0,5306.0,1513,15384,276819696.0,2026,3,3
2026-03-03,MEM6,MOEX-6.26,MOEX,15593304.0,844.0,255,3198,58740864.0,2026,3,3
2026-03-03,MGH6,MAGN-3.26,MAGN,150247978.0,4766.0,1788,28398,885108864.0,2026,3,3
2026-03-03,MGM6,MAGN-6.26,MAGN,44290563.0,1359.0,481,7766,251509676.0,2026,3,3
2026-03-03,MMH6,MXI-3.26,MXI,6118728411.5,214011.0,45401,359314,10214039421.0,2026,3,3
2026-03-03,MMM6,MXI-6.26,MXI,246968172.5,8392.0,3453,28888,845566204.0,2026,3,3
2026-03-03,MMM7,MXI-6.27,MXI,377022.5,12.0,12,1134,35829297.0,2026,3,3
2026-03-03,MMU6,MXI-9.26,MXI,8571456.0,288.0,214,9052,268414430.0,2026,3,3
2026-03-03,MMU7,MXI-9.27,MXI,127376.5,4.0,4,282,8951385.0,2026,3,3
2026-03-03,MMZ6,MXI-12.26,MXI,824823.0,27.0,21,1274,38627680.0,2026,3,3
2026-03-03,MMZ7,MXI-12.27,MXI,33471.5,1.0,1,490,16156280.0,2026,3,3
2026-03-03,MNH6,MGNT-3.26,MGNT,115041666.0,34656.0,2336,195178,649747562.0,2026,3,3
2026-03-03,MNM6,MGNT-6.26,MGNT,22073602.0,6417.0,527,32830,113558970.0,2026,3,3
2026-03-03,MTH6,MTSI-3.26,MTSI,60767879.0,2624.0,869,17724,405099744.0,2026,3,3
2026-03-03,MTM6,MTSI-6.26,MTSI,9900624.0,413.0,200,2182,51822500.0,2026,3,3
2026-03-03,MVH6,MVID-3.26,MVID,13638037.0,18613.0,201,292466,213207714.0,2026,3,3
2026-03-03,MVM6,MVID-6.26,MVID,5674203.0,8458.0,143,97862,66154712.0,2026,3,3
2026-03-03,MXH6,MIX-3.26,MIX,31389005075.0,109808.0,42657,404928,115110907200.0,2026,3,3
2026-03-03,MXH7,MIX-3.27,MIX,3118525.0,10.0,9,46,14219750.0,2026,3,3
2026-03-03,MXM6,MIX-6.26,MIX,961652675.0,3268.0,2014,16588,4855307600.0,2026,3,3
2026-03-03,MXM7,MIX-6.27,MIX,322975.0,1.0,1,114,36816300.0,2026,3,3
2026-03-03,MXU6,MIX-9.26,MIX,22042850.0,74.0,61,1922,570161300.0,2026,3,3
2026-03-03,MXZ6,MIX-12.26,MIX,915500.0,3.0,3,430,130870500.0,2026,3,3
2026-03-03,MYH6,MOEXCNY-3.26,MOEXCNY,2723966.87,209.0,70,3028,39613416.36,2026,3,3
2026-03-03,MYM6,MOEXCNY-6.26,MOEXCNY,2873150.69,218.0,101,676,8998438.8,2026,3,3
2026-03-03,N2H6,NIKK-3.26,NIKK,93529890.46,33306.0,844,67792,187761468.64,2026,3,3
2026-03-03,N2M6,NIKK-6.26,NIKK,3384817.67,1201.0,256,5234,14450550.6,2026,3,3
2026-03-03,NAH6,NASD-3.26,NASD,4706295706.49,247421.0,29711,756496,14227412707.04,2026,3,3
2026-03-03,NAM6,NASD-6.26,NASD,295779669.56,15590.0,4628,64080,1204008091.2,2026,3,3
2026-03-03,NAU6,NASD-9.26,NASD,9707179.72,512.0,255,6672,125775406.56,2026,3,3
2026-03-03,NAZ6,NASD-12.26,NASD,3915270.76,205.0,57,2012,38156654.48,2026,3,3
2026-03-03,NBH6,BELUGA-3.26,BELUGA,5374718.0,12186.0,193,160904,71119568.0,2026,3,3
2026-03-03,NBM6,BELUGA-6.26,BELUGA,748855.0,1687.0,79,18382,8235136.0,2026,3,3
2026-03-03,NCH6,NICKEL-3.26,NICKEL,31305867.24,2361.0,406,16568,220454802.08,2026,3,3
2026-03-03,NCM6,NICKEL-6.26,NICKEL,3136012.83,229.0,118,2892,39637029.0,2026,3,3
2026-03-03,NDH6,INDIA-3.26,INDIA,3297558.92,4725.0,74,10096,6954023.84,2026,3,3
2026-03-03,NGH6,NG-3.26,NG,47799083662.9,1973701.0,206862,852396,20851694530.2,2026,3,3
2026-03-03,NGJ6,NG-4.26,NG,3125677218.51,127123.0,42852,82568,2043525798.48,2026,3,3
2026-03-03,NGK6,NG-5.26,NG,264173371.76,10041.0,5830,12258,325071127.8,2026,3,3
2026-03-03,NGM6,NG-6.26,NG,25335346.24,884.0,613,3086,88352396.02,2026,3,3
2026-03-03,NGN6,NG-7.26,NG,6196450.56,210.0,180,758,22578129.1,2026,3,3
2026-03-03,NGQ6,NG-8.26,NG,6369185.61,214.0,149,612,18495288.72,2026,3,3
2026-03-03,NGU6,NG-9.26,NG,1963220.42,64.0,42,218,6677861.02,2026,3,3
2026-03-03,NMH6,NLMK-3.26,NLMK,66256195.0,5892.0,1189,54586,612673264.0,2026,3,3
2026-03-03,NMM6,NLMK-6.26,NLMK,4560895.0,392.0,109,4252,49591076.0,2026,3,3
2026-03-03,NRH6,NGM-3.26,NGM,1449260236.27,5973292.0,61792,5234608,1280542155.04,2026,3,3
2026-03-03,NRJ6,NGM-4.26,NGM,133011792.39,541323.0,13387,407478,100944524.94,2026,3,3
2026-03-03,NRK6,NGM-5.26,NGM,19918386.32,75685.0,4426,60004,15866257.68,2026,3,3
2026-03-03,NRM6,NGM-6.26,NGM,4904642.84,17123.0,2070,21766,6241835.82,2026,3,3
2026-03-03,NRN6,NGM-7.26,NGM,2040444.74,6949.0,651,10746,3151694.34,2026,3,3
2026-03-03,NRQ6,NGM-8.26,NGM,905954.4,3038.0,388,12428,3735608.24,2026,3,3
2026-03-03,NRU6,NGM-9.26,NGM,1442722.34,4715.0,445,21986,6815000.42,2026,3,3
2026-03-03,NVH6,NOTKM-3.26,NOTKM,596371583.0,46110.0,7785,121988,1565106040.0,2026,3,3
2026-03-03,NVM6,NOTKM-6.26,NOTKM,82967742.0,6379.0,1678,27294,352884126.0,2026,3,3
2026-03-03,OGH6,OGI-3.26,OGI,29041949.0,3868.0,298,1810,13578620.0,2026,3,3
2026-03-03,OGM6,OGI-6.26,OGI,564238.0,72.0,51,378,2994894.0,2026,3,3
2026-03-03,OJK6,ORANGE-5.26,ORANGE,44044301.27,3113.0,1430,3576,51981522.72,2026,3,3
2026-03-03,OJN6,ORANGE-7.26,ORANGE,851187.72,60.0,50,106,1537549.08,2026,3,3
2026-03-03,ONH6,OZON-3.26,OZON,44898293.0,9666.0,1213,20846,95745678.0,2026,3,3
2026-03-03,ONM6,OZON-6.26,OZON,9969896.0,2065.0,531,9834,46908180.0,2026,3,3
2026-03-03,PDH6,PLD-3.26,PLD,6388859479.55,48299.0,19371,44220,5734277142.0,2026,3,3
2026-03-03,PDM6,PLD-6.26,PLD,640946605.67,4625.0,3397,12724,1719301234.8,2026,3,3
2026-03-03,PDU6,PLD-9.26,PLD,52536798.76,364.0,308,742,104708977.24,2026,3,3
2026-03-03,PDZ6,PLD-12.26,PLD,13379398.88,90.0,89,382,55548018.12,2026,3,3
2026-03-03,PHH6,PHOR-3.26,PHOR,42651079.0,6080.0,1017,17974,125818000.0,2026,3,3
2026-03-03,PHM6,PHOR-6.26,PHOR,7415565.0,1024.0,245,3636,26361000.0,2026,3,3
2026-03-03,PIH6,PIKK-3.26,PIKK,28617169.0,6042.0,1046,57788,274608576.0,2026,3,3
2026-03-03,PIM6,PIKK-6.26,PIKK,6345994.0,1291.0,145,13742,67734318.0,2026,3,3
2026-03-03,PSH6,POSI-3.26,POSI,19666484.0,16426.0,549,109114,129954774.0,2026,3,3
2026-03-03,PSM6,POSI-6.26,POSI,2284313.0,1839.0,120,6070,7538940.0,2026,3,3
2026-03-03,PTH6,PLT-3.26,PLT,12390230392.52,73798.0,33699,55188,8883153747.72,2026,3,3
2026-03-03,PTM6,PLT-6.26,PLT,838261434.16,4839.0,3651,9756,1628113279.68,2026,3,3
2026-03-03,PTU6,PLT-9.26,PLT,52323530.67,291.0,258,658,113639218.84,2026,3,3
2026-03-03,PTZ6,PLT-12.26,PLT,14576904.63,80.0,79,378,67177230.12,2026,3,3
2026-03-03,PXH6,PLZLM-3.26,PLZLM,378584053.0,15054.0,5245,44586,1117057644.0,2026,3,3
2026-03-03,PXM6,PLZLM-6.26,PLZLM,24457852.0,947.0,632,4440,114170160.0,2026,3,3
2026-03-03,R2H6,R2000-3.26,R2000,3712844.59,184.0,59,2148,42659752.56,2026,3,3
2026-03-03,R2M6,R2000-6.26,R2000,1546085.8,75.0,37,740,15052636.0,2026,3,3
2026-03-03,RAH6,RASP-3.26,RASP,2162941.0,1279.0,135,8970,15132390.0,2026,3,3
2026-03-03,RAM6,RASP-6.26,RASP,638436.0,366.0,55,1492,2587128.0,2026,3,3
2026-03-03,RBH7,RGBI-3.27,RGBI,3122802.0,248.0,59,696,8770992.0,2026,3,3
2026-03-03,RBM6,RGBI-6.26,RGBI,853365632.0,71103.0,4167,1161024,13928804928.0,2026,3,3
2026-03-03,RBU6,RGBI-9.26,RGBI,70942198.0,5813.0,684,76420,931941900.0,2026,3,3
2026-03-03,RBZ6,RGBI-12.26,RGBI,24241355.0,1955.0,224,39348,487718460.0,2026,3,3
2026-03-03,RDH6,RENI-3.26,RENI,8985709.0,941.0,216,14836,141090360.0,2026,3,3
2026-03-03,RDM6,RENI-6.26,RENI,4196607.0,422.0,87,3228,31999164.0,2026,3,3
2026-03-03,RGBIF,RGBIF,RGBIF,103881821.0,8818.0,650,127098,1496960244.0,2026,3,3
2026-03-03,RIH6,RTS-3.26,RTS,9799422722.05,54236.0,27991,49380,8874972590.4,2026,3,3
2026-03-03,RIM6,RTS-6.26,RTS,153125592.92,843.0,628,3064,553302573.92,2026,3,3
2026-03-03,RIU6,RTS-9.26,RTS,3446886.26,19.0,18,316,57112892.0,2026,3,3
2026-03-03,RIZ6,RTS-12.26,RTS,182553.07,1.0,1,62,11301929.78,2026,3,3
2026-03-03,RLH6,RUAL-3.26,RUAL,118499179.0,28986.0,3420,91982,378321966.0,2026,3,3
2026-03-03,RLM6,RUAL-6.26,RUAL,12895542.0,3033.0,718,15846,67630728.0,2026,3,3
2026-03-03,RMH6,RTSM-3.26,RTSM,242963726.13,13443.0,3819,17952,322535505.6,2026,3,3
2026-03-03,RMM6,RTSM-6.26,RTSM,6360532.4,349.0,191,1694,30632551.18,2026,3,3
2026-03-03,RNH6,ROSN-3.26,ROSN,2812659141.0,62734.0,21483,66486,2999183460.0,2026,3,3
2026-03-03,RNM6,ROSN-6.26,ROSN,199638020.0,4299.0,2691,5306,247254294.0,2026,3,3
2026-03-03,RNU6,ROSN-9.26,ROSN,6168434.0,130.0,102,408,19429776.0,2026,3,3
2026-03-03,RQH6,RTKMP-3.26,RTKMP,2674481.0,437.0,43,2474,15019654.0,2026,3,3
2026-03-03,RQM6,RTKMP-6.26,RTKMP,5105775.0,802.0,121,2228,14080960.0,2026,3,3
2026-03-03,RTH6,RTKM-3.26,RTKM,68175868.0,10775.0,2074,35518,218648808.0,2026,3,3
2026-03-03,RTM6,RTKM-6.26,RTKM,6563368.0,1005.0,324,3874,24812970.0,2026,3,3
2026-03-03,RUH6,RNFT-3.26,RNFT,278720388.0,197198.0,5748,124416,177914880.0,2026,3,3
2026-03-03,RUM6,RNFT-6.26,RNFT,29495493.0,20601.0,1685,26418,38200428.0,2026,3,3
2026-03-03,S0H6,SOFL-3.26,SOFL,3869322.0,4840.0,133,113208,90566400.0,2026,3,3
2026-03-03,S0M6,SOFL-6.26,SOFL,733798.0,877.0,34,14834,12371556.0,2026,3,3
2026-03-03,S1H6,SILVM-3.26,SILVM,12044301318.41,1812018.0,223823,371570,2403868399.3,2026,3,3
2026-03-03,S1M6,SILVM-6.26,SILVM,617674398.15,90403.0,34186,34944,232605434.88,2026,3,3
2026-03-03,S1U6,SILVM-9.26,SILVM,146503797.15,20697.0,10196,11660,79832172.2,2026,3,3
2026-03-03,S1Z6,SILVM-12.26,SILVM,70781154.67,9714.0,2855,6022,42427097.7,2026,3,3
2026-03-03,SAK6,SUGR-5.26,SUGR,2315890.72,90.0,71,1704,43679790.72,2026,3,3
2026-03-03,SAN6,SUGR-7.26,SUGR,452963.28,17.0,16,46,1209995.04,2026,3,3
2026-03-03,SBERF,SBERF,SBERF,432801659.0,13843.0,2419,162894,5069261280.0,2026,3,3
2026-03-03,SCH6,SVCB-3.26,SVCB,73076210.0,52710.0,1466,612004,846401532.0,2026,3,3
2026-03-03,SCM6,SVCB-6.26,SVCB,7079535.0,4903.0,291,112438,161910720.0,2026,3,3
2026-03-03,SDH6,SAUDI-3.26,SAUDI,725570.3,255.0,36,1504,4268592.64,2026,3,3
2026-03-03,SDM6,SAUDI-6.26,SAUDI,786076.88,267.0,61,2472,7165586.4,2026,3,3
2026-03-03,SEH6,SPBE-3.26,SPBE,35090692.0,14272.0,1020,98338,238961340.0,2026,3,3
2026-03-03,SEM6,SPBE-6.26,SPBE,4368828.0,1705.0,162,14206,35898562.0,2026,3,3
2026-03-03,SFH6,SPYF-3.26,SPYF,5767470635.73,110216.0,27061,350140,18122350041.6,2026,3,3
2026-03-03,SFM6,SPYF-6.26,SPYF,500321248.76,9554.0,4529,27904,1444044835.84,2026,3,3
2026-03-03,SFU6,SPYF-9.26,SPYF,27408026.73,524.0,386,3914,202700149.86,2026,3,3
2026-03-03,SFZ6,SPYF-12.26,SPYF,9865581.74,188.0,161,1310,68171299.6,2026,3,3
2026-03-03,SGH6,SNGP-3.26,SNGP,306082378.0,6633.0,2992,14860,684154400.0,2026,3,3
2026-03-03,SGM6,SNGP-6.26,SNGP,65051892.0,1360.0,905,5446,259785092.0,2026,3,3
2026-03-03,SHH6,SFIN-3.26,SFIN,14013525.4,16589.0,932,159708,133803362.4,2026,3,3
2026-03-03,SHM6,SFIN-6.26,SFIN,1886406.2,2516.0,252,42562,32032161.2,2026,3,3
2026-03-03,SiH6,Si-3.26,Si,58397436810.0,754890.0,219340,8431018,652215121462.0,2026,3,3
2026-03-03,SiH7,Si-3.27,Si,1116236.0,13.0,11,1132,97324832.0,2026,3,3
2026-03-03,SiM6,Si-6.26,Si,21344607453.0,270999.0,93490,3189696,251233215744.0,2026,3,3
2026-03-03,SiM7,Si-6.27,Si,1324852.0,15.0,5,1100,96818700.0,2026,3,3
2026-03-03,SiU6,Si-9.26,Si,2206587758.0,27401.0,5546,102014,8213453182.0,2026,3,3
2026-03-03,SiZ6,Si-12.26,Si,44167944.0,530.0,302,8834,736093050.0,2026,3,3
2026-03-03,SNH6,SNGR-3.26,SNGR,150315901.0,6559.0,1906,22126,500423742.0,2026,3,3
2026-03-03,SNM6,SNGR-6.26,SNGR,19431020.0,816.0,421,2972,69889552.0,2026,3,3
2026-03-03,SOH6,SIBN-3.26,SIBN,131311663.0,24376.0,2543,27052,144971668.0,2026,3,3
2026-03-03,SOM6,SIBN-6.26,SIBN,12054445.0,2164.0,585,3950,21843500.0,2026,3,3
2026-03-03,SPH6,SBPR-3.26,SBPR,62188972.0,1977.0,650,15612,489467424.0,2026,3,3
2026-03-03,SPM6,SBPR-6.26,SBPR,3694108.0,113.0,50,1814,59023932.0,2026,3,3
2026-03-03,SPU6,SBPR-9.26,SBPR,1064632.0,34.0,8,474,14806338.0,2026,3,3
2026-03-03,SPZ6,SBPR-12.26,SBPR,779268.0,24.0,5,326,10649116.0,2026,3,3
2026-03-03,SQH6,SOXQ-3.26,SOXQ,27293334.68,5706.0,483,20784,98217078.24,2026,3,3
2026-03-03,SQM6,SOXQ-6.26,SOXQ,1900674.67,383.0,189,4378,21334300.46,2026,3,3
2026-03-03,SRH6,SBRF-3.26,SBRF,3322675495.0,105508.0,28458,566220,17752129440.0,2026,3,3
2026-03-03,SRM6,SBRF-6.26,SBRF,214545563.0,6577.0,2146,60358,1961031420.0,2026,3,3
2026-03-03,SRU6,SBRF-9.26,SBRF,12640009.0,405.0,185,9916,309329620.0,2026,3,3
2026-03-03,SRZ6,SBRF-12.26,SBRF,844104.0,26.0,5,1044,33847524.0,2026,3,3
2026-03-03,SSH6,SMLT-3.26,SMLT,24630776.0,28989.0,844,710058,602129184.0,2026,3,3
2026-03-03,SSM6,SMLT-6.26,SMLT,7898794.0,8939.0,447,149026,131440932.0,2026,3,3
2026-03-03,SuH6,SUGAR-3.26,SUGAR,106540.0,20.0,17,288,1537920.0,2026,3,3
2026-03-03,SuJ6,SUGAR-4.26,SUGAR,15641.0,3.0,3,90,462690.0,2026,3,3
2026-03-03,SVH6,SILV-3.26,SILV,185898332920.89,2796783.0,495176,894656,57886810862.72,2026,3,3
2026-03-03,SVM6,SILV-6.26,SILV,10144023533.98,148435.0,64352,114806,7641227898.44,2026,3,3
2026-03-03,SVU6,SILV-9.26,SILV,632322261.64,9006.0,6306,6416,438686236.64,2026,3,3
2026-03-03,SVZ6,SILV-12.26,SILV,254543200.17,3547.0,2382,3994,279470324.76,2026,3,3
2026-03-03,SXH6,STOX-3.26,STOX,6681412.9,1256.0,190,6056,31819132.4,2026,3,3
2026-03-03,SXM6,STOX-6.26,STOX,1270040.83,237.0,62,810,4330543.5,2026,3,3
2026-03-03,SZH6,SGZH-3.26,SGZH,5470817.0,4326.0,229,70154,88043270.0,2026,3,3
2026-03-03,SZM6,SGZH-6.26,SGZH,2488534.0,1952.0,127,16908,21540792.0,2026,3,3
2026-03-03,TBH6,T-3.26,T,203624130.0,59437.0,3388,353280,1204331520.0,2026,3,3
2026-03-03,TBM6,T-6.26,T,26996441.0,7620.0,707,62060,219071800.0,2026,3,3
2026-03-03,TCH6,TENCENT-3.26,TENCENT,11650895.51,227.0,12,50,2543311.0,2026,3,3
2026-03-03,TCM6,TENCENT-6.26,TENCENT,103994.27,2.0,2,22,1128482.74,2026,3,3
2026-03-03,TLH6,TLT-3.26,TLT,5760682.28,83.0,28,1708,118267078.16,2026,3,3
2026-03-03,TLM6,TLT-6.26,TLT,1604005.74,23.0,17,1820,127152279.8,2026,3,3
2026-03-03,TNH6,TRNF-3.26,TRNF,48219362.0,33385.0,1295,109138,156176478.0,2026,3,3
2026-03-03,TNM6,TRNF-6.26,TRNF,6411924.0,4282.0,250,20122,29881170.0,2026,3,3
2026-03-03,TPH6,TATP-3.26,TATP,137682612.0,23210.0,2046,9796,58521304.0,2026,3,3
2026-03-03,TPM6,TATP-6.26,TATP,5859324.0,971.0,370,1264,7653520.0,2026,3,3
2026-03-03,TTH6,TATN-3.26,TATN,1033861039.0,16583.0,7784,14300,905061300.0,2026,3,3
2026-03-03,TTM6,TATN-6.26,TATN,49049502.0,782.0,550,926,58678768.0,2026,3,3
2026-03-03,TYH6,TRY-3.26,TRY,36726.0,21.0,11,1902,3320892.0,2026,3,3
2026-03-03,TYM6,TRY-6.26,TRY,180638.0,107.0,35,928,1586880.0,2026,3,3
2026-03-03,UCH6,UCNY-3.26,UCNY,2124072827.66,27626.0,4599,119910,9240846163.5,2026,3,3
2026-03-03,UCM6,UCNY-6.26,UCNY,231937822.99,3027.0,1536,19668,1511538313.56,2026,3,3
2026-03-03,UCU6,UCNY-9.26,UCNY,76830.34,1.0,1,64,4917856.0,2026,3,3
2026-03-03,UNH6,UPRO-3.26,UPRO,9481330.0,598.0,134,7920,125136000.0,2026,3,3
2026-03-03,UNM6,UPRO-6.26,UPRO,971998.0,59.0,26,1102,18116880.0,2026,3,3
2026-03-03,USDRUBF,USDRUBF,USDRUBTOM,8834822950.0,113997.0,17151,1448770,112439039700.0,2026,3,3
2026-03-03,VBH6,VTBR-3.26,VTBR,1725449267.0,201358.0,26539,1021280,8685986400.0,2026,3,3
2026-03-03,VBM6,VTBR-6.26,VTBR,607896001.0,68123.0,9325,267170,2363118650.0,2026,3,3
2026-03-03,VIH6,RVI-3.26,RVI,107683.0,25.0,13,352,1513445.12,2026,3,3
2026-03-03,VIJ6,RVI-4.26,RVI,13038.36,3.0,2,70,304228.4,2026,3,3
2026-03-03,VKH6,VKCO-3.26,VKCO,82246182.0,26923.0,3100,131774,398748124.0,2026,3,3
2026-03-03,VKM6,VKCO-6.26,VKCO,21988471.0,6908.0,1075,36684,115591284.0,2026,3,3
2026-03-03,W4F7,WHEAT-1.27,WHEAT,17630.0,1.0,1,44,775720.0,2026,3,3
2026-03-03,W4H6,WHEAT-3.26,WHEAT,2366960.0,145.0,63,3922,63967820.0,2026,3,3
2026-03-03,W4J6,WHEAT-4.26,WHEAT,1110530.0,67.0,30,578,9542780.0,2026,3,3
2026-03-03,W4K6,WHEAT-5.26,WHEAT,3655550.0,220.0,33,998,16556820.0,2026,3,3
2026-03-03,W4M6,WHEAT-6.26,WHEAT,608040.0,36.0,9,1786,30058380.0,2026,3,3
2026-03-03,W4N6,WHEAT-7.26,WHEAT,703220.0,42.0,14,336,5658240.0,2026,3,3
2026-03-03,W4Q6,WHEAT-8.26,WHEAT,494200.0,30.0,13,314,5099360.0,2026,3,3
2026-03-03,W4U6,WHEAT-9.26,WHEAT,49980.0,3.0,3,220,3665200.0,2026,3,3
2026-03-03,W4V6,WHEAT-10.26,WHEAT,17280.0,1.0,1,42,725760.0,2026,3,3
2026-03-03,W4X6,WHEAT-11.26,WHEAT,106050.0,6.0,2,62,1088100.0,2026,3,3
2026-03-03,WUH6,WUSH-3.26,WUSH,56335177.0,56182.0,2352,315728,311307808.0,2026,3,3
2026-03-03,WUM6,WUSH-6.26,WUSH,4412470.0,4233.0,432,23798,24345354.0,2026,3,3
2026-03-03,X5H6,X5-3.26,X5,104945337.0,43263.0,2139,648512,1571344576.0,2026,3,3
2026-03-03,X5M6,X5-6.26,X5,28657017.0,11347.0,1019,156664,395263272.0,2026,3,3
2026-03-03,XIH6,XIA-3.26,XIA,18853671.71,582.0,89,1606,51286999.72,2026,3,3
2026-03-03,XIM6,XIA-6.26,XIA,1659573.93,49.0,36,286,9745987.68,2026,3,3
2026-03-03,YDH6,YDEX-3.26,YDEX,305471184.0,65792.0,6069,328358,1502237850.0,2026,3,3
2026-03-03,YDM6,YDEX-6.26,YDEX,48514170.0,10186.0,1523,71326,334447614.0,2026,3,3
2026-03-03,ZCH6,ZINC-3.26,ZINC,11904859.34,466.0,216,5524,140553981.76,2026,3,3
2026-03-03,ZCM6,ZINC-6.26,ZINC,2047615.28,78.0,48,1284,33502487.52,2026,3,3
2026-03-04,AAH6,AFRICA-3.26,AFRICA,205027.39,35.0,16,672,3950970.24,2026,3,4
2026-03-04,AAM6,AFRICA-6.26,AFRICA,351177.4,58.0,8,362,2152289.1,2026,3,4
2026-03-04,AEH6,AED-3.26,AED,84980.0,4.0,4,422,8982692.0,2026,3,4
2026-03-04,AEM6,AED-6.26,AED,43796.0,2.0,1,152,3328496.0,2026,3,4
2026-03-04,AFH6,AFLT-3.26,AFLT,112221826.0,20931.0,3297,107216,568244800.0,2026,3,4
2026-03-04,AFM6,AFLT-6.26,AFLT,33032044.0,5922.0,1574,33912,186990768.0,2026,3,4
2026-03-04,AGH6,ARGT-3.26,ARGT,47745.71,7.0,5,1412,9634287.8,2026,3,4
2026-03-04,AGM6,ARGT-6.26,ARGT,6991.2,1.0,1,100,696397.0,2026,3,4
2026-03-04,AKH6,AFKS-3.26,AFKS,26054301.0,1928.0,555,42368,571968000.0,2026,3,4
2026-03-04,AKM6,AFKS-6.26,AFKS,1574979.0,112.0,46,1784,25047360.0,2026,3,4
2026-03-04,ALH6,ALRS-3.26,ALRS,36669493.0,9246.0,1025,132544,523813888.0,2026,3,4
2026-03-04,ALM6,ALRS-6.26,ALRS,1310702.0,323.0,120,11674,47197982.0,2026,3,4
2026-03-04,ANH6,ALUM-3.26,ALUM,669466219.45,25564.0,5803,39654,1042308165.78,2026,3,4
2026-03-04,ANM6,ALUM-6.26,ALUM,159424359.19,5933.0,2248,23724,645089959.8,2026,3,4
2026-03-04,ANU6,ALUM-9.26,ALUM,134171.7,5.0,5,4,105140.28,2026,3,4
2026-03-04,ASH6,ASTR-3.26,ASTR,7245088.0,28202.0,279,212352,54149760.0,2026,3,4
2026-03-04,ASM6,ASTR-6.26,ASTR,1920149.0,7207.0,101,53946,14349636.0,2026,3,4
2026-03-04,AUH6,AUDU-3.26,AUDU,1476396.49,27.0,3,86,4719744.5,2026,3,4
2026-03-04,AUM6,AUDU-6.26,AUDU,158153.67,3.0,1,10,549741.2,2026,3,4
2026-03-04,BBH6,ALIBABA-3.26,ALIBABA,60330023.45,5714.0,487,29480,314907718.4,2026,3,4
2026-03-04,BBM6,ALIBABA-6.26,ALIBABA,3296258.73,302.0,115,2108,23247635.32,2026,3,4
2026-03-04,BDH6,BAIDU-3.26,BAIDU,16842185.37,1818.0,331,5528,52048773.44,2026,3,4
2026-03-04,BDM6,BAIDU-6.26,BAIDU,2627267.82,274.0,168,952,9273869.92,2026,3,4
2026-03-04,BMJ6,BRM-4.26,BRM,2805719133.8,434587.0,55534,123222,786020815.8,2026,3,4
2026-03-04,BMK6,BRM-5.26,BRM,139842403.85,22516.0,5003,18272,112290576.0,2026,3,4
2026-03-04,BMM6,BRM-6.26,BRM,26137176.99,4303.0,985,9556,58168805.4,2026,3,4
2026-03-04,BMN6,BRM-7.26,BRM,7340641.02,1214.0,311,3156,18771540.84,2026,3,4
2026-03-04,BMQ6,BRM-8.26,BRM,6892845.11,1145.0,230,4654,27641641.82,2026,3,4
2026-03-04,BMU6,BRM-9.26,BRM,3176704.01,530.0,193,1544,9042991.84,2026,3,4
2026-03-04,BMV6,BRM-10.26,BRM,4798559.18,796.0,145,2064,12146371.68,2026,3,4
2026-03-04,BNH6,BANE-3.26,BANE,53661042.0,31410.0,1301,19150,32133700.0,2026,3,4
2026-03-04,BNM6,BANE-6.26,BANE,1179078.0,673.0,151,3176,5472248.0,2026,3,4
2026-03-04,BRJ6,BR-4.26,BR,97570546691.05,1511293.0,241300,458718,29268281805.36,2026,3,4
2026-03-04,BRK6,BR-5.26,BR,3954210248.24,63851.0,29337,40910,2511893227.7,2026,3,4
2026-03-04,BRM6,BR-6.26,BR,606575037.37,9963.0,5944,16640,1008498816.0,2026,3,4
2026-03-04,BRN6,BR-7.26,BR,148300161.49,2467.0,1801,4320,257822222.4,2026,3,4
2026-03-04,BRQ6,BR-8.26,BR,97715946.16,1650.0,1128,3256,191256398.08,2026,3,4
2026-03-04,BRU6,BR-9.26,BR,73740199.74,1261.0,678,1476,85551424.92,2026,3,4
2026-03-04,BRV6,BR-10.26,BR,31922813.93,550.0,419,2806,160544672.68,2026,3,4
2026-03-04,BSH6,BSPB-3.26,BSPB,3326397.0,978.0,93,18056,61264008.0,2026,3,4
2026-03-04,BSM6,BSPB-6.26,BSPB,301438.0,93.0,31,6322,20432704.0,2026,3,4
2026-03-04,BTH6,BTC-3.26,BTC,1489321263.25,268044.0,27304,404048,2311691943.84,2026,3,4
2026-03-04,BTJ6,BTC-4.26,BTC,161771209.37,28636.0,6726,72638,421096287.22,2026,3,4
2026-03-04,BTK6,BTC-5.26,BTC,25872715.88,4500.0,1443,14482,84819046.52,2026,3,4
2026-03-04,BYH6,BYN-3.26,BYN,53560.0,2.0,2,8,214560.0,2026,3,4
2026-03-04,BZH6,BRAZIL-3.26,BRAZIL,3798033.44,1300.0,41,3916,11479910.64,2026,3,4
2026-03-04,BZM6,BRAZIL-6.26,BRAZIL,46495.42,16.0,5,1462,4310940.92,2026,3,4
2026-03-04,CCH6,COCOA-3.26,COCOA,4340276620.0,1813519.0,74513,2019198,4882420764.0,2026,3,4
2026-03-04,CCJ6,COCOA-4.26,COCOA,40403230.0,15903.0,2457,95652,244869120.0,2026,3,4
2026-03-04,CEH6,COPPER-3.26,COPPER,397961058.98,39047.0,4578,333200,3387397832.0,2026,3,4
2026-03-04,CEM6,COPPER-6.26,COPPER,87443839.25,8399.0,2018,105290,1101533451.0,2026,3,4
2026-03-04,CEU6,COPPER-9.26,COPPER,97630.11,9.0,1,18,182992.68,2026,3,4
2026-03-04,CFH6,UCHF-3.26,UCHF,620738.46,8.0,7,788,61041001.6,2026,3,4
2026-03-04,CFM6,UCHF-6.26,UCHF,77959.76,1.0,1,82,6359311.56,2026,3,4
2026-03-04,CHH6,CHMF-3.26,CHMF,78099567.0,813.0,503,2954,285016690.0,2026,3,4
2026-03-04,CHM6,CHMF-6.26,CHMF,14968983.0,150.0,103,428,42895444.0,2026,3,4
2026-03-04,CIH6,CHINA-3.26,CHINA,186871.74,42.0,12,1802,8078167.78,2026,3,4
2026-03-04,CIM6,CHINA-6.26,CHINA,91941.34,20.0,13,1234,5728709.26,2026,3,4
2026-03-04,CMH6,CBOM-3.26,CBOM,14683383.0,2590.0,334,11520,64569600.0,2026,3,4
2026-03-04,CMM6,CBOM-6.26,CBOM,2171184.0,373.0,109,914,5348728.0,2026,3,4
2026-03-04,CNYRUBF,CNYRUBF,CNYRUBTOM,43901789322.0,3897824.0,53379,15053314,169726115350.0,2026,3,4
2026-03-04,CRH6,CNY-3.26,CNY,153841034786.0,13621684.0,264116,35356156,399913480516.0,2026,3,4
2026-03-04,CRH7,CNY-3.27,CNY,1685421.0,135.0,48,5830,72845850.0,2026,3,4
2026-03-04,CRM6,CNY-6.26,CNY,20837262431.0,1804978.0,42316,7131580,82448196380.0,2026,3,4
2026-03-04,CRM7,CNY-6.27,CNY,632969.0,49.0,19,982,12744396.0,2026,3,4
2026-03-04,CRU6,CNY-9.26,CNY,86621553.0,7331.0,1010,105638,1251282110.0,2026,3,4
2026-03-04,CRZ6,CNY-12.26,CNY,9973984.0,823.0,223,39642,481293522.0,2026,3,4
2026-03-04,CSH6,CNI-3.26,CNI,7248.0,1.0,1,382,2764152.0,2026,3,4
2026-03-04,CSM6,CNI-6.26,CNI,7622.0,1.0,1,254,1872488.0,2026,3,4
2026-03-04,DJH6,DJ30-3.26,DJ30,27356517.41,723.0,46,1278,48551450.04,2026,3,4
2026-03-04,DJM6,DJ30-6.26,DJ30,716001.66,19.0,17,248,9438929.6,2026,3,4
2026-03-04,DXH6,DAX-3.26,DAX,21925347.88,1232.0,230,10208,181200472.64,2026,3,4
2026-03-04,DXM6,DAX-6.26,DAX,2174533.69,121.0,75,1020,18181744.8,2026,3,4
2026-03-04,EAH6,ENPG-3.26,ENPG,5902647.0,1186.0,146,5268,26129280.0,2026,3,4
2026-03-04,EAM6,ENPG-6.26,ENPG,863934.0,167.0,48,2528,13072288.0,2026,3,4
2026-03-04,EDH6,ED-3.26,ED,6436302036.53,71015.0,10387,348972,31670866617.0,2026,3,4
2026-03-04,EDM6,ED-6.26,ED,815784087.13,8969.0,3574,76002,6918237854.1,2026,3,4
2026-03-04,EDU6,ED-9.26,ED,4206865.9,46.0,18,164,14973095.04,2026,3,4
2026-03-04,EHH6,ETH-3.26,ETH,304682365.97,188421.0,12087,196862,328233918.46,2026,3,4
2026-03-04,EHJ6,ETH-4.26,ETH,39496059.21,23884.0,3839,41194,70248128.2,2026,3,4
2026-03-04,EHK6,ETH-5.26,ETH,6642747.95,3932.0,1598,13804,23966228.72,2026,3,4
2026-03-04,EJM6,EJPY-6.26,EJPY,178947.02,2.0,2,2,178349.92,2026,3,4
2026-03-04,EMH6,EM-3.26,EM,1412606.55,312.0,56,2432,11152154.88,2026,3,4
2026-03-04,EMM6,EM-6.26,EM,158494.66,34.0,15,916,4313004.32,2026,3,4
2026-03-04,ETH6,ETHA-3.26,ETHA,195821071.47,160221.0,5140,575842,732050659.34,2026,3,4
2026-03-04,ETM6,ETHA-6.26,ETHA,12736985.47,9833.0,1421,184998,246408086.1,2026,3,4
2026-03-04,EuH6,Eu-3.26,Eu,14402941120.0,158789.0,42451,1132450,103000857300.0,2026,3,4
2026-03-04,EuM6,Eu-6.26,Eu,3255058089.0,35188.0,9451,625254,58059210678.0,2026,3,4
2026-03-04,EURRUBF,EURRUBF,EURRUBTOM,1218750620.0,13426.0,3375,98094,8902030500.0,2026,3,4
2026-03-04,EuU6,Eu-9.26,Eu,860676.0,9.0,6,442,42248570.0,2026,3,4
2026-03-04,FEH6,FESH-3.26,FESH,37821675.0,6645.0,422,7890,44610060.0,2026,3,4
2026-03-04,FEM6,FESH-6.26,FESH,3776785.0,648.0,58,1958,11242836.0,2026,3,4
2026-03-04,FFH6,TTF-3.26,TTF,9198835106.56,1837202.0,220546,319636,1523522619.48,2026,3,4
2026-03-04,FFJ6,TTF-4.26,TTF,1629582914.38,326117.0,63235,92644,440992851.52,2026,3,4
2026-03-04,FLH6,FLOT-3.26,FLOT,17168140.0,2192.0,517,14324,110882084.0,2026,3,4
2026-03-04,FLM6,FLOT-6.26,FLOT,984078.0,121.0,32,1424,11481712.0,2026,3,4
2026-03-04,FNH6,FNI-3.26,FNI,9870.0,1.0,1,454,4499594.0,2026,3,4
2026-03-04,FSH6,FEES-3.26,FEES,17041042.0,2354.0,404,30548,222358892.0,2026,3,4
2026-03-04,FSM6,FEES-6.26,FEES,1855675.0,247.0,66,3130,23700360.0,2026,3,4
2026-03-04,GAZPF,GAZPF,GAZPF,318024702.0,24672.0,4345,313840,4017465840.0,2026,3,4
2026-03-04,GDH6,GOLD-3.26,GOLD,110187562374.44,274733.0,93730,362388,144954391874.76,2026,3,4
2026-03-04,GDM6,GOLD-6.26,GOLD,7011012823.72,17289.0,8787,69368,27981270523.44,2026,3,4
2026-03-04,GDU6,GOLD-9.26,GOLD,256623203.35,632.0,548,11430,4626842054.4,2026,3,4
2026-03-04,GDZ6,GOLD-12.26,GOLD,107286289.63,263.0,257,5180,2105720246.0,2026,3,4
2026-03-04,GKH6,GMKN-3.26,GMKN,251054867.0,156107.0,5026,1414506,2278769166.0,2026,3,4
2026-03-04,GKM6,GMKN-6.26,GMKN,11109533.0,6732.0,904,201066,332965296.0,2026,3,4
2026-03-04,GLDRUBF,GLDRUBF,GLDRUBTOM,9281609093.4,719756.0,52966,1033998,13302384270.0,2026,3,4
2026-03-04,GLH6,GL-3.26,GL,3752978968.1,289237.0,26671,937684,12129317613.6,2026,3,4
2026-03-04,GLM6,GL-6.26,GL,538985641.9,40240.0,6329,704272,9386537216.0,2026,3,4
2026-03-04,GLU6,GL-9.26,GL,6526051.8,476.0,261,11230,153786989.0,2026,3,4
2026-03-04,GLZ6,GL-12.26,GL,5922281.3,419.0,287,7092,99480193.2,2026,3,4
2026-03-04,GNH6,GOLDM-3.26,GOLDM,787090682.46,19625.0,8006,8062,322453556.64,2026,3,4
2026-03-04,GNM6,GOLDM-6.26,GOLDM,38522018.83,952.0,515,1562,63033885.2,2026,3,4
2026-03-04,GNU6,GOLDM-9.26,GOLDM,3426397.23,84.0,40,204,8270272.2,2026,3,4
2026-03-04,GNZ6,GOLDM-12.26,GOLDM,736855.61,18.0,16,80,3264529.6,2026,3,4
2026-03-04,GUH6,GBPU-3.26,GBPU,1031639.9,10.0,1,4834,498694727.66,2026,3,4
2026-03-04,GZH6,GAZR-3.26,GAZR,2155815432.0,166108.0,33643,1454596,18759924612.0,2026,3,4
2026-03-04,GZM6,GAZR-6.26,GAZR,249631305.0,18499.0,4359,92604,1242004848.0,2026,3,4
2026-03-04,GZU6,GAZR-9.26,GAZR,28804273.0,2017.0,408,8712,120722184.0,2026,3,4
2026-03-04,GZZ6,GAZR-12.26,GAZR,3728577.0,255.0,111,1810,26118300.0,2026,3,4
2026-03-04,HDH6,HEAD-3.26,HEAD,5696131.0,1938.0,133,32150,94617450.0,2026,3,4
2026-03-04,HDM6,HEAD-6.26,HEAD,507711.0,174.0,24,5438,15933340.0,2026,3,4
2026-03-04,HKH6,HKD-3.26,HKD,367380.0,37.0,22,302,2989800.0,2026,3,4
2026-03-04,HKM6,HKD-6.26,HKD,102523.0,10.0,6,148,1522772.0,2026,3,4
2026-03-04,HOH6,HOME-3.26,HOME,4995990.0,145.0,7,1376,47361920.0,2026,3,4
2026-03-04,HSH6,HANG-3.26,HANG,35000119.57,13716.0,484,98304,252947988.48,2026,3,4
2026-03-04,HSM6,HANG-6.26,HANG,3417834.27,1322.0,153,4808,12495222.72,2026,3,4
2026-03-04,HYH6,HYDR-3.26,HYDR,11734905.0,2620.0,270,23486,105029392.0,2026,3,4
2026-03-04,HYM6,HYDR-6.26,HYDR,636303.0,137.0,35,6992,32365968.0,2026,3,4
2026-03-04,I2H6,INR-3.26,INR,83570.0,10.0,1,150,1264350.0,2026,3,4
2026-03-04,I2M6,INR-6.26,INR,86070.0,10.0,1,176,1515712.0,2026,3,4
2026-03-04,IBH6,IBIT-3.26,IBIT,1136781265.43,360199.0,16830,1473932,4788760850.04,2026,3,4
2026-03-04,IBM6,IBIT-6.26,IBIT,105204251.03,32022.0,2896,274016,923954550.4,2026,3,4
2026-03-04,IMOEXF,IMOEXF,IMOEX,13517974680.0,479426.0,24994,1251716,35173219600.0,2026,3,4
2026-03-04,IPH6,IPO-3.26,IPO,22327.5,38.0,26,902,527670.0,2026,3,4
2026-03-04,IPM6,IPO-6.26,IPO,3590.0,6.0,6,264,159060.0,2026,3,4
2026-03-04,IRH6,IRAO-3.26,IRAO,17282404.0,530.0,248,6720,218836800.0,2026,3,4
2026-03-04,IRM6,IRAO-6.26,IRAO,4124736.0,133.0,71,2552,79267672.0,2026,3,4
2026-03-04,ISH6,ISKJ-3.26,ISKJ,336455.0,495.0,29,7554,5106504.0,2026,3,4
2026-03-04,ISM6,ISKJ-6.26,ISKJ,225145.0,320.0,10,738,518076.0,2026,3,4
2026-03-04,IVH6,IVAT-3.26,IVAT,566856.0,37.0,22,1668,25522068.0,2026,3,4
2026-03-04,IVM6,IVAT-6.26,IVAT,95543.0,6.0,5,162,2562516.0,2026,3,4
2026-03-04,JPH6,UJPY-3.26,UJPY,2943839.67,38.0,21,1588,122998619.4,2026,3,4
2026-03-04,JPM6,UJPY-6.26,UJPY,536910.15,7.0,7,84,6414616.32,2026,3,4
2026-03-04,KCJ6,COFFEE-4.26,COFFEE,134510534.69,59205.0,3607,226952,516647149.92,2026,3,4
2026-03-04,KCM6,COFFEE-6.26,COFFEE,1662759.37,726.0,153,4204,9642168.28,2026,3,4
2026-03-04,KMH6,KMAZ-3.26,KMAZ,96331.0,114.0,17,17234,14545496.0,2026,3,4
2026-03-04,KMM6,KMAZ-6.26,KMAZ,7047.0,8.0,8,4728,4160640.0,2026,3,4
2026-03-04,LEH6,LEAS-3.26,LEAS,1756046.0,2621.0,13,72336,48320448.0,2026,3,4
2026-03-04,LEM6,LEAS-6.26,LEAS,2753.0,4.0,3,130,89700.0,2026,3,4
2026-03-04,LKH6,LKOH-3.26,LKOH,1231881410.0,22415.0,8892,296952,16110239904.0,2026,3,4
2026-03-04,LKM6,LKOH-6.26,LKOH,53864399.0,985.0,651,10320,556939440.0,2026,3,4
2026-03-04,LKU6,LKOH-9.26,LKOH,3510365.0,63.0,59,528,29187312.0,2026,3,4
2026-03-04,LKZ6,LKOH-12.26,LKOH,621206.0,11.0,11,162,9072000.0,2026,3,4
2026-03-04,MAH6,MMI-3.26,MMI,104062.0,15.0,5,208,1444352.0,2026,3,4
2026-03-04,MCH6,MTLR-3.26,MTLR,36975633.0,5147.0,924,25606,182724416.0,2026,3,4
2026-03-04,MCM6,MTLR-6.26,MTLR,3895111.0,539.0,102,2554,18386246.0,2026,3,4
2026-03-04,MDH6,MDMG-3.26,MDMG,12121402.0,850.0,306,3492,49125456.0,2026,3,4
2026-03-04,MDM6,MDMG-6.26,MDMG,2291322.0,155.0,59,846,12389670.0,2026,3,4
2026-03-04,MEH6,MOEX-3.26,MOEX,62756506.0,3473.0,931,15860,285765480.0,2026,3,4
2026-03-04,MEM6,MOEX-6.26,MOEX,5684359.0,309.0,107,3256,59747600.0,2026,3,4
2026-03-04,MGH6,MAGN-3.26,MAGN,131891791.0,4225.0,1234,27142,844333336.0,2026,3,4
2026-03-04,MGM6,MAGN-6.26,MAGN,28142828.0,868.0,400,7692,248613132.0,2026,3,4
2026-03-04,MMH6,MXI-3.26,MXI,5319932293.0,187425.0,42619,353546,9999164745.0,2026,3,4
2026-03-04,MMH7,MXI-3.27,MXI,433039.5,14.0,9,802,24646663.0,2026,3,4
2026-03-04,MMM6,MXI-6.26,MXI,238865137.5,8164.0,4000,34694,1010358668.0,2026,3,4
2026-03-04,MMM7,MXI-6.27,MXI,156911.5,5.0,5,1134,35525385.0,2026,3,4
2026-03-04,MMU6,MXI-9.26,MXI,4384422.5,148.0,104,9064,267623664.0,2026,3,4
2026-03-04,MMU7,MXI-9.27,MXI,63209.0,2.0,2,282,8936721.0,2026,3,4
2026-03-04,MMZ6,MXI-12.26,MXI,272414.0,9.0,8,1274,38372880.0,2026,3,4
2026-03-04,MNH6,MGNT-3.26,MGNT,87759340.0,26647.0,1561,201416,659234568.0,2026,3,4
2026-03-04,MNM6,MGNT-6.26,MGNT,9359865.0,2731.0,304,33246,113169384.0,2026,3,4
2026-03-04,MTH6,MTSI-3.26,MTSI,38368716.0,1679.0,688,17964,407944476.0,2026,3,4
2026-03-04,MTM6,MTSI-6.26,MTSI,6439818.0,271.0,123,2404,56763248.0,2026,3,4
2026-03-04,MVH6,MVID-3.26,MVID,7458343.0,10355.0,186,293760,210038400.0,2026,3,4
2026-03-04,MVM6,MVID-6.26,MVID,4516548.0,6914.0,163,110060,72089300.0,2026,3,4
2026-03-04,MXH6,MIX-3.26,MIX,25784509475.0,90810.0,37727,394478,111578102300.0,2026,3,4
2026-03-04,MXM6,MIX-6.26,MIX,1119603525.0,3831.0,2176,19954,5810105950.0,2026,3,4
2026-03-04,MXM7,MIX-6.27,MIX,1285275.0,4.0,4,112,36089200.0,2026,3,4
2026-03-04,MXU6,MIX-9.26,MIX,10101325.0,34.0,31,1928,570206000.0,2026,3,4
2026-03-04,MXZ6,MIX-12.26,MIX,1519600.0,5.0,5,428,129983600.0,2026,3,4
2026-03-04,MYH6,MOEXCNY-3.26,MOEXCNY,1358428.5,104.0,13,2982,38731557.9,2026,3,4
2026-03-04,MYM6,MOEXCNY-6.26,MOEXCNY,93648.78,7.0,4,676,8938727.72,2026,3,4
2026-03-04,N2H6,NIKK-3.26,NIKK,32398787.13,11494.0,459,65854,188269342.06,2026,3,4
2026-03-04,N2M6,NIKK-6.26,NIKK,1914508.06,678.0,183,4868,13779944.96,2026,3,4
2026-03-04,NAH6,NASD-3.26,NASD,5190258991.15,271172.0,30762,784342,15167778151.24,2026,3,4
2026-03-04,NAM6,NASD-6.26,NASD,383364786.68,20114.0,5171,78298,1509209609.6,2026,3,4
2026-03-04,NAU6,NASD-9.26,NASD,17872401.84,935.0,388,6710,129628946.7,2026,3,4
2026-03-04,NAZ6,NASD-12.26,NASD,7313412.49,380.0,114,2290,44411023.4,2026,3,4
2026-03-04,NBH6,BELUGA-3.26,BELUGA,10068404.0,23124.0,214,182016,78812928.0,2026,3,4
2026-03-04,NBM6,BELUGA-6.26,BELUGA,855849.0,1926.0,64,19566,8589474.0,2026,3,4
2026-03-04,NCH6,NICKEL-3.26,NICKEL,24159478.12,1776.0,306,16090,220320048.2,2026,3,4
2026-03-04,NCM6,NICKEL-6.26,NICKEL,2616327.07,187.0,101,2866,40314359.72,2026,3,4
2026-03-04,NDH6,INDIA-3.26,INDIA,730020.92,1041.0,42,9682,6952547.38,2026,3,4
2026-03-04,NGH6,NG-3.26,NG,39669206298.61,1663868.0,177554,983464,22694169398.0,2026,3,4
2026-03-04,NGJ6,NG-4.26,NG,3503248267.16,145473.0,45135,113598,2654943161.22,2026,3,4
2026-03-04,NGK6,NG-5.26,NG,229558422.27,8876.0,5668,15374,388018390.14,2026,3,4
2026-03-04,NGM6,NG-6.26,NG,19779836.63,698.0,554,3194,89781647.18,2026,3,4
2026-03-04,NGN6,NG-7.26,NG,10065289.26,342.0,274,750,21963195.0,2026,3,4
2026-03-04,NGQ6,NG-8.26,NG,4044977.67,135.0,107,656,19955618.4,2026,3,4
2026-03-04,NGU6,NG-9.26,NG,3393823.14,110.0,90,318,10195636.5,2026,3,4
2026-03-04,NMH6,NLMK-3.26,NLMK,60130897.0,5368.0,1026,54992,610356208.0,2026,3,4
2026-03-04,NMM6,NLMK-6.26,NLMK,3121846.0,268.0,56,3876,44748420.0,2026,3,4
2026-03-04,NRH6,NGM-3.26,NGM,1068086438.74,4487389.0,56355,6536828,1508896007.24,2026,3,4
2026-03-04,NRJ6,NGM-4.26,NGM,98682993.01,410265.0,12123,642454,150449877.72,2026,3,4
2026-03-04,NRK6,NGM-5.26,NGM,12566467.8,48517.0,3197,75340,19114511.4,2026,3,4
2026-03-04,NRM6,NGM-6.26,NGM,3550125.16,12447.0,1396,32448,9153580.8,2026,3,4
2026-03-04,NRN6,NGM-7.26,NGM,6522539.26,21920.0,874,20970,6126175.8,2026,3,4
2026-03-04,NRQ6,NGM-8.26,NGM,833857.3,2794.0,322,13540,4000799.2,2026,3,4
2026-03-04,NRU6,NGM-9.26,NGM,943567.77,3093.0,285,21690,6555802.5,2026,3,4
2026-03-04,NVH6,NOTKM-3.26,NOTKM,626515558.0,48696.0,7957,125306,1622211476.0,2026,3,4
2026-03-04,NVM6,NOTKM-6.26,NOTKM,69514707.0,5374.0,1332,29116,379876452.0,2026,3,4
2026-03-04,OGH6,OGI-3.26,OGI,6313225.0,849.0,140,1422,10518534.0,2026,3,4
2026-03-04,OGM6,OGI-6.26,OGI,319653.0,41.0,31,380,2990600.0,2026,3,4
2026-03-04,OJK6,ORANGE-5.26,ORANGE,25167488.15,1723.0,761,3430,50889640.9,2026,3,4
2026-03-04,OJN6,ORANGE-7.26,ORANGE,310339.99,21.0,20,96,1422075.84,2026,3,4
2026-03-04,ONH6,OZON-3.26,OZON,24274143.0,5221.0,938,19942,92610648.0,2026,3,4
2026-03-04,ONM6,OZON-6.26,OZON,6287637.0,1307.0,353,10056,48298968.0,2026,3,4
2026-03-04,PDH6,PLD-3.26,PLD,2541984953.62,19160.0,9322,39690,5230692312.3,2026,3,4
2026-03-04,PDM6,PLD-6.26,PLD,456284451.05,3320.0,1884,14014,1909306318.92,2026,3,4
2026-03-04,PDU6,PLD-9.26,PLD,11192899.97,78.0,76,752,107463883.2,2026,3,4
2026-03-04,PDZ6,PLD-12.26,PLD,3856184.8,26.0,26,372,54717111.72,2026,3,4
2026-03-04,PHH6,PHOR-3.26,PHOR,67034639.0,9451.0,2089,19470,138587460.0,2026,3,4
2026-03-04,PHM6,PHOR-6.26,PHOR,39778503.0,5419.0,1239,10366,76480348.0,2026,3,4
2026-03-04,PIH6,PIKK-3.26,PIKK,19339122.0,4057.0,1328,55606,265852286.0,2026,3,4
2026-03-04,PIM6,PIKK-6.26,PIKK,759153.0,154.0,50,13828,68351804.0,2026,3,4
2026-03-04,PSH6,POSI-3.26,POSI,37049650.0,30841.0,1029,109528,134828968.0,2026,3,4
2026-03-04,PSM6,POSI-6.26,POSI,1457627.0,1168.0,71,6030,7718400.0,2026,3,4
2026-03-04,PTH6,PLT-3.26,PLT,7892172510.02,46749.0,19116,52280,8840968331.2,2026,3,4
2026-03-04,PTM6,PLT-6.26,PLT,649649900.73,3707.0,2037,11882,2085052528.26,2026,3,4
2026-03-04,PTU6,PLT-9.26,PLT,19791662.04,110.0,104,672,121822767.36,2026,3,4
2026-03-04,PTZ6,PLT-12.26,PLT,13698202.06,74.0,72,378,70433934.48,2026,3,4
2026-03-04,PXH6,PLZLM-3.26,PLZLM,143979996.0,5726.0,1755,43096,1079037648.0,2026,3,4
2026-03-04,PXM6,PLZLM-6.26,PLZLM,6959993.0,269.0,136,4476,115257000.0,2026,3,4
2026-03-04,R2H6,R2000-3.26,R2000,1592203.01,79.0,21,2132,43441759.92,2026,3,4
2026-03-04,R2M6,R2000-6.26,R2000,41358.96,2.0,2,740,15343115.6,2026,3,4
2026-03-04,RAH6,RASP-3.26,RASP,923974.0,548.0,85,8948,15023692.0,2026,3,4
2026-03-04,RAM6,RASP-6.26,RASP,26232.0,15.0,13,1496,2603040.0,2026,3,4
2026-03-04,RBH7,RGBI-3.27,RGBI,3049444.0,242.0,38,1076,13546840.0,2026,3,4
2026-03-04,RBM6,RGBI-6.26,RGBI,908344456.0,75827.0,5929,1172352,14024846976.0,2026,3,4
2026-03-04,RBU6,RGBI-9.26,RGBI,58154284.0,4774.0,686,81372,989646264.0,2026,3,4
2026-03-04,RBZ6,RGBI-12.26,RGBI,23687555.0,1913.0,84,42612,526812156.0,2026,3,4
2026-03-04,RDH6,RENI-3.26,RENI,9975265.0,1054.0,211,15180,142555380.0,2026,3,4
2026-03-04,RDM6,RENI-6.26,RENI,3086560.0,313.0,75,3446,33705326.0,2026,3,4
2026-03-04,RGBIF,RGBIF,RGBIF,185538549.0,15768.0,756,115844,1362904660.0,2026,3,4
2026-03-04,RIH6,RTS-3.26,RTS,12202212533.19,68126.0,32648,55330,9844055208.9,2026,3,4
2026-03-04,RIM6,RTS-6.26,RTS,370493854.69,2064.0,1388,4034,720974471.64,2026,3,4
2026-03-04,RIU6,RTS-9.26,RTS,5574737.31,31.0,27,340,60554697.0,2026,3,4
2026-03-04,RLH6,RUAL-3.26,RUAL,177729280.0,42437.0,4328,98996,415981192.0,2026,3,4
2026-03-04,RLM6,RUAL-6.26,RUAL,31676124.0,7296.0,1409,18752,81796224.0,2026,3,4
2026-03-04,RMH6,RTSM-3.26,RTSM,310061890.87,17319.0,4598,17588,313081349.8,2026,3,4
2026-03-04,RMM6,RTSM-6.26,RTSM,12605723.54,702.0,312,1952,34914311.36,2026,3,4
2026-03-04,RNH6,ROSN-3.26,ROSN,1467440606.0,32969.0,12974,62530,2762575400.0,2026,3,4
2026-03-04,RNM6,ROSN-6.26,ROSN,164987083.0,3585.0,2162,5706,261209268.0,2026,3,4
2026-03-04,RNU6,ROSN-9.26,ROSN,7551891.0,162.0,139,468,21813012.0,2026,3,4
2026-03-04,RQH6,RTKMP-3.26,RTKMP,1842882.0,301.0,45,2710,16585200.0,2026,3,4
2026-03-04,RQM6,RTKMP-6.26,RTKMP,739139.0,116.0,21,2446,15581020.0,2026,3,4
2026-03-04,RTH6,RTKM-3.26,RTKM,18134721.0,2925.0,648,35990,223677850.0,2026,3,4
2026-03-04,RTM6,RTKM-6.26,RTKM,2762753.0,428.0,124,4438,28682794.0,2026,3,4
2026-03-04,RUH6,RNFT-3.26,RNFT,308040134.0,217293.0,5092,154926,215966844.0,2026,3,4
2026-03-04,RUM6,RNFT-6.26,RNFT,20895657.0,14567.0,1295,33450,47231400.0,2026,3,4
2026-03-04,S0H6,SOFL-3.26,SOFL,6290935.0,7900.0,195,113130,89598960.0,2026,3,4
2026-03-04,S0M6,SOFL-6.26,SOFL,497121.0,599.0,40,15552,12877056.0,2026,3,4
2026-03-04,S1H6,SILVM-3.26,SILVM,5471399718.15,822713.0,119263,324432,2139690682.08,2026,3,4
2026-03-04,S1M6,SILVM-6.26,SILVM,295445358.76,43097.0,15860,30110,204601665.4,2026,3,4
2026-03-04,S1U6,SILVM-9.26,SILVM,75410303.02,10697.0,4644,11588,80860716.36,2026,3,4
2026-03-04,S1Z6,SILVM-12.26,SILVM,28737517.45,3948.0,1150,8126,58340454.48,2026,3,4
2026-03-04,SAK6,SUGR-5.26,SUGR,4851054.56,191.0,104,1904,48090775.04,2026,3,4
2026-03-04,SAN6,SUGR-7.26,SUGR,157622.24,6.0,5,46,1200180.48,2026,3,4
2026-03-04,SBERF,SBERF,SBERF,215372567.0,6900.0,1322,164430,5117883750.0,2026,3,4
2026-03-04,SCH6,SVCB-3.26,SVCB,69848211.0,50818.0,1529,623704,850732256.0,2026,3,4
2026-03-04,SCM6,SVCB-6.26,SVCB,13441615.0,9396.0,488,122810,174390200.0,2026,3,4
2026-03-04,SDH6,SAUDI-3.26,SAUDI,6789016.63,2331.0,143,1222,3656505.06,2026,3,4
2026-03-04,SDM6,SAUDI-6.26,SAUDI,224209.96,75.0,40,2442,7403899.8,2026,3,4
2026-03-04,SEH6,SPBE-3.26,SPBE,12220205.0,5026.0,416,99022,240128350.0,2026,3,4
2026-03-04,SEM6,SPBE-6.26,SPBE,4109577.0,1623.0,227,14568,36696792.0,2026,3,4
2026-03-04,SFH6,SPYF-3.26,SPYF,5791399339.86,110085.0,25030,351138,18606620028.24,2026,3,4
2026-03-04,SFM6,SPYF-6.26,SPYF,553285237.43,10527.0,4625,34448,1821978144.64,2026,3,4
2026-03-04,SFU6,SPYF-9.26,SPYF,32909942.18,626.0,464,4106,216894399.62,2026,3,4
2026-03-04,SFZ6,SPYF-12.26,SPYF,6698122.27,127.0,108,1328,70470253.6,2026,3,4
2026-03-04,SGH6,SNGP-3.26,SNGP,336536212.0,7259.0,2582,15702,732875148.0,2026,3,4
2026-03-04,SGM6,SNGP-6.26,SNGP,46892528.0,978.0,550,5736,276974232.0,2026,3,4
2026-03-04,SHH6,SFIN-3.26,SFIN,8318115.4,9750.0,665,158298,135408109.2,2026,3,4
2026-03-04,SHM6,SFIN-6.26,SFIN,576211.0,764.0,56,42722,32152577.2,2026,3,4
2026-03-04,SiH6,Si-3.26,Si,101668626505.0,1306207.0,301960,8074742,629296943028.0,2026,3,4
2026-03-04,SiH7,Si-3.27,Si,6755456.0,78.0,26,1080,93650040.0,2026,3,4
2026-03-04,SiM6,Si-6.26,Si,28844607680.0,364610.0,93408,3585530,284117397200.0,2026,3,4
2026-03-04,SiM7,Si-6.27,Si,5795830.0,65.0,30,1122,100215918.0,2026,3,4
2026-03-04,SiU6,Si-9.26,Si,2742904844.0,33852.0,2293,163996,13318771144.0,2026,3,4
2026-03-04,SiZ6,Si-12.26,Si,13330783.0,159.0,124,8942,751128000.0,2026,3,4
2026-03-04,SNH6,SNGR-3.26,SNGR,120620485.0,5338.0,1922,23416,523371016.0,2026,3,4
2026-03-04,SNM6,SNGR-6.26,SNGR,35017751.0,1492.0,729,3724,86508520.0,2026,3,4
2026-03-04,SOH6,SIBN-3.26,SIBN,36554063.0,6919.0,989,25674,134531760.0,2026,3,4
2026-03-04,SOM6,SIBN-6.26,SIBN,4950953.0,904.0,314,4686,25538700.0,2026,3,4
2026-03-04,SPH6,SBPR-3.26,SBPR,26797158.0,854.0,380,15576,487653408.0,2026,3,4
2026-03-04,SPM6,SBPR-6.26,SBPR,3059050.0,94.0,52,1760,57113760.0,2026,3,4
2026-03-04,SPU6,SBPR-9.26,SBPR,3451253.0,110.0,6,582,18312048.0,2026,3,4
2026-03-04,SPZ6,SBPR-12.26,SBPR,32764.0,1.0,1,326,10681064.0,2026,3,4
2026-03-04,SQH6,SOXQ-3.26,SOXQ,10595686.96,2248.0,343,22582,108611742.12,2026,3,4
2026-03-04,SQM6,SOXQ-6.26,SOXQ,411501.22,84.0,62,4344,21285209.04,2026,3,4
2026-03-04,SRH6,SBRF-3.26,SBRF,1775498217.0,56557.0,16377,568342,17810133254.0,2026,3,4
2026-03-04,SRM6,SBRF-6.26,SBRF,97663113.0,3002.0,1245,63158,2051434998.0,2026,3,4
2026-03-04,SRU6,SBRF-9.26,SBRF,17508259.0,562.0,143,10808,335858600.0,2026,3,4
2026-03-04,SRZ6,SBRF-12.26,SBRF,1425513.0,44.0,20,1104,35791680.0,2026,3,4
2026-03-04,SSH6,SMLT-3.26,SMLT,35210365.0,41697.0,1735,725304,609980664.0,2026,3,4
2026-03-04,SSM6,SMLT-6.26,SMLT,12866483.0,14649.0,2757,162658,142000434.0,2026,3,4
2026-03-04,SuH6,SUGAR-3.26,SUGAR,117325.0,22.0,17,298,1591320.0,2026,3,4
2026-03-04,SVH6,SILV-3.26,SILV,93780628906.64,1409230.0,261447,852018,56172251672.64,2026,3,4
2026-03-04,SVM6,SILV-6.26,SILV,5228305911.96,76437.0,32704,126396,8586807057.0,2026,3,4
2026-03-04,SVU6,SILV-9.26,SILV,255483489.47,3635.0,2769,6498,452315838.06,2026,3,4
2026-03-04,SVZ6,SILV-12.26,SILV,82255577.76,1140.0,860,4360,311464404.4,2026,3,4
2026-03-04,SXH6,STOX-3.26,STOX,2633180.69,493.0,89,6684,35710138.92,2026,3,4
2026-03-04,SXM6,STOX-6.26,STOX,709490.07,133.0,36,768,4119037.44,2026,3,4
2026-03-04,SZH6,SGZH-3.26,SGZH,6642061.0,5250.0,181,71560,91095880.0,2026,3,4
2026-03-04,SZM6,SGZH-6.26,SGZH,452895.0,354.0,52,16668,21518388.0,2026,3,4
2026-03-04,TBH6,T-3.26,T,186156358.0,54512.0,2749,362676,1234186428.0,2026,3,4
2026-03-04,TBM6,T-6.26,T,22593785.0,6393.0,576,70072,246793584.0,2026,3,4
2026-03-04,TCH6,TENCENT-3.26,TENCENT,1013262.26,20.0,2,48,2431231.2,2026,3,4
2026-03-04,TLH6,TLT-3.26,TLT,138983.52,2.0,2,1708,118625484.88,2026,3,4
2026-03-04,TLM6,TLT-6.26,TLT,6635638.95,95.0,2,1720,120034345.2,2026,3,4
2026-03-04,TNH6,TRNF-3.26,TRNF,38304304.0,26756.0,1233,111196,159232672.0,2026,3,4
2026-03-04,TNM6,TRNF-6.26,TRNF,2730874.0,1837.0,171,21140,31435180.0,2026,3,4
2026-03-04,TPH6,TATP-3.26,TATP,54518541.0,9383.0,1126,11086,64065994.0,2026,3,4
2026-03-04,TPM6,TATP-6.26,TATP,3091325.0,522.0,214,1448,8511344.0,2026,3,4
2026-03-04,TRM6,UTRY-6.26,UTRY,74771.62,1.0,1,2,160079.62,2026,3,4
2026-03-04,TTH6,TATN-3.26,TATN,446749491.0,7218.0,3419,13938,864894714.0,2026,3,4
2026-03-04,TTM6,TATN-6.26,TATN,19655486.0,316.0,195,972,60646968.0,2026,3,4
2026-03-04,TYH6,TRY-3.26,TRY,46846.0,27.0,17,1876,3254860.0,2026,3,4
2026-03-04,TYM6,TRY-6.26,TRY,34090.0,20.0,15,912,1546752.0,2026,3,4
2026-03-04,UCH6,UCNY-3.26,UCNY,3393756495.91,43675.0,7263,93782,7278892743.46,2026,3,4
2026-03-04,UCM6,UCNY-6.26,UCNY,143751633.48,1858.0,664,19532,1510691602.08,2026,3,4
2026-03-04,UCZ6,UCNY-12.26,UCNY,79294.97,1.0,1,12,925833.24,2026,3,4
2026-03-04,UNH6,UPRO-3.26,UPRO,4525396.0,288.0,76,7726,121004612.0,2026,3,4
2026-03-04,UNM6,UPRO-6.26,UPRO,2568188.0,157.0,39,1020,16615800.0,2026,3,4
2026-03-04,USDRUBF,USDRUBF,USDRUBTOM,18127482520.0,232536.0,28651,1453648,113093814400.0,2026,3,4
2026-03-04,VBH6,VTBR-3.26,VTBR,918538789.0,108103.0,15983,1025200,8658839200.0,2026,3,4
2026-03-04,VBM6,VTBR-6.26,VTBR,327121314.0,37022.0,4507,278868,2448739908.0,2026,3,4
2026-03-04,VIH6,RVI-3.26,RVI,594298.01,143.0,69,422,1769644.34,2026,3,4
2026-03-04,VIJ6,RVI-4.26,RVI,13389.53,3.0,3,70,322406.7,2026,3,4
2026-03-04,VKH6,VKCO-3.26,VKCO,77212996.0,25400.0,2299,135782,414542446.0,2026,3,4
2026-03-04,VKM6,VKCO-6.26,VKCO,17780967.0,5610.0,681,42142,133800850.0,2026,3,4
2026-03-04,W4F7,WHEAT-1.27,WHEAT,325180.0,19.0,9,78,1396200.0,2026,3,4
2026-03-04,W4G7,WHEAT-2.27,WHEAT,18470.0,1.0,1,6,110820.0,2026,3,4
2026-03-04,W4H6,WHEAT-3.26,WHEAT,2038650.0,125.0,28,3728,60803680.0,2026,3,4
2026-03-04,W4J6,WHEAT-4.26,WHEAT,99440.0,6.0,6,582,9643740.0,2026,3,4
2026-03-04,W4K6,WHEAT-5.26,WHEAT,335170.0,20.0,13,1034,17329840.0,2026,3,4
2026-03-04,W4M6,WHEAT-6.26,WHEAT,370390.0,22.0,3,1830,30908700.0,2026,3,4
2026-03-04,W4N6,WHEAT-7.26,WHEAT,84330.0,5.0,5,342,5762700.0,2026,3,4
2026-03-04,W4Q6,WHEAT-8.26,WHEAT,471130.0,29.0,20,314,5256360.0,2026,3,4
2026-03-04,W4U6,WHEAT-9.26,WHEAT,341640.0,21.0,13,220,3702600.0,2026,3,4
2026-03-04,W4V6,WHEAT-10.26,WHEAT,17230.0,1.0,1,42,723660.0,2026,3,4
2026-03-04,W4X6,WHEAT-11.26,WHEAT,617530.0,35.0,9,118,2087420.0,2026,3,4
2026-03-04,WUH6,WUSH-3.26,WUSH,48173932.0,47465.0,2019,304722,310511718.0,2026,3,4
2026-03-04,WUM6,WUSH-6.26,WUSH,5689501.0,5401.0,540,21688,22880840.0,2026,3,4
2026-03-04,X5H6,X5-3.26,X5,59397158.0,24560.0,1531,643470,1553336580.0,2026,3,4
2026-03-04,X5M6,X5-6.26,X5,16973163.0,6741.0,608,160744,404110416.0,2026,3,4
2026-03-04,XIH6,XIA-3.26,XIA,10325124.61,316.0,32,1586,52152501.44,2026,3,4
2026-03-04,XIM6,XIA-6.26,XIA,304631.76,9.0,9,294,10025238.3,2026,3,4
2026-03-04,YDH6,YDEX-3.26,YDEX,264024551.0,57265.0,5798,338058,1551686220.0,2026,3,4
2026-03-04,YDM6,YDEX-6.26,YDEX,23903640.0,5068.0,795,75198,353505798.0,2026,3,4
2026-03-04,ZCH6,ZINC-3.26,ZINC,7720679.23,300.0,137,5500,141765085.0,2026,3,4
2026-03-04,ZCM6,ZINC-6.26,ZINC,1134424.2,43.0,43,1300,34489182.0,2026,3,4
2026-03-05,AAH6,AFRICA-3.26,AFRICA,198754.27,34.0,10,654,3864368.28,2026,3,5
2026-03-05,AAM6,AFRICA-6.26,AFRICA,85582.86,14.0,6,380,2270902.8,2026,3,5
2026-03-05,AEH6,AED-3.26,AED,106501.0,5.0,4,426,9173058.0,2026,3,5
2026-03-05,AEM6,AED-6.26,AED,87546.0,4.0,3,154,3419416.0,2026,3,5
2026-03-05,AFH6,AFLT-3.26,AFLT,90233709.0,17103.0,2461,109258,568906406.0,2026,3,5
2026-03-05,AFM6,AFLT-6.26,AFLT,24686558.0,4499.0,1234,36152,195943840.0,2026,3,5
2026-03-05,AFU6,AFLT-9.26,AFLT,45100.0,8.0,4,16,85456.0,2026,3,5
2026-03-05,AGH6,ARGT-3.26,ARGT,128772.63,19.0,15,1436,9761698.24,2026,3,5
2026-03-05,AGM6,ARGT-6.26,ARGT,69509.38,10.0,10,104,730638.48,2026,3,5
2026-03-05,AKH6,AFKS-3.26,AFKS,94494052.0,7037.0,1118,38390,515040240.0,2026,3,5
2026-03-05,AKM6,AFKS-6.26,AFKS,6020833.0,430.0,147,2190,30572400.0,2026,3,5
2026-03-05,ALH6,ALRS-3.26,ALRS,38027476.0,9548.0,665,128524,509340612.0,2026,3,5
2026-03-05,ALM6,ALRS-6.26,ALRS,2350702.0,577.0,105,12334,50076040.0,2026,3,5
2026-03-05,ANH6,ALUM-3.26,ALUM,687987394.41,26301.0,5821,40514,1053290264.52,2026,3,5
2026-03-05,ANM6,ALUM-6.26,ALUM,220713871.74,8168.0,2854,23734,633742657.26,2026,3,5
2026-03-05,ANU6,ALUM-9.26,ALUM,1339969.34,49.0,39,26,692927.56,2026,3,5
2026-03-05,ASH6,ASTR-3.26,ASTR,3224530.0,12578.0,172,209226,53771082.0,2026,3,5
2026-03-05,ASM6,ASTR-6.26,ASTR,392928.0,1473.0,48,54830,14584780.0,2026,3,5
2026-03-05,BBH6,ALIBABA-3.26,ALIBABA,41173360.86,3994.0,583,28940,298737201.6,2026,3,5
2026-03-05,BBM6,ALIBABA-6.26,ALIBABA,5930408.2,558.0,200,2628,27929280.24,2026,3,5
2026-03-05,BDH6,BAIDU-3.26,BAIDU,7044758.54,755.0,132,5528,52209582.96,2026,3,5
2026-03-05,BDM6,BAIDU-6.26,BAIDU,770436.56,80.0,52,956,9304088.36,2026,3,5
2026-03-05,BMJ6,BRM-4.26,BRM,1916014662.48,291715.0,38083,101790,678262396.5,2026,3,5
2026-03-05,BMK6,BRM-5.26,BRM,125237559.96,19898.0,4189,12374,78543470.04,2026,3,5
2026-03-05,BMM6,BRM-6.26,BRM,16113590.5,2596.0,582,9500,59394665.0,2026,3,5
2026-03-05,BMN6,BRM-7.26,BRM,5710498.87,936.0,251,2770,17034502.8,2026,3,5
2026-03-05,BMQ6,BRM-8.26,BRM,8576039.33,1412.0,284,4648,28329141.68,2026,3,5
2026-03-05,BMU6,BRM-9.26,BRM,6653753.55,1105.0,234,1292,7777646.2,2026,3,5
2026-03-05,BMV6,BRM-10.26,BRM,3891761.08,645.0,189,1908,11551509.0,2026,3,5
2026-03-05,BNH6,BANE-3.26,BANE,22698689.0,13592.0,549,15494,25735534.0,2026,3,5
2026-03-05,BNM6,BANE-6.26,BANE,1328756.0,773.0,136,3852,6640848.0,2026,3,5
2026-03-05,BNU6,BANE-9.26,BANE,6864.0,4.0,4,4,7116.0,2026,3,5
2026-03-05,BRJ6,BR-4.26,BR,68389706633.73,1043295.0,169100,453492,30224860866.72,2026,3,5
2026-03-05,BRK6,BR-5.26,BR,2980423760.45,47485.0,19563,47080,2987282025.2,2026,3,5
2026-03-05,BRM6,BR-6.26,BR,318257798.69,5141.0,3208,18168,1133745697.92,2026,3,5
2026-03-05,BRN6,BR-7.26,BR,57522178.57,944.0,737,4410,271578560.4,2026,3,5
2026-03-05,BRQ6,BR-8.26,BR,41791577.79,695.0,527,3334,202813287.88,2026,3,5
2026-03-05,BRU6,BR-9.26,BR,25770079.38,434.0,332,1478,88927136.38,2026,3,5
2026-03-05,BRV6,BR-10.26,BR,21488519.85,365.0,234,2824,167394972.16,2026,3,5
2026-03-05,BSH6,BSPB-3.26,BSPB,5020862.0,1479.0,122,17720,60531520.0,2026,3,5
2026-03-05,BSM6,BSPB-6.26,BSPB,396962.0,123.0,51,6316,20520684.0,2026,3,5
2026-03-05,BTH6,BTC-3.26,BTC,981484533.89,170849.0,20858,395068,2227752895.88,2026,3,5
2026-03-05,BTJ6,BTC-4.26,BTC,133535508.79,22988.0,5585,75044,428951504.0,2026,3,5
2026-03-05,BTK6,BTC-5.26,BTC,18730425.18,3180.0,900,15330,88871689.2,2026,3,5
2026-03-05,BZH6,BRAZIL-3.26,BRAZIL,420937.9,144.0,16,3742,10972030.46,2026,3,5
2026-03-05,BZM6,BRAZIL-6.26,BRAZIL,463212.48,152.0,35,1542,4700987.46,2026,3,5
2026-03-05,CAH6,UCAD-3.26,UCAD,78155.72,1.0,1,52,4068858.56,2026,3,5
2026-03-05,CCH6,COCOA-3.26,COCOA,2882197085.0,1200575.0,63392,2025530,4893680480.0,2026,3,5
2026-03-05,CCJ6,COCOA-4.26,COCOA,52056817.0,20378.0,2328,96004,245866244.0,2026,3,5
2026-03-05,CEH6,COPPER-3.26,COPPER,464091592.02,45777.0,4236,344374,3494535165.0,2026,3,5
2026-03-05,CEM6,COPPER-6.26,COPPER,64195637.6,6151.0,1577,107200,1120249648.0,2026,3,5
2026-03-05,CFH6,UCHF-3.26,UCHF,1017884.82,13.0,9,788,61835116.48,2026,3,5
2026-03-05,CFM6,UCHF-6.26,UCHF,315670.02,4.0,3,88,6949597.6,2026,3,5
2026-03-05,CHH6,CHMF-3.26,CHMF,58010927.0,608.0,439,3284,309993180.0,2026,3,5
2026-03-05,CHM6,CHMF-6.26,CHMF,19248514.0,194.0,144,684,67207788.0,2026,3,5
2026-03-05,CIH6,CHINA-3.26,CHINA,720328.33,162.0,36,1900,8497693.0,2026,3,5
2026-03-05,CIM6,CHINA-6.26,CHINA,308620.6,67.0,36,1274,5897154.9,2026,3,5
2026-03-05,CMH6,CBOM-3.26,CBOM,9855647.0,1720.0,308,10424,60730224.0,2026,3,5
2026-03-05,CMM6,CBOM-6.26,CBOM,4740418.0,795.0,181,1024,6211584.0,2026,3,5
2026-03-05,CNYRUBF,CNYRUBF,CNYRUBTOM,27438589598.0,2414851.0,41569,15369092,175453554272.0,2026,3,5
2026-03-05,CRH6,CNY-3.26,CNY,102261699353.0,8970622.0,255498,32899016,376989824344.0,2026,3,5
2026-03-05,CRH7,CNY-3.27,CNY,1472841.0,117.0,48,5896,74549024.0,2026,3,5
2026-03-05,CRM6,CNY-6.26,CNY,24533557485.0,2108711.0,72534,9343124,109239805808.0,2026,3,5
2026-03-05,CRM7,CNY-6.27,CNY,23839015.0,1802.0,266,2088,27569952.0,2026,3,5
2026-03-05,CRU6,CNY-9.26,CNY,134668757.0,11290.0,1040,117794,1409287416.0,2026,3,5
2026-03-05,CRZ6,CNY-12.26,CNY,21307433.0,1743.0,282,39564,485015076.0,2026,3,5
2026-03-05,CSH6,CNI-3.26,CNI,14407.0,2.0,2,380,2735240.0,2026,3,5
2026-03-05,CSM6,CNI-6.26,CNI,663427.0,86.0,6,258,1946610.0,2026,3,5
2026-03-05,DJH6,DJ30-3.26,DJ30,6075949.51,160.0,49,1278,48164727.24,2026,3,5
2026-03-05,DJM6,DJ30-6.26,DJ30,797733.49,21.0,15,242,9154453.44,2026,3,5
2026-03-05,DXH6,DAX-3.26,DAX,17064936.86,950.0,226,10504,186684755.92,2026,3,5
2026-03-05,DXM6,DAX-6.26,DAX,7103254.31,396.0,100,1678,29761695.98,2026,3,5
2026-03-05,EAH6,ENPG-3.26,ENPG,15468848.0,3072.0,341,6818,34355902.0,2026,3,5
2026-03-05,EAM6,ENPG-6.26,ENPG,1698897.0,324.0,84,2442,12820500.0,2026,3,5
2026-03-05,EDH6,ED-3.26,ED,4686242322.25,51480.0,6784,357208,32429631943.28,2026,3,5
2026-03-05,EDM6,ED-6.26,ED,746157396.39,8167.0,2686,83952,7649270529.12,2026,3,5
2026-03-05,EDU6,ED-9.26,ED,823215.59,9.0,9,154,14073824.38,2026,3,5
2026-03-05,EDZ6,ED-12.26,ED,182667.48,2.0,2,36,3280133.16,2026,3,5
2026-03-05,EHH6,ETH-3.26,ETH,254374350.6,151669.0,11343,174126,286853431.14,2026,3,5
2026-03-05,EHJ6,ETH-4.26,ETH,46212120.04,26994.0,3635,43742,73527240.06,2026,3,5
2026-03-05,EHK6,ETH-5.26,ETH,10307949.43,5950.0,1482,13740,23539642.8,2026,3,5
2026-03-05,EMH6,EM-3.26,EM,412971.37,90.0,23,2266,10405698.6,2026,3,5
2026-03-05,EMM6,EM-6.26,EM,57092.76,12.0,8,916,4332414.36,2026,3,5
2026-03-05,ETH6,ETHA-3.26,ETHA,165486902.04,129964.0,5216,554884,694614888.88,2026,3,5
2026-03-05,ETM6,ETHA-6.26,ETHA,18878967.7,14101.0,1394,199478,263125445.46,2026,3,5
2026-03-05,EuH6,Eu-3.26,Eu,9977693449.0,109163.0,23574,1064386,97867099542.0,2026,3,5
2026-03-05,EuM6,Eu-6.26,Eu,3793638954.0,40664.0,5333,681654,63961639782.0,2026,3,5
2026-03-05,EURRUBF,EURRUBF,EURRUBTOM,1021367290.0,11185.0,2607,96114,8726190060.0,2026,3,5
2026-03-05,EuU6,Eu-9.26,Eu,1349582.0,14.0,14,436,42082720.0,2026,3,5
2026-03-05,EuZ6,Eu-12.26,Eu,297484.0,3.0,3,148,14751604.0,2026,3,5
2026-03-05,FEH6,FESH-3.26,FESH,23684751.0,4104.0,231,6972,40779228.0,2026,3,5
2026-03-05,FEM6,FESH-6.26,FESH,1695809.0,287.0,56,1818,10908000.0,2026,3,5
2026-03-05,FFH6,TTF-3.26,TTF,5280535967.87,1086294.0,138527,339996,1632810390.24,2026,3,5
2026-03-05,FFJ6,TTF-4.26,TTF,914374878.54,184056.0,36716,115184,559491306.08,2026,3,5
2026-03-05,FLH6,FLOT-3.26,FLOT,10812139.0,1384.0,280,13484,106550568.0,2026,3,5
2026-03-05,FLM6,FLOT-6.26,FLOT,145558.0,18.0,11,1446,11849970.0,2026,3,5
2026-03-05,FNH6,FNI-3.26,FNI,1978576.0,200.0,3,454,4480526.0,2026,3,5
2026-03-05,FSH6,FEES-3.26,FEES,20307021.0,2768.0,446,31964,234711652.0,2026,3,5
2026-03-05,FSM6,FEES-6.26,FEES,3793992.0,497.0,113,3752,28684040.0,2026,3,5
2026-03-05,GAZPF,GAZPF,GAZPF,301701549.0,23582.0,3693,318326,4065023020.0,2026,3,5
2026-03-05,GDH6,GOLD-3.26,GOLD,98217278199.45,244699.0,82319,344038,137030287234.68,2026,3,5
2026-03-05,GDM6,GOLD-6.26,GOLD,7274771438.92,17962.0,9743,79120,31762178072.0,2026,3,5
2026-03-05,GDU6,GOLD-9.26,GOLD,235392199.2,579.0,477,11446,4614427887.44,2026,3,5
2026-03-05,GDZ6,GOLD-12.26,GOLD,71630070.24,175.0,167,5226,2116370450.22,2026,3,5
2026-03-05,GKH6,GMKN-3.26,GMKN,197913045.0,122435.0,4838,1403560,2266749400.0,2026,3,5
2026-03-05,GKM6,GMKN-6.26,GMKN,10377647.0,6252.0,901,202224,334882944.0,2026,3,5
2026-03-05,GLDRUBF,GLDRUBF,GLDRUBTOM,8639318008.9,665562.0,49587,982930,12719900544.0,2026,3,5
2026-03-05,GLH6,GL-3.26,GL,3863149899.7,296435.0,24371,841824,10950025680.0,2026,3,5
2026-03-05,GLM6,GL-6.26,GL,756948616.7,56380.0,7333,778144,10425184240.0,2026,3,5
2026-03-05,GLU6,GL-9.26,GL,9695721.7,704.0,281,11380,156365752.0,2026,3,5
2026-03-05,GLZ6,GL-12.26,GL,2785852.3,197.0,160,7130,100888074.0,2026,3,5
2026-03-05,GNH6,GOLDM-3.26,GOLDM,841500315.18,20961.0,8672,10434,415659466.68,2026,3,5
2026-03-05,GNM6,GOLDM-6.26,GOLDM,174063428.71,4284.0,1597,4976,200026541.76,2026,3,5
2026-03-05,GNU6,GOLDM-9.26,GOLDM,22632660.14,558.0,284,926,37282963.88,2026,3,5
2026-03-05,GNZ6,GOLDM-12.26,GOLDM,2034997.24,50.0,45,116,4697192.64,2026,3,5
2026-03-05,GUH6,GBPU-3.26,GBPU,3429045.92,33.0,15,4834,502171533.82,2026,3,5
2026-03-05,GZH6,GAZR-3.26,GAZR,1612635746.0,125425.0,24317,1485930,19082313060.0,2026,3,5
2026-03-05,GZM6,GAZR-6.26,GAZR,162870902.0,12182.0,3233,96256,1285402624.0,2026,3,5
2026-03-05,GZU6,GAZR-9.26,GAZR,4247401.0,307.0,109,8814,121853550.0,2026,3,5
2026-03-05,GZZ6,GAZR-12.26,GAZR,1369469.0,95.0,47,1874,27026828.0,2026,3,5
2026-03-05,HDH6,HEAD-3.26,HEAD,4967714.0,1686.0,161,31664,93123824.0,2026,3,5
2026-03-05,HDM6,HEAD-6.26,HEAD,665334.0,227.0,48,5564,16358160.0,2026,3,5
2026-03-05,HKH6,HKD-3.26,HKD,149588.0,15.0,5,318,3189540.0,2026,3,5
2026-03-05,HKM6,HKD-6.26,HKD,133352.0,13.0,5,170,1742670.0,2026,3,5
2026-03-05,HOH6,HOME-3.26,HOME,963400.0,28.0,5,1360,46770400.0,2026,3,5
2026-03-05,HOM6,HOME-6.26,HOME,71780.0,2.0,2,86,3086540.0,2026,3,5
2026-03-05,HSH6,HANG-3.26,HANG,56885228.38,22217.0,670,90522,230438234.52,2026,3,5
2026-03-05,HSM6,HANG-6.26,HANG,2551076.48,986.0,157,5004,12941945.28,2026,3,5
2026-03-05,HYH6,HYDR-3.26,HYDR,32335763.0,7283.0,469,21958,97493520.0,2026,3,5
2026-03-05,HYM6,HYDR-6.26,HYDR,1108149.0,241.0,45,6812,31328388.0,2026,3,5
2026-03-05,I2H6,INR-3.26,INR,144757.0,17.0,7,170,1460130.0,2026,3,5
2026-03-05,I2M6,INR-6.26,INR,156067.0,18.0,8,200,1763200.0,2026,3,5
2026-03-05,IBH6,IBIT-3.26,IBIT,868120248.14,266588.0,13300,1449046,4638541150.6,2026,3,5
2026-03-05,IBM6,IBIT-6.26,IBIT,53314459.83,15755.0,1887,275786,919260926.64,2026,3,5
2026-03-05,IMOEXF,IMOEXF,IMOEX,8703289640.0,308571.0,17848,1219788,34459011000.0,2026,3,5
2026-03-05,IPH6,IPO-3.26,IPO,13538.0,23.0,15,912,538080.0,2026,3,5
2026-03-05,IPM6,IPO-6.26,IPO,4216.0,7.0,6,266,158270.0,2026,3,5
2026-03-05,IRH6,IRAO-3.26,IRAO,13771293.0,424.0,181,6740,218531020.0,2026,3,5
2026-03-05,IRM6,IRAO-6.26,IRAO,3342192.0,108.0,64,2634,81214122.0,2026,3,5
2026-03-05,ISH6,ISKJ-3.26,ISKJ,111267.0,165.0,14,7372,4976100.0,2026,3,5
2026-03-05,ISM6,ISKJ-6.26,ISKJ,6990.0,10.0,1,758,529842.0,2026,3,5
2026-03-05,IVH6,IVAT-3.26,IVAT,1232132.0,80.0,35,1696,25926752.0,2026,3,5
2026-03-05,IVM6,IVAT-6.26,IVAT,336285.0,21.0,8,164,2605304.0,2026,3,5
2026-03-05,JPH6,UJPY-3.26,UJPY,7868046.0,101.0,60,1612,126645667.72,2026,3,5
2026-03-05,JPM6,UJPY-6.26,UJPY,231578.19,3.0,3,86,6657757.08,2026,3,5
2026-03-05,KCJ6,COFFEE-4.26,COFFEE,53092894.86,23183.0,1580,228134,522112035.08,2026,3,5
2026-03-05,KCM6,COFFEE-6.26,COFFEE,1479285.69,637.0,138,4702,10908169.8,2026,3,5
2026-03-05,KMH6,KMAZ-3.26,KMAZ,1084855.0,1288.0,37,17760,14953920.0,2026,3,5
2026-03-05,KMM6,KMAZ-6.26,KMAZ,145827.0,166.0,17,5050,4433900.0,2026,3,5
2026-03-05,KZH6,KZT-3.26,KZT,31422.0,2.0,2,112,1752128.0,2026,3,5
2026-03-05,LEH6,LEAS-3.26,LEAS,751117.0,1123.0,19,71252,47667588.0,2026,3,5
2026-03-05,LEM6,LEAS-6.26,LEAS,9493.0,14.0,4,156,106080.0,2026,3,5
2026-03-05,LKH6,LKOH-3.26,LKOH,481259748.0,8832.0,3928,297606,16189766400.0,2026,3,5
2026-03-05,LKM6,LKOH-6.26,LKOH,25883059.0,477.0,361,10670,578153950.0,2026,3,5
2026-03-05,LKU6,LKOH-9.26,LKOH,500935.0,9.0,9,538,29916566.0,2026,3,5
2026-03-05,LKZ6,LKOH-12.26,LKOH,56387.0,1.0,1,164,9247468.0,2026,3,5
2026-03-05,MAH6,MMI-3.26,MMI,6951.0,1.0,1,210,1477980.0,2026,3,5
2026-03-05,MAM6,MMI-6.26,MMI,21698.0,3.0,3,132,963336.0,2026,3,5
2026-03-05,MCH6,MTLR-3.26,MTLR,37099324.0,5193.0,885,29648,211182704.0,2026,3,5
2026-03-05,MCM6,MTLR-6.26,MTLR,2264229.0,316.0,113,3136,22359680.0,2026,3,5
2026-03-05,MCU6,MTLR-9.26,MTLR,2120240.0,272.0,1,544,4161056.0,2026,3,5
2026-03-05,MDH6,MDMG-3.26,MDMG,5313529.0,376.0,136,3474,49480182.0,2026,3,5
2026-03-05,MDM6,MDMG-6.26,MDMG,541154.0,37.0,21,832,12247040.0,2026,3,5
2026-03-05,MEH6,MOEX-3.26,MOEX,133027342.0,7472.0,1913,16912,301710080.0,2026,3,5
2026-03-05,MEM6,MOEX-6.26,MOEX,67182448.0,3762.0,931,5042,89747600.0,2026,3,5
2026-03-05,MEU6,MOEX-9.26,MOEX,67230.0,4.0,4,6,99018.0,2026,3,5
2026-03-05,MGH6,MAGN-3.26,MAGN,140891403.0,4600.0,1856,27564,840150720.0,2026,3,5
2026-03-05,MGM6,MAGN-6.26,MAGN,39053265.0,1226.0,734,7902,250493400.0,2026,3,5
2026-03-05,MMH6,MXI-3.26,MXI,3463335453.0,122046.0,28763,353850,10069863300.0,2026,3,5
2026-03-05,MMH7,MXI-3.27,MXI,247962.0,8.0,6,804,24915960.0,2026,3,5
2026-03-05,MMM6,MXI-6.26,MXI,100848097.5,3452.0,1727,36142,1058129334.0,2026,3,5
2026-03-05,MMM7,MXI-6.27,MXI,219150.5,7.0,6,1136,35597696.0,2026,3,5
2026-03-05,MMU6,MXI-9.26,MXI,4512268.5,152.0,108,9128,270955552.0,2026,3,5
2026-03-05,MMU7,MXI-9.27,MXI,32072.0,1.0,1,282,9027243.0,2026,3,5
2026-03-05,MMZ6,MXI-12.26,MXI,243239.0,8.0,7,1274,38853815.0,2026,3,5
2026-03-05,MMZ7,MXI-12.27,MXI,33000.0,1.0,1,488,16129620.0,2026,3,5
2026-03-05,MNH6,MGNT-3.26,MGNT,89778041.0,27612.0,1580,199424,643541248.0,2026,3,5
2026-03-05,MNM6,MGNT-6.26,MGNT,8214717.0,2433.0,277,35160,118067280.0,2026,3,5
2026-03-05,MTH6,MTSI-3.26,MTSI,88967771.0,3865.0,1355,18626,427988228.0,2026,3,5
2026-03-05,MTM6,MTSI-6.26,MTSI,15290184.0,640.0,404,2638,63008630.0,2026,3,5
2026-03-05,MVH6,MVID-3.26,MVID,7343965.0,10064.0,197,288140,212935460.0,2026,3,5
2026-03-05,MVM6,MVID-6.26,MVID,736033.0,1116.0,114,110776,73887592.0,2026,3,5
2026-03-05,MXH6,MIX-3.26,MIX,20635749150.0,72708.0,29428,389738,110909691350.0,2026,3,5
2026-03-05,MXH7,MIX-3.27,MIX,310600.0,1.0,1,48,14908800.0,2026,3,5
2026-03-05,MXM6,MIX-6.26,MIX,746467100.0,2558.0,1589,21590,6319393000.0,2026,3,5
2026-03-05,MXU6,MIX-9.26,MIX,14821450.0,50.0,47,1932,572934600.0,2026,3,5
2026-03-05,MXZ6,MIX-12.26,MIX,6353400.0,21.0,20,416,125673600.0,2026,3,5
2026-03-05,MYH6,MOEXCNY-3.26,MOEXCNY,2618138.13,200.0,23,2906,38015100.54,2026,3,5
2026-03-05,MYM6,MOEXCNY-6.26,MOEXCNY,413261.4,31.0,18,726,9705269.64,2026,3,5
2026-03-05,N2H6,NIKK-3.26,NIKK,14533487.26,5048.0,280,65082,187078209.0,2026,3,5
2026-03-05,N2M6,NIKK-6.26,NIKK,915832.86,320.0,105,5254,14892147.76,2026,3,5
2026-03-05,NAH6,NASD-3.26,NASD,3419115827.06,175904.0,21894,829642,16115580143.08,2026,3,5
2026-03-05,NAM6,NASD-6.26,NASD,156821707.97,8093.0,2397,83444,1617289912.56,2026,3,5
2026-03-05,NAU6,NASD-9.26,NASD,8807593.14,454.0,181,6818,132006093.38,2026,3,5
2026-03-05,NAZ6,NASD-12.26,NASD,681408.67,35.0,27,2272,44088591.68,2026,3,5
2026-03-05,NBH6,BELUGA-3.26,BELUGA,2696735.0,6232.0,58,182936,79028352.0,2026,3,5
2026-03-05,NBM6,BELUGA-6.26,BELUGA,135068.0,308.0,21,19422,8506836.0,2026,3,5
2026-03-05,NCH6,NICKEL-3.26,NICKEL,21367156.25,1581.0,339,16240,220247854.4,2026,3,5
2026-03-05,NCM6,NICKEL-6.26,NICKEL,2896294.59,208.0,124,2964,41310364.68,2026,3,5
2026-03-05,NDH6,INDIA-3.26,INDIA,1602851.19,2232.0,169,9448,6776483.52,2026,3,5
2026-03-05,NGH6,NG-3.26,NG,27439261063.96,1168633.0,120907,1011618,23816532690.18,2026,3,5
2026-03-05,NGJ6,NG-4.26,NG,2453612675.21,103350.0,30746,129246,3075178512.12,2026,3,5
2026-03-05,NGK6,NG-5.26,NG,132418255.94,5162.0,3128,17114,438375794.56,2026,3,5
2026-03-05,NGM6,NG-6.26,NG,20401147.52,716.0,431,3756,106371497.52,2026,3,5
2026-03-05,NGN6,NG-7.26,NG,5884274.65,200.0,144,778,22787596.66,2026,3,5
2026-03-05,NGQ6,NG-8.26,NG,4500538.23,149.0,101,780,23767099.2,2026,3,5
2026-03-05,NGU6,NG-9.26,NG,4577391.19,148.0,86,378,11816416.08,2026,3,5
2026-03-05,NMH6,NLMK-3.26,NLMK,55079114.0,5013.0,1117,57852,629198352.0,2026,3,5
2026-03-05,NMM6,NLMK-6.26,NLMK,5411736.0,475.0,174,4170,47179380.0,2026,3,5
2026-03-05,NRH6,NGM-3.26,NGM,594883295.68,2533885.0,34229,6712498,1580323404.14,2026,3,5
2026-03-05,NRJ6,NGM-4.26,NGM,76546688.1,321723.0,6852,768912,183247107.84,2026,3,5
2026-03-05,NRK6,NGM-5.26,NGM,10334393.17,40104.0,2200,88002,22576033.08,2026,3,5
2026-03-05,NRM6,NGM-6.26,NGM,6550507.12,22865.0,927,51456,14649008.64,2026,3,5
2026-03-05,NRN6,NGM-7.26,NGM,2134628.52,7191.0,652,22108,6513458.96,2026,3,5
2026-03-05,NRQ6,NGM-8.26,NGM,1248323.17,4137.0,511,14650,4394121.0,2026,3,5
2026-03-05,NRU6,NGM-9.26,NGM,658291.85,2156.0,176,22664,6912973.28,2026,3,5
2026-03-05,NVH6,NOTKM-3.26,NOTKM,363136779.0,27928.0,5402,122580,1604081880.0,2026,3,5
2026-03-05,NVM6,NOTKM-6.26,NOTKM,32723854.0,2494.0,651,29904,393716064.0,2026,3,5
2026-03-05,NVU6,NOTKM-9.26,NOTKM,14367.0,1.0,1,2,28246.0,2026,3,5
2026-03-05,OGH6,OGI-3.26,OGI,2231674.0,301.0,86,1434,10687602.0,2026,3,5
2026-03-05,OGM6,OGI-6.26,OGI,257959.0,33.0,25,362,2831202.0,2026,3,5
2026-03-05,OJK6,ORANGE-5.26,ORANGE,32855392.26,2196.0,979,3458,51480560.04,2026,3,5
2026-03-05,OJN6,ORANGE-7.26,ORANGE,873601.22,58.0,52,120,1783670.4,2026,3,5
2026-03-05,ONH6,OZON-3.26,OZON,19280716.0,4154.0,741,22490,104241150.0,2026,3,5
2026-03-05,ONM6,OZON-6.26,OZON,14928603.0,3099.0,403,15532,74957432.0,2026,3,5
2026-03-05,PDH6,PLD-3.26,PLD,2083779417.38,15883.0,7381,39270,5085151625.4,2026,3,5
2026-03-05,PDM6,PLD-6.26,PLD,469450672.5,3475.0,1546,17326,2304663110.86,2026,3,5
2026-03-05,PDU6,PLD-9.26,PLD,20887226.92,148.0,130,904,126013595.28,2026,3,5
2026-03-05,PDZ6,PLD-12.26,PLD,3522026.32,24.0,22,380,54967570.0,2026,3,5
2026-03-05,PHH6,PHOR-3.26,PHOR,46167662.0,6476.0,1260,20850,148994100.0,2026,3,5
2026-03-05,PHM6,PHOR-6.26,PHOR,18349154.0,2489.0,717,10864,80122000.0,2026,3,5
2026-03-05,PIH6,PIKK-3.26,PIKK,77064561.0,16355.0,2478,59908,282406312.0,2026,3,5
2026-03-05,PIM6,PIKK-6.26,PIKK,2860405.0,585.0,69,14686,71814540.0,2026,3,5
2026-03-05,PSH6,POSI-3.26,POSI,23832028.0,19646.0,525,111254,135284864.0,2026,3,5
2026-03-05,PSM6,POSI-6.26,POSI,513690.0,406.0,48,6612,8357568.0,2026,3,5
2026-03-05,PTH6,PLT-3.26,PLT,6921797098.46,40662.0,15793,51016,8556677475.92,2026,3,5
2026-03-05,PTM6,PLT-6.26,PLT,334591421.86,1901.0,1171,12318,2129415985.86,2026,3,5
2026-03-05,PTU6,PLT-9.26,PLT,14402496.41,79.0,79,668,119384211.84,2026,3,5
2026-03-05,PTZ6,PLT-12.26,PLT,6199231.6,33.0,33,350,64396111.5,2026,3,5
2026-03-05,PXH6,PLZLM-3.26,PLZLM,116182079.0,4646.0,1655,43414,1081963708.0,2026,3,5
2026-03-05,PXM6,PLZLM-6.26,PLZLM,4534719.0,177.0,131,4470,113949240.0,2026,3,5
2026-03-05,R2H6,R2000-3.26,R2000,1449869.27,71.0,21,2114,42943288.64,2026,3,5
2026-03-05,R2M6,R2000-6.26,R2000,104540.02,5.0,5,738,15251227.56,2026,3,5
2026-03-05,RAH6,RASP-3.26,RASP,19692862.0,11779.0,284,19440,32464800.0,2026,3,5
2026-03-05,RAM6,RASP-6.26,RASP,2973563.0,1768.0,93,3826,6446810.0,2026,3,5
2026-03-05,RBH7,RGBI-3.27,RGBI,11487915.0,915.0,35,2848,35731008.0,2026,3,5
2026-03-05,RBM6,RGBI-6.26,RGBI,1027458263.0,86000.0,7802,1148770,13720908880.0,2026,3,5
2026-03-05,RBU6,RGBI-9.26,RGBI,97295406.0,8001.0,1214,89528,1086869920.0,2026,3,5
2026-03-05,RBZ6,RGBI-12.26,RGBI,27079567.0,2190.0,199,45456,561336144.0,2026,3,5
2026-03-05,RDH6,RENI-3.26,RENI,4608523.0,490.0,119,15138,142433442.0,2026,3,5
2026-03-05,RDM6,RENI-6.26,RENI,313366.0,32.0,16,3480,34131840.0,2026,3,5
2026-03-05,RGBIF,RGBIF,RGBIF,61127106.0,5194.0,721,116418,1369890606.0,2026,3,5
2026-03-05,RIH6,RTS-3.26,RTS,9079891765.92,50932.0,24875,55344,9804903537.6,2026,3,5
2026-03-05,RIH7,RTS-3.27,RTS,1622426.86,9.0,8,34,6125091.84,2026,3,5
2026-03-05,RIM6,RTS-6.26,RTS,312333019.75,1741.0,1260,5054,903600869.5,2026,3,5
2026-03-05,RIU6,RTS-9.26,RTS,5531786.11,31.0,27,370,65822219.3,2026,3,5
2026-03-05,RIZ6,RTS-12.26,RTS,357985.09,2.0,2,66,11779448.34,2026,3,5
2026-03-05,RLH6,RUAL-3.26,RUAL,141068357.0,33189.0,2963,106836,457899096.0,2026,3,5
2026-03-05,RLM6,RUAL-6.26,RUAL,19504331.0,4426.0,866,19166,85154538.0,2026,3,5
2026-03-05,RMH6,RTSM-3.26,RTSM,271159248.23,15211.0,4243,17736,314105269.44,2026,3,5
2026-03-05,RMM6,RTSM-6.26,RTSM,5807171.1,324.0,200,2090,37308130.2,2026,3,5
2026-03-05,RNH6,ROSN-3.26,ROSN,529039089.0,11862.0,4721,61846,2764825430.0,2026,3,5
2026-03-05,RNM6,ROSN-6.26,ROSN,81225138.0,1758.0,925,6098,282434968.0,2026,3,5
2026-03-05,RNU6,ROSN-9.26,ROSN,4499742.0,96.0,79,538,25425342.0,2026,3,5
2026-03-05,RQH6,RTKMP-3.26,RTKMP,3754195.0,614.0,73,3656,22371064.0,2026,3,5
2026-03-05,RQM6,RTKMP-6.26,RTKMP,4695243.0,737.0,82,3848,24515608.0,2026,3,5
2026-03-05,RTH6,RTKM-3.26,RTKM,39426847.0,6389.0,1069,36910,225963020.0,2026,3,5
2026-03-05,RTM6,RTKM-6.26,RTKM,6514999.0,1017.0,287,5436,34567524.0,2026,3,5
2026-03-05,RUH6,RNFT-3.26,RNFT,75164913.0,53711.0,1755,144800,203009600.0,2026,3,5
2026-03-05,RUM6,RNFT-6.26,RNFT,3135832.0,2208.0,328,33568,47666560.0,2026,3,5
2026-03-05,S0H6,SOFL-3.26,SOFL,12234582.0,15460.0,329,115298,90854824.0,2026,3,5
2026-03-05,S0M6,SOFL-6.26,SOFL,2190582.0,2659.0,170,16230,13292370.0,2026,3,5
2026-03-05,S1H6,SILVM-3.26,SILVM,6073619279.57,921652.0,117005,338682,2207766353.4,2026,3,5
2026-03-05,S1M6,SILVM-6.26,SILVM,245917601.34,36314.0,13815,35786,239601942.26,2026,3,5
2026-03-05,S1U6,SILVM-9.26,SILVM,42672865.98,6129.0,3370,11648,80173999.36,2026,3,5
2026-03-05,S1Z6,SILVM-12.26,SILVM,11549318.79,1609.0,749,8494,60005608.18,2026,3,5
2026-03-05,SAK6,SUGR-5.26,SUGR,7081245.68,281.0,106,2146,54290366.4,2026,3,5
2026-03-05,SAN6,SUGR-7.26,SUGR,838525.12,32.0,25,62,1638421.92,2026,3,5
2026-03-05,SBERF,SBERF,SBERF,398603030.0,12679.0,2032,159620,5034734040.0,2026,3,5
2026-03-05,SCH6,SVCB-3.26,SVCB,62038401.0,45312.0,1280,641232,881052768.0,2026,3,5
2026-03-05,SCM6,SVCB-6.26,SVCB,16659317.0,11716.0,456,136122,194246094.0,2026,3,5
2026-03-05,SCU6,SVCB-9.26,SVCB,1503.0,1.0,1,2,2872.0,2026,3,5
2026-03-05,SDH6,SAUDI-3.26,SAUDI,1796542.85,606.0,63,1406,4146757.98,2026,3,5
2026-03-05,SDM6,SAUDI-6.26,SAUDI,209614.98,69.0,26,2430,7339766.4,2026,3,5
2026-03-05,SEH6,SPBE-3.26,SPBE,16904712.0,6990.0,674,96650,233506400.0,2026,3,5
2026-03-05,SEM6,SPBE-6.26,SPBE,1286430.0,511.0,38,14534,36625680.0,2026,3,5
2026-03-05,SFH6,SPYF-3.26,SPYF,3632453055.92,68333.0,17372,363962,19308595377.06,2026,3,5
2026-03-05,SFM6,SPYF-6.26,SPYF,415506297.58,7828.0,3337,40984,2166620799.36,2026,3,5
2026-03-05,SFU6,SPYF-9.26,SPYF,15319901.9,289.0,211,4288,226460643.2,2026,3,5
2026-03-05,SFZ6,SPYF-12.26,SPYF,3246121.24,61.0,58,1368,72573945.84,2026,3,5
2026-03-05,SGH6,SNGP-3.26,SNGP,131392170.0,2815.0,1227,15048,706864752.0,2026,3,5
2026-03-05,SGM6,SNGP-6.26,SNGP,18092037.0,374.0,242,5906,287120190.0,2026,3,5
2026-03-05,SGU6,SNGP-9.26,SNGP,45400.0,1.0,1,2,86406.0,2026,3,5
2026-03-05,SHH6,SFIN-3.26,SFIN,6048797.2,7127.0,381,157988,133531457.6,2026,3,5
2026-03-05,SHM6,SFIN-6.26,SFIN,749715.0,1004.0,62,42168,31271788.8,2026,3,5
2026-03-05,SiH6,Si-3.26,Si,94645652532.0,1205045.0,302249,7695796,609137644992.0,2026,3,5
2026-03-05,SiH7,Si-3.27,Si,3143965.0,36.0,25,1088,96145472.0,2026,3,5
2026-03-05,SiM6,Si-6.26,Si,31216240578.0,390765.0,103460,3975336,319668693768.0,2026,3,5
2026-03-05,SiM7,Si-6.27,Si,8553971.0,95.0,53,1240,111829400.0,2026,3,5
2026-03-05,SiU6,Si-9.26,Si,2720831717.0,33163.0,4498,224252,18560441032.0,2026,3,5
2026-03-05,SiZ6,Si-12.26,Si,48013747.0,564.0,356,9516,816206352.0,2026,3,5
2026-03-05,SNH6,SNGR-3.26,SNGR,88068077.0,3896.0,1354,23454,531373824.0,2026,3,5
2026-03-05,SNM6,SNGR-6.26,SNGR,9564549.0,408.0,322,3826,90102300.0,2026,3,5
2026-03-05,SOH6,SIBN-3.26,SIBN,36110915.0,6829.0,738,25014,132599214.0,2026,3,5
2026-03-05,SOM6,SIBN-6.26,SIBN,10142528.0,1846.0,452,4788,26372304.0,2026,3,5
2026-03-05,SPH6,SBPR-3.26,SBPR,131138194.0,4147.0,1368,15770,499987850.0,2026,3,5
2026-03-05,SPM6,SBPR-6.26,SBPR,13842357.0,424.0,196,1938,63688494.0,2026,3,5
2026-03-05,SPU6,SBPR-9.26,SBPR,782144.0,25.0,11,576,18107712.0,2026,3,5
2026-03-05,SPZ6,SBPR-12.26,SBPR,292493.0,9.0,3,326,10595326.0,2026,3,5
2026-03-05,SQH6,SOXQ-3.26,SOXQ,7777892.88,1609.0,244,23084,112790501.56,2026,3,5
2026-03-05,SQM6,SOXQ-6.26,SOXQ,1363548.8,278.0,201,4444,22071703.72,2026,3,5
2026-03-05,SRH6,SBRF-3.26,SBRF,3281272659.0,103859.0,27486,577458,18325629630.0,2026,3,5
2026-03-05,SRM6,SBRF-6.26,SBRF,110200625.0,3370.0,1775,62400,2050152000.0,2026,3,5
2026-03-05,SRU6,SBRF-9.26,SBRF,9984402.0,320.0,121,10896,340456416.0,2026,3,5
2026-03-05,SRZ6,SBRF-12.26,SBRF,486352.0,15.0,6,1126,36571354.0,2026,3,5
2026-03-05,SSH6,SMLT-3.26,SMLT,19292923.0,22949.0,1670,719962,604768080.0,2026,3,5
2026-03-05,SSM6,SMLT-6.26,SMLT,6300550.0,7219.0,2272,167154,145423980.0,2026,3,5
2026-03-05,SuH6,SUGAR-3.26,SUGAR,102059.0,19.0,14,292,1573296.0,2026,3,5
2026-03-05,SuJ6,SUGAR-4.26,SUGAR,15637.0,3.0,3,94,488236.0,2026,3,5
2026-03-05,SVH6,SILV-3.26,SILV,88677851528.72,1345266.0,244246,838700,54665778266.0,2026,3,5
2026-03-05,SVM6,SILV-6.26,SILV,5238977145.06,77357.0,30983,152452,10204902103.92,2026,3,5
2026-03-05,SVU6,SILV-9.26,SILV,230164111.93,3318.0,2523,6420,441290448.6,2026,3,5
2026-03-05,SVZ6,SILV-12.26,SILV,54721498.62,768.0,616,4348,306075112.08,2026,3,5
2026-03-05,SXH6,STOX-3.26,STOX,1074109.93,200.0,50,6760,36157279.6,2026,3,5
2026-03-05,SXM6,STOX-6.26,STOX,177027.39,33.0,13,782,4164236.02,2026,3,5
2026-03-05,SZH6,SGZH-3.26,SGZH,11157720.0,8913.0,420,71858,88600914.0,2026,3,5
2026-03-05,SZM6,SGZH-6.26,SGZH,3430816.0,2682.0,148,15194,19402738.0,2026,3,5
2026-03-05,TBH6,T-3.26,T,195692775.0,57163.0,2921,369304,1268189936.0,2026,3,5
2026-03-05,TBM6,T-6.26,T,24868629.0,7025.0,519,79918,283948654.0,2026,3,5
2026-03-05,TCM6,TENCENT-6.26,TENCENT,53134.81,1.0,1,24,1232214.96,2026,3,5
2026-03-05,TLH6,TLT-3.26,TLT,11388514.8,164.0,17,1668,115644224.76,2026,3,5
2026-03-05,TLM6,TLT-6.26,TLT,841840.44,12.0,8,1724,120416452.12,2026,3,5
2026-03-05,TNH6,TRNF-3.26,TRNF,13927892.0,9705.0,296,109414,156899676.0,2026,3,5
2026-03-05,TNM6,TRNF-6.26,TRNF,339475.0,228.0,42,20898,31096224.0,2026,3,5
2026-03-05,TPH6,TATP-3.26,TATP,9086604.0,1568.0,407,11874,69700380.0,2026,3,5
2026-03-05,TPM6,TATP-6.26,TATP,663017.0,112.0,60,1440,8585280.0,2026,3,5
2026-03-05,TTH6,TATN-3.26,TATN,256093703.0,4124.0,1986,14982,940180428.0,2026,3,5
2026-03-05,TTM6,TATN-6.26,TATN,29391552.0,470.0,219,1152,72806400.0,2026,3,5
2026-03-05,TYH6,TRY-3.26,TRY,3496.0,2.0,2,1878,3282744.0,2026,3,5
2026-03-05,TYM6,TRY-6.26,TRY,42625.0,25.0,12,906,1551072.0,2026,3,5
2026-03-05,UCH6,UCNY-3.26,UCNY,1826566247.0,23229.0,3222,95264,7507246177.6,2026,3,5
2026-03-05,UCM6,UCNY-6.26,UCNY,591046810.74,7538.0,2025,24502,1924438044.16,2026,3,5
2026-03-05,UCU6,UCNY-9.26,UCNY,394959.35,5.0,3,70,5533106.6,2026,3,5
2026-03-05,UNH6,UPRO-3.26,UPRO,6718151.0,424.0,116,7954,126094762.0,2026,3,5
2026-03-05,UNM6,UPRO-6.26,UPRO,1805811.0,109.0,38,1174,19362782.0,2026,3,5
2026-03-05,UNU6,UPRO-9.26,UPRO,32717.0,2.0,2,2,33990.0,2026,3,5
2026-03-05,USDRUBF,USDRUBF,USDRUBTOM,15939811630.0,202970.0,25175,1453918,113681848420.0,2026,3,5
2026-03-05,VBH6,VTBR-3.26,VTBR,1556561401.0,181997.0,23920,1008074,8752098468.0,2026,3,5
2026-03-05,VBM6,VTBR-6.26,VTBR,429907171.0,48442.0,7588,299562,2702049240.0,2026,3,5
2026-03-05,VIH6,RVI-3.26,RVI,446230.4,103.0,59,374,1579125.24,2026,3,5
2026-03-05,VIJ6,RVI-4.26,RVI,17874.25,4.0,3,70,307052.2,2026,3,5
2026-03-05,VKH6,VKCO-3.26,VKCO,68153914.0,22325.0,2704,134618,410988754.0,2026,3,5
2026-03-05,VKM6,VKCO-6.26,VKCO,29396639.0,9224.0,966,49572,157688532.0,2026,3,5
2026-03-05,W4F7,WHEAT-1.27,WHEAT,1307330.0,73.0,32,58,1039360.0,2026,3,5
2026-03-05,W4H6,WHEAT-3.26,WHEAT,702090.0,43.0,20,3742,60994600.0,2026,3,5
2026-03-05,W4J6,WHEAT-4.26,WHEAT,2240290.0,135.0,32,720,11836800.0,2026,3,5
2026-03-05,W4K6,WHEAT-5.26,WHEAT,1063590.0,64.0,56,1040,17180800.0,2026,3,5
2026-03-05,W4M6,WHEAT-6.26,WHEAT,879980.0,53.0,53,1814,30184960.0,2026,3,5
2026-03-05,W4N6,WHEAT-7.26,WHEAT,50570.0,3.0,3,348,5867280.0,2026,3,5
2026-03-05,W4V6,WHEAT-10.26,WHEAT,99240.0,6.0,6,34,571540.0,2026,3,5
2026-03-05,WUH6,WUSH-3.26,WUSH,24225740.0,23783.0,1136,307812,312429180.0,2026,3,5
2026-03-05,WUM6,WUSH-6.26,WUSH,2661400.0,2525.0,252,22130,23325020.0,2026,3,5
2026-03-05,X5H6,X5-3.26,X5,93434910.0,38559.0,2005,643694,1559026868.0,2026,3,5
2026-03-05,X5M6,X5-6.26,X5,44477083.0,17621.0,1093,172748,435670456.0,2026,3,5
2026-03-05,XIH6,XIA-3.26,XIA,427311.68,13.0,12,1584,51996732.48,2026,3,5
2026-03-05,XIM6,XIA-6.26,XIA,710320.16,21.0,18,282,9629758.56,2026,3,5
2026-03-05,YDH6,YDEX-3.26,YDEX,226472337.0,49187.0,4892,344238,1582462086.0,2026,3,5
2026-03-05,YDM6,YDEX-6.26,YDEX,55831728.0,11804.0,1139,87118,410412898.0,2026,3,5
2026-03-05,ZCH6,ZINC-3.26,ZINC,2139583.44,83.0,60,5542,141373593.58,2026,3,5
2026-03-05,ZCM6,ZINC-6.26,ZINC,635254.67,24.0,14,1338,35047103.7,2026,3,5
